episode,step,agent_id,true_dist_x,true_dist_y,eso_dist_x,eso_dist_y
1,0,0,0.0,-0.0,0.0,0.0
1,0,1,0.0,-0.0,0.0,0.0
1,1,0,3.0,-3.0,-0.03544665673301076,-0.03544699597212371
1,1,1,3.0,-3.0,-0.03544665673301945,-0.035446995972119366
1,2,0,3.0,-3.0,0.11747049387715952,0.11747362975881716
1,2,1,3.0,-3.0,0.11747049387716815,0.1174736297588432
1,3,0,3.0,-3.0,0.41868032157904245,-4.2035877600404836e-05
1,3,1,3.0,-3.0,0.4186803215790338,-4.2035877543949995e-05
1,4,0,3.0,-3.0,0.7016859472575602,-0.5356934237915119
1,4,1,3.0,-3.0,0.7016859472575615,-0.5356934237914859
1,5,0,3.0,-3.0,0.9931954720911177,-1.245133310732458
1,5,1,3.0,-3.0,0.9931954720911547,-1.2451333107324711
1,6,0,3.0,-3.0,1.309739598025813,-1.8858403441220624
1,6,1,3.0,-3.0,1.3097395980258288,-1.8858403441220712
1,7,0,3.0,-3.0,1.636006592599292,-2.3698757061345117
1,7,1,3.0,-3.0,1.636006592599285,-2.3698757061344904
1,8,0,3.0,-3.0,1.9494226214008175,-2.7045620857457218
1,8,1,3.0,-3.0,1.9494226214007702,-2.7045620857457218
1,9,0,3.0,-3.0,2.232918099737656,-2.92848788958968
1,9,1,3.0,-3.0,2.232918099737598,-2.92848788958968
1,10,0,3.0,-3.0,2.4769356259359245,-3.0764486480791566
1,10,1,3.0,-3.0,2.4769356259358735,-3.076448648079131
1,11,0,3.0,-3.0,2.6588352278569607,-3.1701115760304703
1,11,1,3.0,-3.0,2.65883522785694,-3.170111576030457
1,12,0,3.0,-3.0,2.7759622885237754,-3.223203393406449
1,12,1,3.0,-3.0,2.7759622885237984,-3.223203393406488
1,13,0,3.0,-3.0,2.8445419977200155,-3.246875927848629
1,13,1,3.0,-3.0,2.8445419977200386,-3.246875927848685
1,14,0,3.0,-3.0,2.8811094582778978,-3.2510515898178234
1,14,1,3.0,-3.0,2.881109458277903,-3.2510515898178407
1,15,0,3.0,-3.0,2.8973860454794376,-3.2438611579611365
1,15,1,3.0,-3.0,2.8973860454794598,-3.243861157961115
1,16,0,3.0,-3.0,2.9008676317190125,-3.231180490777337
1,16,1,3.0,-3.0,2.9008676317190263,-3.231180490777351
1,17,0,3.0,-3.0,2.8966642759341608,-3.2168295246774012
1,17,1,3.0,-3.0,2.8966642759342003,-3.2168295246774234
1,18,0,3.0,-3.0,2.8884438423504695,-3.2030349478614872
1,18,1,3.0,-3.0,2.8884438423505574,-3.203034947861509
1,19,0,3.0,-3.0,2.878781856887405,-3.190979711771649
1,19,1,3.0,-3.0,2.8787818568874926,-3.1909797117716625
1,20,0,3.0,-3.0,2.869316034087669,-3.1811133530753617
1,20,1,3.0,-3.0,2.869316034087739,-3.1811133530753617
1,21,0,3.0,-3.0,2.8609698216207926,-3.1734878145760317
1,21,1,3.0,-3.0,2.8609698216208237,-3.1734878145760708
1,22,0,3.0,-3.0,2.8541204523479142,-3.1679169446662003
1,22,1,3.0,-3.0,2.8541204523479142,-3.167916944666283
1,23,0,3.0,-3.0,2.848816880833874,-3.1640223796869624
1,23,1,3.0,-3.0,2.8488168808338736,-3.1640223796869975
1,24,0,3.0,-3.0,2.8448933734595374,-3.1614901532707798
1,24,1,3.0,-3.0,2.8448933734595068,-3.1614901532706976
1,25,0,3.0,-3.0,2.8421753324167596,-3.1599615695961902
1,25,1,3.0,-3.0,2.842175332416734,-3.1599615695960774
1,26,0,3.0,-3.0,2.8404065556069407,-3.1591790161660636
1,26,1,3.0,-3.0,2.8404065556069322,-3.1591790161659987
1,27,0,3.0,-3.0,2.839345510259966,-3.158857870162076
1,27,1,3.0,-3.0,2.8393455102600185,-3.1588578701620893
1,28,0,3.0,-3.0,2.83877270763008,-3.158828272638425
1,28,1,3.0,-3.0,2.838772707630141,-3.1588282726384946
1,29,0,3.0,-3.0,2.838560850251954,-3.158976503982085
1,29,1,3.0,-3.0,2.8385608502519193,-3.1589765039821414
1,30,0,3.0,-3.0,2.8385673655472763,-3.159208207849128
1,30,1,3.0,-3.0,2.838567365547198,-3.1592082078491495
1,31,0,3.0,-3.0,2.8386894278500163,-3.159459419263536
1,31,1,3.0,-3.0,2.8386894278499124,-3.159459419263523
1,32,0,3.0,-3.0,2.838870053990285,-3.159686315572463
1,32,1,3.0,-3.0,2.8388700539902505,-3.159686315572424
1,33,0,3.0,-3.0,2.8390609188093916,-3.159896380173784
1,33,1,3.0,-3.0,2.8390609188094267,-3.159896380173723
1,34,0,3.0,-3.0,2.839259306823549,-3.1600475830066914
1,34,1,3.0,-3.0,2.8392593068236107,-3.160047583006665
1,35,0,3.0,-3.0,2.8394065255629584,-3.16015838892536
1,35,1,3.0,-3.0,2.8394065255629943,-3.160158388925334
1,36,0,3.0,-3.0,2.839532793198307,-3.1602310570685166
1,36,1,3.0,-3.0,2.8395327931983,-3.160231057068487
1,37,0,3.0,-3.0,2.839641004341165,-3.160264114410806
1,37,1,3.0,-3.0,2.839641004341114,-3.1602641144107975
1,38,0,3.0,-3.0,2.839728334213151,-3.160276880743714
1,38,1,3.0,-3.0,2.8397283342131345,-3.160276880743723
1,39,0,3.0,-3.0,2.8397948981849597,-3.160278936159802
1,39,1,3.0,-3.0,2.839794898184961,-3.160278936159837
1,40,0,3.0,-3.0,2.8398434437522284,-3.1602750400229915
1,40,1,3.0,-3.0,2.839843443752203,-3.1602750400230444
1,41,0,3.0,-3.0,2.8398696091402673,-3.1602615682478468
1,41,1,3.0,-3.0,2.839869609140233,-3.1602615682478907
1,42,0,3.0,-3.0,2.839941365913588,-3.1602641761071264
1,42,1,3.0,-3.0,2.8399413659129027,-3.1602641761072747
1,43,0,3.0,-3.0,2.839965310640209,-3.1602247438701543
1,43,1,3.0,-3.0,2.839965310643648,-3.1602247438696347
1,44,0,3.0,-3.0,2.839919067255198,-3.1601947354048465
1,44,1,3.0,-3.0,2.8399190672543995,-3.1601947354051427
1,45,0,3.0,-3.0,2.8398926441765964,-3.160184719983256
1,45,1,3.0,-3.0,2.8398926441666794,-3.1601847199720634
1,46,0,3.0,-3.0,2.8399750275833537,-3.1601826625122205
1,46,1,3.0,-3.0,2.8399750276948375,-3.160182662455594
1,47,0,3.0,-3.0,2.8399436124381987,-3.1601677252058162
1,47,1,3.0,-3.0,2.839943612042519,-3.1601677257792646
1,48,0,3.0,-3.0,2.8399751374764746,-3.160110171577948
1,48,1,3.0,-3.0,2.8399751374785067,-3.1601101714860658
1,49,0,3.0,-3.0,2.8400245112897258,-3.1600579219430607
1,49,1,3.0,-3.0,2.8400245115496165,-3.16005792149831
1,50,0,3.0,-3.0,2.8400525798343157,-3.1600504665170104
1,50,1,3.0,-3.0,2.840052580081771,-3.160050466125206
1,51,0,3.0,-3.0,2.840074180029726,-3.160036957357229
1,51,1,3.0,-3.0,2.8400741801616687,-3.1600369571545417
1,52,0,3.0,-3.0,2.8400895245435636,-3.1600257053287444
1,52,1,3.0,-3.0,2.84008952457975,-3.1600257052782847
1,53,0,3.0,-3.0,2.8401041213535883,-3.1600116622914878
1,53,1,3.0,-3.0,2.8401041213439853,-3.1600116623141026
1,54,0,3.0,-3.0,2.8401136205231845,-3.1600131518837107
1,54,1,3.0,-3.0,2.840113620496873,-3.1600131519335752
1,55,0,3.0,-3.0,2.840131906137833,-3.1599956513868714
1,55,1,3.0,-3.0,2.840131906106945,-3.1599956514403837
1,56,0,3.0,-3.0,2.840154043492,-3.1599638518679045
1,56,1,3.0,-3.0,2.8401540434617023,-3.1599638519177002
1,57,0,3.0,-3.0,2.8401712864643454,-3.1599397763361994
1,57,1,3.0,-3.0,2.840171286436905,-3.159939776380411
1,58,0,3.0,-3.0,2.8401883398938237,-3.1599185443278524
1,58,1,3.0,-3.0,2.8401883398705516,-3.1599185443654214
1,59,0,3.0,-3.0,2.840203044180174,-3.1599019075500827
1,59,1,3.0,-3.0,2.840203044161661,-3.1599019075803048
1,60,0,3.0,-3.0,2.8402395048028595,-3.1598671026290366
1,60,1,3.0,-3.0,2.8402395047893045,-3.1598671026518423
1,61,0,3.0,-3.0,2.8402590107761108,-3.159851524983966
1,61,1,3.0,-3.0,2.840259010766802,-3.159851525000146
1,62,0,3.0,-3.0,2.840271353623395,-3.159841695056387
1,62,1,3.0,-3.0,2.840271353617282,-3.1598416950672354
1,63,0,3.0,-3.0,2.840286222170682,-3.1598295676705757
1,63,1,3.0,-3.0,2.84028622216687,-3.1598295676773516
1,64,0,3.0,-3.0,2.840301066243124,-3.159814517803684
1,64,1,3.0,-3.0,2.8403010662409276,-3.159814517807464
1,65,0,3.0,-3.0,2.8403174378193268,-3.1597969377277586
1,65,1,3.0,-3.0,2.840317437818242,-3.159796937729437
1,66,0,3.0,-3.0,2.840334958546638,-3.1597777226791193
1,66,1,3.0,-3.0,2.8403349585463427,-3.1597777226795123
1,67,0,3.0,-3.0,2.840353951055568,-3.159758049851898
1,67,1,3.0,-3.0,2.840353951055837,-3.1597580498515785
1,68,0,3.0,-3.0,2.840374106575533,-3.159738005513572
1,68,1,3.0,-3.0,2.8403741065760886,-3.1597380055128705
1,69,0,3.0,-3.0,2.8403951772515468,-3.159715710311365
1,69,1,3.0,-3.0,2.8403951772521894,-3.159715710310481
1,70,0,3.0,-3.0,2.840415854594269,-3.1596957203784304
1,70,1,3.0,-3.0,2.840415854594885,-3.1596957203775378
1,71,0,3.0,-3.0,2.8404338090855874,-3.1596827248656956
1,71,1,3.0,-3.0,2.8404338090861083,-3.1596827248648984
1,72,0,3.0,-3.0,2.840452878217594,-3.159665517416767
1,72,1,3.0,-3.0,2.8404528782179415,-3.1596655174161694
1,73,0,3.0,-3.0,2.8404745966317533,-3.1596423367343944
1,73,1,3.0,-3.0,2.840474596631944,-3.159642336733979
1,74,0,3.0,-3.0,2.840489849211507,-3.1596225175698427
1,74,1,3.0,-3.0,2.8404898492116453,-3.1596225175695403
1,75,0,3.0,-3.0,2.8405154831554515,-3.159592721275487
1,75,1,3.0,-3.0,2.8405154831554857,-3.1595927212753234
1,76,0,3.0,-3.0,2.840539572516629,-3.1595701670206284
1,76,1,3.0,-3.0,2.8405395725165943,-3.159570167020552
1,77,0,3.0,-3.0,2.840562786017485,-3.1595518472930118
1,77,1,3.0,-3.0,2.840562786017407,-3.1595518472929265
1,78,0,3.0,-3.0,2.840568974202217,-3.1595430797999073
1,78,1,3.0,-3.0,2.8405689742021476,-3.1595430797998048
1,79,0,3.0,-3.0,2.8405910152414426,-3.1595226088383073
1,79,1,3.0,-3.0,2.840591015241443,-3.1595226088382047
1,80,0,3.0,-3.0,2.840614592114712,-3.1595019673015923
1,80,1,3.0,-3.0,2.840614592114695,-3.159501967301533
1,81,0,3.0,-3.0,2.8406418258609687,-3.1594787603291796
1,81,1,3.0,-3.0,2.8406418258609603,-3.1594787603291903
1,82,0,3.0,-3.0,2.840679046227189,-3.159445098241659
1,82,1,3.0,-3.0,2.8406790462272147,-3.159445098241757
1,83,0,3.0,-3.0,2.840690982395755,-3.159436672218142
1,83,1,3.0,-3.0,2.8406909823958153,-3.1594366722182743
1,84,0,3.0,-3.0,2.840708284141054,-3.159419865263481
1,84,1,3.0,-3.0,2.840708284141071,-3.159419865263639
1,85,0,3.0,-3.0,2.8407321882687446,-3.1593959142022223
1,85,1,3.0,-3.0,2.8407321882687353,-3.1593959142023285
1,86,0,3.0,-3.0,2.840757272224275,-3.1593694076972563
1,86,1,3.0,-3.0,2.8407572722242924,-3.159369407697302
1,87,0,3.0,-3.0,2.8407738603157453,-3.159346829902535
1,87,1,3.0,-3.0,2.8407738603157715,-3.159346829902563
1,88,0,3.0,-3.0,2.840815946527581,-3.159327722577025
1,88,1,3.0,-3.0,2.840815946527598,-3.159327722577062
1,89,0,3.0,-3.0,2.840864402218778,-3.1593164846184867
1,89,1,3.0,-3.0,2.840864402218787,-3.159316484618515
1,90,0,3.0,-3.0,2.8408380400510773,-3.1592732699961137
1,90,1,3.0,-3.0,2.840838040051086,-3.1592732699961683
1,91,0,3.0,-3.0,2.8408662268967997,-3.159264938242403
1,91,1,3.0,-3.0,2.8408662268967304,-3.1592649382424574
1,92,0,3.0,-3.0,2.8408507049541054,-3.159231146874067
1,92,1,3.0,-3.0,2.8408507049539495,-3.159231146874095
1,93,0,3.0,-3.0,2.840827859334945,-3.159220172252151
1,93,1,3.0,-3.0,2.840827859334789,-3.1592201722521702
1,94,0,3.0,-3.0,2.840852489758958,-3.15920962022203
1,94,1,3.0,-3.0,2.840852489758828,-3.159209620222006
1,95,0,3.0,-3.0,2.8408993158747435,-3.15919074029244
1,95,1,3.0,-3.0,2.8408993158747,-3.1591907402924506
1,96,0,3.0,-3.0,2.8409394112276467,-3.1591618702848465
1,96,1,3.0,-3.0,2.8409394112276205,-3.1591618702849003
1,97,0,3.0,-3.0,2.8410270039560896,-3.159182614615092
1,97,1,3.0,-3.0,2.841027003956116,-3.1591826146152067
1,98,0,3.0,-3.0,2.8410192439896385,-3.1591194943593797
1,98,1,3.0,-3.0,2.8410192439896473,-3.1591194943594596
1,99,0,3.0,-3.0,2.8410049836628706,-3.1590745761271406
1,99,1,3.0,-3.0,2.841004983662897,-3.15907457612716
1,100,0,3.0,-3.0,2.8410294987791973,-3.1590604809704828
1,100,1,3.0,-3.0,2.8410294987791898,-3.1590604809705196
1,101,0,3.0,-3.0,2.841056849017549,-3.159042643958248
1,101,1,3.0,-3.0,2.8410568490174715,-3.159042643958294
1,102,0,3.0,-3.0,2.841086758591816,-3.159026823400529
1,102,1,3.0,-3.0,2.8410867585917554,-3.159026823400645
1,103,0,3.0,-3.0,2.841117642256248,-3.1590051427722527
1,103,1,3.0,-3.0,2.8411176422562394,-3.159005142772386
1,104,0,3.0,-3.0,2.841146862882495,-3.1589873885151203
1,104,1,3.0,-3.0,2.8411468628824346,-3.158987388515167
1,105,0,3.0,-3.0,2.8411697738663486,-3.1589714980311836
1,105,1,3.0,-3.0,2.8411697738662363,-3.158971498031143
1,106,0,3.0,-3.0,2.8411972139549975,-3.158948555533187
1,106,1,3.0,-3.0,2.8411972139549198,-3.1589485555330774
1,107,0,3.0,-3.0,2.8412166084099884,-3.1589288154959707
1,107,1,3.0,-3.0,2.841216608409945,-3.158928815495947
1,108,0,3.0,-3.0,2.841234144791363,-3.1589081988398364
1,108,1,3.0,-3.0,2.841234144791302,-3.158908198839935
1,109,0,3.0,-3.0,2.8412536068863044,-3.158886305409691
1,109,1,3.0,-3.0,2.841253606886261,-3.1588863054098075
1,110,0,3.0,-3.0,2.8412716998768976,-3.1588670243453993
1,110,1,3.0,-3.0,2.8412716998769234,-3.158867024345464
1,111,0,3.0,-3.0,2.84129991534642,-3.158832842421884
1,111,1,3.0,-3.0,2.8412999153464806,-3.158832842421879
1,112,0,3.0,-3.0,2.8413115924504893,-3.158823553721691
1,112,1,3.0,-3.0,2.841311592450568,-3.1588235537217026
1,113,0,3.0,-3.0,2.8413234485596477,-3.1588129337645836
1,113,1,3.0,-3.0,2.8413234485597085,-3.1588129337646302
1,114,0,3.0,-3.0,2.841352362404191,-3.1587854155715225
1,114,1,3.0,-3.0,2.841352362404269,-3.1587854155715345
1,115,0,3.0,-3.0,2.841393915016461,-3.158745539354457
1,115,1,3.0,-3.0,2.841393915016521,-3.1587455393544865
1,116,0,3.0,-3.0,2.8414233171239105,-3.1587155346872238
1,116,1,3.0,-3.0,2.84142331712397,-3.1587155346873055
1,117,0,3.0,-3.0,2.8414433403182313,-3.1586940584418017
1,117,1,3.0,-3.0,2.841443340318256,-3.1586940584419185
1,118,0,3.0,-3.0,2.8414614634068043,-3.158676466479104
1,118,1,3.0,-3.0,2.8414614634067417,-3.158676466479203
1,119,0,3.0,-3.0,2.8414843610982126,-3.158653817871421
1,119,1,3.0,-3.0,2.8414843610981153,-3.158653817871503
1,120,0,3.0,-3.0,2.8415099050008146,-3.1586277059612073
1,120,1,3.0,-3.0,2.8415099050007,-3.1586277059612895
1,121,0,3.0,-3.0,2.8415355955282,-3.1586015117374133
1,121,1,3.0,-3.0,2.8415355955281547,-3.1586015117374955
1,122,0,3.0,-3.0,2.8415604846638063,-3.1585776444565425
1,122,1,3.0,-3.0,2.8415604846637956,-3.1585776444565896
1,123,0,3.0,-3.0,2.8415850487543812,-3.158553862708427
1,123,1,3.0,-3.0,2.8415850487543706,-3.158553862708491
1,124,0,3.0,-3.0,2.8416091899792204,-3.1585311608930997
1,124,1,3.0,-3.0,2.8416091899791924,-3.1585311608931637
1,125,0,3.0,-3.0,2.8416333113295824,-3.1585086529614297
1,125,1,3.0,-3.0,2.841633311329554,-3.1585086529614936
1,126,0,3.0,-3.0,2.8416578020560013,-3.1584851812429875
1,126,1,3.0,-3.0,2.841657802055973,-3.158485181243104
1,127,0,3.0,-3.0,2.8416825496253604,-3.1584612665502334
1,127,1,3.0,-3.0,2.8416825496253146,-3.1584612665503147
1,128,0,3.0,-3.0,2.841707130305519,-3.1584377036187363
1,128,1,3.0,-3.0,2.8417071303054904,-3.1584377036187656
1,129,0,3.0,-3.0,2.841732370524364,-3.1584132302044154
1,129,1,3.0,-3.0,2.8417323705243707,-3.158413230204427
1,130,0,3.0,-3.0,2.841756785865095,-3.1583897471780142
1,130,1,3.0,-3.0,2.841756785865119,-3.158389747178043
1,131,0,3.0,-3.0,2.8417844437370365,-3.1583625997107414
1,131,1,3.0,-3.0,2.8417844437370605,-3.1583625997108054
1,132,0,3.0,-3.0,2.8418194347831673,-3.158332305707095
1,132,1,3.0,-3.0,2.8418194347831394,-3.158332305707142
1,133,0,3.0,-3.0,2.841793061779232,-3.158340296374159
1,133,1,3.0,-3.0,2.841793061779221,-3.158340296374172
1,134,0,3.0,-3.0,2.841809685306048,-3.1583242864323218
1,134,1,3.0,-3.0,2.841809685306037,-3.1583242864323346
1,135,0,3.0,-3.0,2.841921016776477,-3.1582423537972484
1,135,1,3.0,-3.0,2.8419210167764657,-3.158242353797348
1,136,0,3.0,-3.0,2.841980844431262,-3.1581950865001756
1,136,1,3.0,-3.0,2.8419808444311814,-3.158195086500292
1,137,0,3.0,-3.0,2.841997288765349,-3.1581848690256953
1,137,1,3.0,-3.0,2.841997288765268,-3.1581848690257948
1,138,0,3.0,-3.0,2.841948981974409,-3.158151585865916
1,138,1,3.0,-3.0,2.841948981974362,-3.158151585865998
1,139,0,3.0,-3.0,2.841981762077467,-3.158187274738144
1,139,1,3.0,-3.0,2.8419817620774377,-3.1581872747382085
1,140,0,3.0,-3.0,2.842033142847963,-3.158170362265445
1,140,1,3.0,-3.0,2.842033142847968,-3.15817036226544
1,141,0,3.0,-3.0,2.8420662451848457,-3.158124789379448
1,141,1,3.0,-3.0,2.842066245184816,-3.1581247893794258
1,142,0,3.0,-3.0,2.8420621807291244,-3.1580858428841125
1,142,1,3.0,-3.0,2.8420621807289734,-3.158085842884229
1,143,0,3.0,-3.0,2.8420835177792174,-3.158057846027278
1,143,1,3.0,-3.0,2.8420835177791184,-3.1580578460274813
1,144,0,3.0,-3.0,2.8421180929996135,-3.1580332514786567
1,144,1,3.0,-3.0,2.842118092999688,-3.15803325147879
1,145,0,3.0,-3.0,2.842154053470804,-3.158006064385462
1,145,1,3.0,-3.0,2.842154053470931,-3.1580060643855603
1,146,0,3.0,-3.0,2.8421908692988245,-3.1579743759642054
1,146,1,3.0,-3.0,2.84219086929883,-3.1579743759643555
1,147,0,3.0,-3.0,2.842219540732663,-3.1579452801520596
1,147,1,3.0,-3.0,2.84221954073253,-3.1579452801522447
1,148,0,3.0,-3.0,2.842240326096432,-3.157920404188055
1,148,1,3.0,-3.0,2.842240326096316,-3.1579204041882396
1,149,0,3.0,-3.0,2.8422796477155288,-3.1578828465367024
1,149,1,3.0,-3.0,2.8422796477154826,-3.157882846536852
1,150,0,3.0,-3.0,2.8423045940596396,-3.157857885541192
1,150,1,3.0,-3.0,2.8423045940595935,-3.157857885541307
1,151,0,3.0,-3.0,2.8423213201760373,-3.1578403787493055
1,151,1,3.0,-3.0,2.842321320176078,-3.1578403787494205
1,152,0,3.0,-3.0,2.8423399870235304,-3.157821476209737
1,152,1,3.0,-3.0,2.842339987023641,-3.157821476209783
1,153,0,3.0,-3.0,2.842364039037169,-3.157798063889243
1,153,1,3.0,-3.0,2.842364039037262,-3.1577980638892016
1,154,0,3.0,-3.0,2.8423922816757456,-3.1577710608724727
1,154,1,3.0,-3.0,2.842392281675769,-3.157771060872397
1,155,0,3.0,-3.0,2.8424226203284726,-3.1577422129889956
1,155,1,3.0,-3.0,2.842422620328444,-3.1577422129889543
1,156,0,3.0,-3.0,2.842453717784264,-3.157712649845177
1,156,1,3.0,-3.0,2.8424537177841835,-3.1577126498451005
1,157,0,3.0,-3.0,2.8424850305711664,-3.157682836100146
1,157,1,3.0,-3.0,2.842485030571138,-3.1576828361000007
1,158,0,3.0,-3.0,2.842516399570032,-3.1576529131602635
1,158,1,3.0,-3.0,2.8425163995699685,-3.1576529131601703
1,159,0,3.0,-3.0,2.8425477737147933,-3.1576229321170577
1,159,1,3.0,-3.0,2.842547773714782,-3.157622932116999
1,160,0,3.0,-3.0,2.8425782509117337,-3.157593952810736
1,160,1,3.0,-3.0,2.8425782509116533,-3.1575939528107293
1,161,0,3.0,-3.0,2.8426139149307867,-3.1575588312464964
1,161,1,3.0,-3.0,2.842613914930655,-3.157558831246472
1,162,0,3.0,-3.0,2.8426447616679265,-3.1575292904287284
1,162,1,3.0,-3.0,2.8426447616678465,-3.1575292904286694
1,163,0,3.0,-3.0,2.84267301583788,-3.1575028206086198
1,163,1,3.0,-3.0,2.8426730158378524,-3.1575028206085953
1,164,0,3.0,-3.0,2.842701656693435,-3.1574759268340116
1,164,1,3.0,-3.0,2.842701656693408,-3.1574759268341253
1,165,0,3.0,-3.0,2.842731734430754,-3.1574473586530103
1,165,1,3.0,-3.0,2.8427317344307097,-3.157447358653245
1,166,0,3.0,-3.0,2.842762995057458,-3.157417413170536
1,166,1,3.0,-3.0,2.8427629950573965,-3.157417413170667
1,167,0,3.0,-3.0,2.842794921599352,-3.1573867103179376
1,167,1,3.0,-3.0,2.84279492159929,-3.1573867103179123
1,168,0,3.0,-3.0,2.8428271925153217,-3.157355642978049
1,168,1,3.0,-3.0,2.842827192515207,-3.1573556429780587
1,169,0,3.0,-3.0,2.8428596924846117,-3.1573243580312194
1,169,1,3.0,-3.0,2.8428596924843927,-3.157324358031299
1,170,0,3.0,-3.0,2.842892400661959,-3.1572928871314194
1,170,1,3.0,-3.0,2.8428924006617753,-3.1572928871315504
1,171,0,3.0,-3.0,2.8429253164220576,-3.1572612355528054
1,171,1,3.0,-3.0,2.8429253164220816,-3.1572612355529186
1,172,0,3.0,-3.0,2.8429584382150295,-3.1572294083631007
1,172,1,3.0,-3.0,2.8429584382150357,-3.157229408363179
1,173,0,3.0,-3.0,2.8429917656911936,-3.1571974085195054
1,173,1,3.0,-3.0,2.8429917656912,-3.15719740851967
1,174,0,3.0,-3.0,2.8430253034435276,-3.1571652326628956
1,174,1,3.0,-3.0,2.8430253034436377,-3.1571652326630257
1,175,0,3.0,-3.0,2.843059060839426,-3.157132871427978
1,175,1,3.0,-3.0,2.8430590608395536,-3.1571328714280384
1,176,0,3.0,-3.0,2.843093049728913,-3.1571003122697783
1,176,1,3.0,-3.0,2.8430930497290055,-3.1571003122698382
1,177,0,3.0,-3.0,2.843127282357421,-3.1570675420556333
1,177,1,3.0,-3.0,2.8431272823574787,-3.1570675420556933
1,178,0,3.0,-3.0,2.8431524835858983,-3.1570428166883544
1,178,1,3.0,-3.0,2.8431524835857473,-3.1570428166884317
1,179,0,3.0,-3.0,2.8432339965202753,-3.1569680295505282
1,179,1,3.0,-3.0,2.8432339965200204,-3.1569680295505362
1,180,0,3.0,-3.0,2.8432618251101465,-3.1569405768509076
1,180,1,3.0,-3.0,2.843261825109978,-3.15694057685095
1,181,0,3.0,-3.0,2.843265163130776,-3.1569354961919216
1,181,1,3.0,-3.0,2.8432651631306776,-3.156935496192051
1,182,0,3.0,-3.0,2.843273252635702,-3.156926323087849
1,182,1,3.0,-3.0,2.84327325263569,-3.15692632308803
1,183,0,3.0,-3.0,2.8432956373965856,-3.1569043018605942
1,183,1,3.0,-3.0,2.8432956373965736,-3.156904301860706
1,184,0,3.0,-3.0,2.843328950648318,-3.1568723847727433
1,184,1,3.0,-3.0,2.843328950648306,-3.1568723847728206
1,185,0,3.0,-3.0,2.8433674804844946,-3.156835712553778
1,185,1,3.0,-3.0,2.843367480484448,-3.1568357125539417
1,186,0,3.0,-3.0,2.843407698117794,-3.156797485587906
1,186,1,3.0,-3.0,2.8434076981177294,-3.156797485588035
1,187,0,3.0,-3.0,2.8434482855618466,-3.1567589126274296
1,187,1,3.0,-3.0,2.8434482855618164,-3.1567589126274895
1,188,0,3.0,-3.0,2.843488944077066,-3.15672027671137
1,188,1,3.0,-3.0,2.843488944077001,-3.1567202767112903
1,189,0,3.0,-3.0,2.8435296037819042,-3.156681647640098
1,189,1,3.0,-3.0,2.8435296037818385,-3.1566816476399135
1,190,0,3.0,-3.0,2.8435701934296755,-3.1566430918396127
1,190,1,3.0,-3.0,2.84357019342961,-3.1566430918394635
1,191,0,3.0,-3.0,2.8436106596635304,-3.1566046573591415
1,191,1,3.0,-3.0,2.8436106596634816,-3.156604657359166
1,192,0,3.0,-3.0,2.8436510064441567,-3.1565663398819397
1,192,1,3.0,-3.0,2.8436510064441607,-3.156566339882138
1,193,0,3.0,-3.0,2.843691292509495,-3.1565280857160816
1,193,1,3.0,-3.0,2.843691292509586,-3.156528085716419
1,194,0,3.0,-3.0,2.8437316053305883,-3.15648981544341
1,194,1,3.0,-3.0,2.8437316053306274,-3.156489815443626
1,195,0,3.0,-3.0,2.843772043061583,-3.1564514382460547
1,195,1,3.0,-3.0,2.8437720430615876,-3.1564514382462363
1,196,0,3.0,-3.0,2.8438126448391188,-3.1564129320247174
1,196,1,3.0,-3.0,2.843812644839071,-3.156412932024778
1,197,0,3.0,-3.0,2.843853551290492,-3.156374148672472
1,197,1,3.0,-3.0,2.8438535512904264,-3.1563741486724806
1,198,0,3.0,-3.0,2.8438948037527436,-3.1563350542081796
1,198,1,3.0,-3.0,2.843894803752608,-3.1563350542082054
1,199,0,3.0,-3.0,2.8439364264343587,-3.1562956338329533
1,199,1,3.0,-3.0,2.843936426434084,-3.156295633833014
1,200,0,3.0,-3.0,2.843978446468318,-3.1562558662322386
1,200,1,3.0,-3.0,2.8439784464679745,-3.156255866232282
1,201,0,3.0,-3.0,2.8440208924576074,-3.1562157257126278
1,201,1,3.0,-3.0,2.8440208924573676,-3.1562157257125674
1,202,0,3.0,-3.0,2.844063789257762,-3.156175189274446
1,202,1,3.0,-3.0,2.8440637892577483,-3.1561751892743857
1,203,0,3.0,-3.0,2.84410715625165,-3.156134239340842
1,203,1,3.0,-3.0,2.844107156251758,-3.1561342393408682
1,204,0,3.0,-3.0,2.8441510085610053,-3.1560928627256604
1,204,1,3.0,-3.0,2.844151008561183,-3.156092862725756
1,205,0,3.0,-3.0,2.84419535895561,-3.156051048704028
1,205,1,3.0,-3.0,2.844195358955736,-3.15605104870421
1,206,0,3.0,-3.0,2.844240219299208,-3.156008787483336
1,206,1,3.0,-3.0,2.8442402192992984,-3.156008787483588
1,207,0,3.0,-3.0,2.8442856013432065,-3.155966069434336
1,207,1,3.0,-3.0,2.8442856013431754,-3.155966069434553
1,208,0,3.0,-3.0,2.8443315171496715,-3.1559228847014085
1,208,1,3.0,-3.0,2.844331517149554,-3.1559228847015386
1,209,0,3.0,-3.0,2.8443779793458477,-3.155879222979701
1,209,1,3.0,-3.0,2.844377979345626,-3.155879222979779
1,210,0,3.0,-3.0,2.844425001241028,-3.155835073419328
1,210,1,3.0,-3.0,2.8444250012408587,-3.155835073419389
1,211,0,3.0,-3.0,2.8444997455439,-3.1557716063361423
1,211,1,3.0,-3.0,2.8444997455438004,-3.155771606336151
1,212,0,3.0,-3.0,2.8444146822952376,-3.1558226915263248
1,212,1,3.0,-3.0,2.844414682295156,-3.155822691526438
1,213,0,3.0,-3.0,2.84444020569215,-3.155769560452686
1,213,1,3.0,-3.0,2.8444402056921376,-3.155769560452921
1,214,0,3.0,-3.0,2.844751008765507,-3.1555679373850456
1,214,1,3.0,-3.0,2.8447510087654595,-3.1555679373852805
1,215,0,3.0,-3.0,2.844723056348298,-3.155574991702619
1,215,1,3.0,-3.0,2.844723056348216,-3.15557499170275
1,216,0,3.0,-3.0,2.8447589293092816,-3.155525969149132
1,216,1,3.0,-3.0,2.8447589293092,-3.1555259691491413
1,217,0,3.0,-3.0,2.844836342842162,-3.1554621227313144
1,217,1,3.0,-3.0,2.844836342842063,-3.1554621227311674
1,218,0,3.0,-3.0,2.844921055166656,-3.155401534073288
1,218,1,3.0,-3.0,2.844921055166522,-3.1554015340732278
1,219,0,3.0,-3.0,2.8450128979248617,-3.155333158392004
1,219,1,3.0,-3.0,2.845012897924728,-3.1553331583920823
1,220,0,3.0,-3.0,2.84506572548269,-3.155281859992871
1,220,1,3.0,-3.0,2.8450657254825735,-3.1552818599930883
1,221,0,3.0,-3.0,2.845192057915442,-3.155229793093413
1,221,1,3.0,-3.0,2.8451920579153436,-3.1552297930937168
1,222,0,3.0,-3.0,2.845233368731911,-3.155184951894068
1,222,1,3.0,-3.0,2.845233368731847,-3.155184951894389
1,223,0,3.0,-3.0,2.84522181656409,-3.1551506710975383
1,223,1,3.0,-3.0,2.845221816563991,-3.1551506710977204
1,224,0,3.0,-3.0,2.84521508769005,-3.155111179161272
1,224,1,3.0,-3.0,2.845215087689951,-3.1551111791613153
1,225,0,3.0,-3.0,2.8452347479178846,-3.1550675690038066
1,225,1,3.0,-3.0,2.8452347479177855,-3.1550675690038674
1,226,0,3.0,-3.0,2.845277427237432,-3.155017120996874
1,226,1,3.0,-3.0,2.845277427237454,-3.1550171209969347
1,227,0,3.0,-3.0,2.8453327095549534,-3.1549670327399797
1,227,1,3.0,-3.0,2.845332709554958,-3.154967032740058
1,228,0,3.0,-3.0,2.8453933162827263,-3.154911176681523
1,228,1,3.0,-3.0,2.8453933162828005,-3.1549111766816877
1,229,0,3.0,-3.0,2.845456814150072,-3.1548594089307476
1,229,1,3.0,-3.0,2.8454568141501464,-3.1548594089309296
1,230,0,3.0,-3.0,2.845521343531517,-3.15480109214804
1,230,1,3.0,-3.0,2.8455213435314524,-3.154801092148222
1,231,0,3.0,-3.0,2.8455902660800034,-3.154740397683602
1,231,1,3.0,-3.0,2.8455902660799732,-3.1547403976837316
1,232,0,3.0,-3.0,2.8456397408678304,-3.1546728962763337
1,232,1,3.0,-3.0,2.845639740867835,-3.1546728962764288
1,233,0,3.0,-3.0,2.8457074496996295,-3.154613989341265
1,233,1,3.0,-3.0,2.845707449699634,-3.1546139893412555
1,234,0,3.0,-3.0,2.845785899288908,-3.1545573597308763
1,234,1,3.0,-3.0,2.845785899288947,-3.1545573597308674
1,235,0,3.0,-3.0,2.8458697477394477,-3.1545056477084255
1,235,1,3.0,-3.0,2.8458697477395214,-3.1545056477084863
1,236,0,3.0,-3.0,2.8459439107486366,-3.1544451313030573
1,236,1,3.0,-3.0,2.8459439107486055,-3.1544451313031177
1,237,0,3.0,-3.0,2.8460107595040354,-3.154377695652124
1,237,1,3.0,-3.0,2.846010759503762,-3.1543776956522196
1,238,0,3.0,-3.0,2.8460788683668707,-3.154313353935168
1,238,1,3.0,-3.0,2.846078868366423,-3.1543133539353327
1,239,0,3.0,-3.0,2.846148207580039,-3.154248847802659
1,239,1,3.0,-3.0,2.8461482075797297,-3.1542488478029282
1,240,0,3.0,-3.0,2.8462146930657632,-3.1541768985793937
1,240,1,3.0,-3.0,2.846214693065593,-3.154176898579628
1,241,0,3.0,-3.0,2.8462852330933557,-3.15410938678297
1,241,1,3.0,-3.0,2.84628523309329,-3.1541093867831007
1,242,0,3.0,-3.0,2.846357771057404,-3.154037857808318
1,242,1,3.0,-3.0,2.846357771057408,-3.154037857808344
1,243,0,3.0,-3.0,2.846432339565053,-3.1539636011130856
1,243,1,3.0,-3.0,2.846432339565057,-3.153963601113043
1,244,0,3.0,-3.0,2.846508806073206,-3.1538872922710803
1,244,1,3.0,-3.0,2.8465088060732446,-3.153887292271142
1,245,0,3.0,-3.0,2.8465897990390374,-3.153822567157185
1,245,1,3.0,-3.0,2.846589799038937,-3.1538225671571776
1,246,0,3.0,-3.0,2.8466715315825395,-3.153748665628584
1,246,1,3.0,-3.0,2.846671531582335,-3.153748665628542
1,247,0,3.0,-3.0,2.8467514164927974,-3.1536650155430914
1,247,1,3.0,-3.0,2.846751416492593,-3.153665015543223
1,248,0,3.0,-3.0,2.8468350502904007,-3.153588279848298
1,248,1,3.0,-3.0,2.8468350502902657,-3.153588279848499
1,249,0,3.0,-3.0,2.8469231756143216,-3.153506199525624
1,249,1,3.0,-3.0,2.8469231756141173,-3.15350619952586
1,250,0,3.0,-3.0,2.8470128382547415,-3.1534260650867494
1,250,1,3.0,-3.0,2.847012838254537,-3.153426065087124
1,251,0,3.0,-3.0,2.8471188246892187,-3.153335813504949
1,251,1,3.0,-3.0,2.8471188246890495,-3.1533358135054272
1,252,0,3.0,-3.0,2.8471848564186355,-3.153247528377679
1,252,1,3.0,-3.0,2.8471848564184317,-3.153247528378088
1,253,0,3.0,-3.0,2.8472765683705505,-3.153160089580371
1,253,1,3.0,-3.0,2.8472765683703813,-3.153160089580572
1,254,0,3.0,-3.0,2.847392077403889,-3.153071601495788
1,254,1,3.0,-3.0,2.847392077403755,-3.153071601495781
1,255,0,3.0,-3.0,2.847509313547567,-3.1529802336375123
1,255,1,3.0,-3.0,2.8475093135474334,-3.152980233637436
1,256,0,3.0,-3.0,2.847616162269354,-3.152902634375583
1,256,1,3.0,-3.0,2.8476161622692895,-3.152902634375785
1,257,0,3.0,-3.0,2.847723883457386,-3.1528119392261718
1,257,1,3.0,-3.0,2.8477238834573915,-3.152811939226582
1,258,0,3.0,-3.0,2.8478517183350394,-3.152705863538933
1,258,1,3.0,-3.0,2.8478517183350096,-3.152705863539274
1,259,0,3.0,-3.0,2.8479730099818523,-3.1525936777749948
1,259,1,3.0,-3.0,2.847973009981684,-3.1525936777753016
1,260,0,3.0,-3.0,2.8480990568280014,-3.1524920335051263
1,260,1,3.0,-3.0,2.8480990568277984,-3.1524920335054336
1,261,0,3.0,-3.0,2.8482519813891165,-3.1523547697124665
1,261,1,3.0,-3.0,2.848251981389018,-3.1523547697128085
1,262,0,3.0,-3.0,2.8483743281225955,-3.1522650160127306
1,262,1,3.0,-3.0,2.8483743281224974,-3.1522650160129677
1,263,0,3.0,-3.0,2.848473397530477,-3.1521957058897807
1,263,1,3.0,-3.0,2.848473397530378,-3.152195705889914
1,264,0,3.0,-3.0,2.848581408125262,-3.1521174855522838
1,264,1,3.0,-3.0,2.848581408125198,-3.1521174855524174
1,265,0,3.0,-3.0,2.8487127865898696,-3.1520197934913794
1,265,1,3.0,-3.0,2.8487127865898754,-3.1520197934915126
1,266,0,3.0,-3.0,2.8488788733082613,-3.151894353244048
1,266,1,3.0,-3.0,2.8488788733083013,-3.1518943532441814
1,267,0,3.0,-3.0,2.849007228745483,-3.151807072167493
1,267,1,3.0,-3.0,2.849007228745523,-3.1518070721675566
1,268,0,3.0,-3.0,2.849175186732869,-3.1516646815717895
1,268,1,3.0,-3.0,2.8491751867328046,-3.1516646815718183
1,269,0,3.0,-3.0,2.849396191554321,-3.1514993765294235
1,269,1,3.0,-3.0,2.8493961915540136,-3.1514993765294523
1,270,0,3.0,-3.0,2.849516980825835,-3.1512905163225673
1,270,1,3.0,-3.0,2.849516980825458,-3.151290516322735
1,271,0,3.0,-3.0,2.849793184833591,-3.1511906513895456
1,271,1,3.0,-3.0,2.849793184833318,-3.151190651389957
1,272,0,3.0,-3.0,2.850065752932895,-3.1510034219120784
1,272,1,3.0,-3.0,2.850065752932657,-3.1510034219126286
1,273,0,3.0,-3.0,2.850287720326317,-3.150858914287348
1,273,1,3.0,-3.0,2.8502877203259755,-3.150858914287968
1,274,0,3.0,-3.0,2.850438079706415,-3.1506969156580134
1,274,1,3.0,-3.0,2.850438079705969,-3.1506969156584943
1,275,0,3.0,-3.0,2.8506760865718515,-3.150437209779851
1,275,1,3.0,-3.0,2.85067608657144,-3.1504372097802626
1,276,0,3.0,-3.0,2.850919271893254,-3.150260601839397
1,276,1,3.0,-3.0,2.850919271892807,-3.1502606018397743
1,277,0,3.0,-3.0,2.851173119175082,-3.1500738095237386
1,277,1,3.0,-3.0,2.851173119174566,-3.1500738095240464
1,278,0,3.0,-3.0,2.851400984603849,-3.149930133681152
1,278,1,3.0,-3.0,2.851400984603333,-3.1499301336814254
1,279,0,3.0,-3.0,2.8516231395610276,-3.149791606237939
1,279,1,3.0,-3.0,2.8516231395605818,-3.149791606238178
1,280,0,3.0,-3.0,2.8518859417412883,-3.1496124956067355
1,280,1,3.0,-3.0,2.8518859417409117,-3.1496124956070086
1,281,0,3.0,-3.0,2.8522000623172374,-3.1493822578161064
1,281,1,3.0,-3.0,2.8522000623168604,-3.149382257816553
1,282,0,3.0,-3.0,2.852562946811576,-3.149087572549419
1,282,1,3.0,-3.0,2.852562946811199,-3.1490875725500045
1,283,0,3.0,-3.0,2.8529612005227456,-3.14883036512755
1,283,1,3.0,-3.0,2.8529612005222993,-3.148830365128275
1,284,0,3.0,-3.0,2.8533815509523492,-3.148507037293303
1,284,1,3.0,-3.0,2.853381550951903,-3.1485070372940975
1,285,0,3.0,-3.0,2.853697322700308,-3.148144366332483
1,285,1,3.0,-3.0,2.8536973227000013,-3.1481443663332773
1,286,0,3.0,-3.0,2.8537396300232714,-3.1477837899908216
1,286,1,3.0,-3.0,2.853739630023694,-3.1477837899915464
1,287,0,3.0,-3.0,2.8530900881306476,-3.147489393083475
1,287,1,3.0,-3.0,2.8530900881322516,-3.1474893930840606
1,288,0,3.0,-3.0,2.851120775377824,-3.147213187396053
1,288,1,3.0,-3.0,2.8511207753796364,-3.147213187396674
1,289,0,3.0,-3.0,2.8500369998062136,-3.1468729130350237
1,289,1,3.0,-3.0,2.850036999805942,-3.1468729130357143
1,290,0,3.0,-3.0,2.85153580848433,-3.1466129769437425
1,290,1,3.0,-3.0,2.8515358084806195,-3.1466129769439126
1,291,0,3.0,-3.0,2.856821081822882,-3.146568727552561
1,291,1,3.0,-3.0,2.856821081814934,-3.146568727552766
1,292,0,3.0,-3.0,2.8660416238538953,-3.1467105169792187
1,292,1,3.0,-3.0,2.8660416238420567,-3.1467105169788328
1,293,0,3.0,-3.0,2.8784944587056502,-3.147316256157092
1,293,1,3.0,-3.0,2.8784944586906858,-3.1473162561554204
1,294,0,3.0,-3.0,2.8929303701356655,-3.148296196227312
1,294,1,3.0,-3.0,2.8929303701189295,-3.1482961962256755
1,295,0,3.0,-3.0,2.907945650635493,-3.1484718840711685
1,295,1,3.0,-3.0,2.90794565061841,-3.1484718840725536
1,296,0,3.0,-3.0,2.9228285213792673,-3.146255942986287
1,296,1,3.0,-3.0,2.9228285213626357,-3.146255942993994
1,297,0,3.0,-3.0,2.9368532712686717,-3.1406880502418355
1,297,1,3.0,-3.0,2.9368532712530477,-3.140688050257358
1,298,0,3.0,-3.0,2.949775263608351,-3.1313318016484075
1,298,1,3.0,-3.0,2.9497752635940127,-3.1313318016710165
1,299,0,3.0,-3.0,2.9614445965008964,-3.118940359482181
1,299,1,3.0,-3.0,2.9614445964880516,-3.118940359509896
