episode,step,agent_id,solver_status,solve_time,action_x,action_y,feasible,eso_action_x,eso_action_y,compensated_x,compensated_y
1,0,0,mpc_success,0.01,9.063646570044476,9.063733312875879,True,9.063646570044476,9.063733312875879,9.063646570044476,9.063733312875879
1,0,1,mpc_success,0.01,9.063646570044476,9.063733312875879,True,9.063646570044476,9.063733312875879,9.063646570044476,9.063733312875879
1,1,0,mpc_success,0.01,6.188183718768952,6.187728569324694,True,6.188183718768952,6.187728569324694,6.223630375501963,6.223175565296818
1,1,1,mpc_success,0.01,6.188183718768978,6.187728569324684,True,6.188183718768978,6.187728569324684,6.2236303755019975,6.2231755652968035
1,2,0,mpc_success,0.01,0.4001789104095165,0.40050652192352876,True,0.4001789104095165,0.40050652192352876,0.28270841653235695,0.2830328921647116
1,2,1,mpc_success,0.01,0.40017891040944276,0.4005065219234107,True,0.40017891040944276,0.4005065219234107,0.28270841653227463,0.2830328921645675
1,3,0,mpc_success,0.01,-1.6991506551618625,0.47004206291346357,True,-1.6991506551618625,0.47004206291346357,-2.1178309767409047,0.47008409879106394
1,3,1,mpc_success,0.01,-1.6991506551617703,0.47004206291331424,True,-1.6991506551617703,0.47004206291331424,-2.1178309767408043,0.4700840987908582
1,4,0,mpc_success,0.01,-1.7333535662210553,2.58420791777476,True,-1.7333535662210553,2.58420791777476,-2.4350395134786154,3.1199013415662717
1,4,1,mpc_success,0.01,-1.7333535662210924,2.584207917774881,True,-1.7333535662210924,2.584207917774881,-2.435039513478654,3.119901341566367
1,5,0,mpc_success,0.01,-1.785494016761028,3.527927584939634,True,-1.785494016761028,3.527927584939634,-2.778689488852146,4.773060895672092
1,5,1,mpc_success,0.01,-1.7854940167612265,3.527927584939834,True,-1.7854940167612265,3.527927584939834,-2.778689488852381,4.773060895672305
1,6,0,mpc_success,0.01,-1.933577218476109,3.3376182882522576,True,-1.933577218476109,3.3376182882522576,-3.243316816501922,5.22345863237432
1,6,1,mpc_success,0.01,-1.9335772184759976,3.3376182882522785,True,-1.9335772184759976,3.3376182882522785,-3.2433168165018262,5.223458632374349
1,7,0,mpc_success,0.01,-2.0038795620853365,2.56825380010404,True,-2.0038795620853365,2.56825380010404,-3.6398861546846284,4.9381295062385515
1,7,1,mpc_success,0.01,-2.0038795620852503,2.5682538001039057,True,-2.0038795620852503,2.5682538001039057,-3.639886154684535,4.938129506238396
1,8,0,mpc_success,0.01,-1.9360021235955165,1.725685750181769,True,-1.9360021235955165,1.725685750181769,-3.885424744996334,4.43024783592749
1,8,1,mpc_success,0.01,-1.9360021235952636,1.725685750181868,True,-1.9360021235952636,1.725685750181868,-3.8854247449960337,4.43024783592759
1,9,0,mpc_success,0.01,-1.7576468930591083,1.087476053861089,True,-1.7576468930591083,1.087476053861089,-3.9905649927967644,4.015963943450769
1,9,1,mpc_success,0.01,-1.7576468930590168,1.0874760538610846,True,-1.7576468930590168,1.0874760538610846,-3.9905649927966147,4.015963943450765
1,10,0,mpc_success,0.01,-1.5120063700834987,0.6579829249157317,True,-1.5120063700834987,0.6579829249157317,-3.988941996019423,3.7344315729948883
1,10,1,mpc_success,0.01,-1.5120063700835435,0.6579829249155981,True,-1.5120063700835435,0.6579829249155981,-3.988941996019417,3.734431572994729
1,11,0,mpc_success,0.01,-1.1664123045361445,0.3568301217895899,True,-1.1664123045361445,0.3568301217895899,-3.825247532393105,3.5269416978200603
1,11,1,mpc_success,0.01,-1.1664123045363035,0.3568301217896453,True,-1.1664123045363035,0.3568301217896453,-3.8252475323932433,3.5269416978201025
1,12,0,mpc_success,0.01,-0.8138099171056782,0.13380766435292285,True,-0.8138099171056782,0.13380766435292285,-3.5897722056294534,3.357011057759372
1,12,1,mpc_success,0.01,-0.8138099171059193,0.13380766435319474,True,-0.8138099171059193,0.13380766435319474,-3.5897722056297177,3.357011057759683
1,13,0,mpc_success,0.01,-0.5447017098192312,-0.028085084026284374,True,-0.5447017098192312,-0.028085084026284374,-3.3892437075392468,3.2187908438223447
1,13,1,mpc_success,0.01,-0.5447017098192434,-0.028085084026182656,True,-0.5447017098192434,-0.028085084026182656,-3.389243707539282,3.2187908438225024
1,14,0,mpc_success,0.01,-0.36766647293139904,-0.1355583093482136,True,-0.36766647293139904,-0.1355583093482136,-3.248775931209297,3.1154932804696096
1,14,1,mpc_success,0.01,-0.36766647293135796,-0.13555830934837435,True,-0.36766647293135796,-0.13555830934837435,-3.248775931209261,3.115493280469466
1,15,0,mpc_success,0.01,-0.2548256787643764,-0.19891376244652162,True,-0.2548256787643764,-0.19891376244652162,-3.152211724243814,3.044947395514615
1,15,1,mpc_success,0.01,-0.2548256787644088,-0.19891376244676975,True,-0.2548256787644088,-0.19891376244676975,-3.1522117242438688,3.0449473955143453
1,16,0,mpc_success,0.01,-0.18390675248548194,-0.2294739376865438,True,-0.18390675248548194,-0.2294739376865438,-3.0847743842044943,3.001706553090793
1,16,1,mpc_success,0.01,-0.1839067524854115,-0.22947393768637295,True,-0.1839067524854115,-0.22947393768637295,-3.084774384204438,3.001706553090978
1,17,0,mpc_success,0.01,-0.14128646354096056,-0.23978726006998047,True,-0.14128646354096056,-0.23978726006998047,-3.0379507394751215,2.977042264607421
1,17,1,mpc_success,0.01,-0.14128646354106927,-0.2397872600699033,True,-0.14128646354106927,-0.2397872600699033,-3.0379507394752694,2.9770422646075203
1,18,0,mpc_success,0.01,-0.11912563136418533,-0.2367256260490347,True,-0.11912563136418533,-0.2367256260490347,-3.0075694737146548,2.9663093218124525
1,18,1,mpc_success,0.01,-0.11912563136446315,-0.23672562604905065,True,-0.11912563136446315,-0.23672562604905065,-3.0075694737150207,2.9663093218124583
1,19,0,mpc_success,0.01,-0.11031899271753705,-0.22794917518166252,True,-0.11031899271753705,-0.22794917518166252,-2.989100849604942,2.9630305365899865
1,19,1,mpc_success,0.01,-0.11031899271753999,-0.22794917518171295,True,-0.11031899271753999,-0.22794917518171295,-2.9891008496050326,2.9630305365899496
1,20,0,mpc_success,0.01,-0.11088158562423407,-0.21690764917506533,True,-0.11088158562423407,-0.21690764917506533,-2.980197619711903,2.9642057039002965
1,20,1,mpc_success,0.01,-0.11088158562415691,-0.2169076491751757,True,-0.11088158562415691,-0.2169076491751757,-2.9801976197118956,2.964205703900186
1,21,0,mpc_success,0.01,-0.11655738127268542,-0.20340392319909448,True,-0.11655738127268542,-0.20340392319909448,-2.977527202893478,2.9700838913769374
1,21,1,mpc_success,0.01,-0.11655738127247041,-0.20340392319886122,True,-0.11655738127247041,-0.20340392319886122,-2.977527202893294,2.9700838913772096
1,22,0,mpc_success,0.01,-0.12549017725993938,-0.19312126728280304,True,-0.12549017725993938,-0.19312126728280304,-2.9796106296078535,2.9747956773833972
1,22,1,mpc_success,0.01,-0.125490177259766,-0.19312126728256973,True,-0.125490177259766,-0.19312126728256973,-2.9796106296076803,2.974795677383713
1,23,0,mpc_success,0.01,-0.13277913629211838,-0.18332740041712317,True,-0.13277913629211838,-0.18332740041712317,-2.9815960171259923,2.980694979269839
1,23,1,mpc_success,0.01,-0.13277913629213256,-0.18332740041743278,True,-0.13277913629213256,-0.18332740041743278,-2.981596017126006,2.9806949792695647
1,24,0,mpc_success,0.01,-0.14043483381955918,-0.17695627596242744,True,-0.14043483381955918,-0.17695627596242744,-2.9853282072790965,2.9845338773083525
1,24,1,mpc_success,0.01,-0.1404348338193886,-0.1769562759629687,True,-0.1404348338193886,-0.1769562759629687,-2.9853282072788954,2.984533877307729
1,25,0,mpc_success,0.01,-0.14711345110695304,-0.1702442204003907,True,-0.14711345110695304,-0.1702442204003907,-2.9892887835237127,2.9897173491957996
1,25,1,mpc_success,0.01,-0.1471134511069601,-0.17024422040058623,True,-0.1471134511069601,-0.17024422040058623,-2.989288783523694,2.9897173491954914
1,26,0,mpc_success,0.01,-0.15292784638788184,-0.16618625384728852,True,-0.15292784638788184,-0.16618625384728852,-2.9933344019948227,2.992992762318775
1,26,1,mpc_success,0.01,-0.15292784638786064,-0.16618625384702984,True,-0.15292784638786064,-0.16618625384702984,-2.993334401994793,2.992992762318969
1,27,0,mpc_success,0.01,-0.15593078819750786,-0.16388328172440902,True,-0.15593078819750786,-0.16388328172440902,-2.995276298457474,2.994974588437667
1,27,1,mpc_success,0.01,-0.15593078819948897,-0.16388328172385644,True,-0.15593078819948897,-0.16388328172385644,-2.9952762984595074,2.994974588438233
1,28,0,mpc_success,0.01,-0.15886453954048593,-0.1622678348214964,True,-0.15886453954048593,-0.1622678348214964,-2.997637247170566,2.9965604378169286
1,28,1,mpc_success,0.01,-0.15886453953904006,-0.16226783482135218,True,-0.15886453953904006,-0.16226783482135218,-2.997637247169181,2.9965604378171427
1,29,0,mpc_success,0.01,-0.16096381759660378,-0.16129794706667938,True,-0.16096381759660378,-0.16129794706667938,-2.999524667848558,2.9976785569154054
1,29,1,mpc_success,0.01,-0.16096381759660738,-0.16129794706750472,True,-0.16096381759660738,-0.16129794706750472,-2.999524667848527,2.9976785569146367
1,30,0,mpc_success,0.01,-0.16198636066590877,-0.1607111961798957,True,-0.16198636066590877,-0.1607111961798957,-3.000553726213185,2.998497011669232
1,30,1,mpc_success,0.01,-0.16198636066504388,-0.16071119617913798,True,-0.16198636066504388,-0.16071119617913798,-3.000553726212242,2.9984970116700116
1,31,0,mpc_success,0.01,-0.16275848301699267,-0.16144648427742972,True,-0.16275848301699267,-0.16144648427742972,-3.001447910867009,2.998012934986106
1,31,1,mpc_success,0.01,-0.1627584830168638,-0.16144648427733513,True,-0.1627584830168638,-0.16144648427733513,-3.0014479108667764,2.9980129349861877
1,32,0,mpc_success,0.01,-0.1624137834638908,-0.16080478168069998,True,-0.1624137834638908,-0.16080478168069998,-3.001283837454176,2.998881533891763
1,32,1,mpc_success,0.01,-0.1624137834643199,-0.16080478168136625,True,-0.1624137834643199,-0.16080478168136625,-3.0012838374545705,2.9988815338910575
1,33,0,mpc_success,0.01,-0.16377631893201922,-0.16134252800084334,True,-0.16377631893201922,-0.16134252800084334,-3.002837237741411,2.9985538521729405
1,33,1,mpc_success,0.01,-0.16377631893240463,-0.1613425280010531,True,-0.16377631893240463,-0.1613425280010531,-3.002837237741831,2.99855385217267
1,34,0,mpc_success,0.01,-0.1631735044204898,-0.1614671778855991,True,-0.1631735044204898,-0.1614671778855991,-3.002432811244039,2.9985804051210923
1,34,1,mpc_success,0.01,-0.16317350442065032,-0.1614671778854554,True,-0.16317350442065032,-0.1614671778854554,-3.002432811244261,2.99858040512121
1,35,0,mpc_success,0.01,-0.1628913971854586,-0.16128082901661253,True,-0.1628913971854586,-0.16128082901661253,-3.002297922748417,2.9988775599087476
1,35,1,mpc_success,0.01,-0.16289139718526421,-0.1612808290162779,True,-0.16289139718526421,-0.1612808290162779,-3.0022979227482587,2.9988775599090562
1,36,0,mpc_success,0.01,-0.16274876875106614,-0.1615778315115074,True,-0.16274876875106614,-0.1615778315115074,-3.0022815619493732,2.998653225557009
1,36,1,mpc_success,0.01,-0.1627487687508266,-0.16157783151143199,True,-0.1627487687508266,-0.16157783151143199,-3.0022815619491268,2.998653225557055
1,37,0,mpc_success,0.01,-0.16263039231876783,-0.16180287345347127,True,-0.16263039231876783,-0.16180287345347127,-3.002271396659933,2.998461240957335
1,37,1,mpc_success,0.01,-0.16263039231855556,-0.1618028734534558,True,-0.16263039231855556,-0.1618028734534558,-3.0022713966596695,2.998461240957342
1,38,0,mpc_success,0.01,-0.1625297647473238,-0.1619861208437579,True,-0.1625297647473238,-0.1619861208437579,-3.002258098960475,2.998290759899956
1,38,1,mpc_success,0.01,-0.16252976474752817,-0.16198612084385228,True,-0.16252976474752817,-0.16198612084385228,-3.0022580989606626,2.9982907598998705
1,39,0,mpc_success,0.01,-0.16242179051447359,-0.16202528948135636,True,-0.16242179051447359,-0.16202528948135636,-3.0022166886994333,2.9982536466784455
1,39,1,mpc_success,0.01,-0.1624217905145725,-0.16202528948112824,True,-0.1624217905145725,-0.16202528948112824,-3.0022166886995336,2.998253646678709
1,40,0,mpc_success,0.01,-0.15999836213372745,-0.16282223375451854,True,-0.15999836213372745,-0.16282223375451854,-2.9998418058859557,2.997452806268473
1,40,1,mpc_success,0.01,-0.15999836213389548,-0.16282223375403432,True,-0.15999836213389548,-0.16282223375403432,-2.9998418058860987,2.9974528062690102
1,41,0,mpc_success,0.01,-0.16219256026089313,-0.1611718018666305,True,-0.16219256026089313,-0.1611718018666305,-3.00206216940116,2.9990897663812164
1,41,1,mpc_success,0.01,-0.16219256008823824,-0.16117180183945237,True,-0.16219256008823824,-0.16117180183945237,-3.0020621692284712,2.999089766408438
1,42,0,mpc_success,0.01,-0.1641970755836212,-0.1621329411356572,True,-0.1641970755836212,-0.1621329411356572,-3.004138441497209,2.9981312349714693
1,42,1,mpc_success,0.01,-0.16419707578385873,-0.16213294117800384,True,-0.16419707578385873,-0.16213294117800384,-3.0041384416967616,2.998131234929271
1,43,0,mpc_success,0.01,-0.1626618272485203,-0.16284069120901845,True,-0.1626618272485203,-0.16284069120901845,-3.0026271378887293,2.9973840526611357
1,43,1,mpc_success,0.01,-0.16266182727978196,-0.16284069122335368,True,-0.16266182727978196,-0.16284069122335368,-3.00262713792343,2.997384052646281
1,44,0,mpc_success,0.01,-0.15959783943458322,-0.1630812371290082,True,-0.15959783943458322,-0.1630812371290082,-2.9995169066897813,2.9971134982758385
1,44,1,mpc_success,0.01,-0.15959783763473687,-0.1630812401877874,True,-0.15959783763473687,-0.1630812401877874,-2.9995169048891364,2.9971134952173553
1,45,0,mpc_success,0.01,-0.16514152732984158,-0.16254793690910643,True,-0.16514152732984158,-0.16254793690910643,-3.005034171506438,2.9976367830741495
1,45,1,mpc_success,0.01,-0.1651415492955887,-0.16254796374105748,True,-0.1651415492955887,-0.16254796374105748,-3.005034193462268,2.997636756231006
1,46,0,mpc_success,0.01,-0.1612978049741285,-0.16101621645046807,True,-0.1612978049741285,-0.16101621645046807,-3.0012728325574822,2.999166446061752
1,46,1,mpc_success,0.01,-0.1612977859438336,-0.16101618720397873,True,-0.1612977859438336,-0.16101618720397873,-3.0012728136386713,2.9991664752516156
1,47,0,mpc_success,0.01,-0.16148051929845186,-0.16150985588636876,True,-0.16148051929845186,-0.16150985588636876,-3.0014241317366506,2.9986578693194477
1,47,1,mpc_success,0.01,-0.16148051596030055,-0.16150985236499937,True,-0.16148051596030055,-0.16150985236499937,-3.00142412800282,2.998657873414265
1,48,0,mpc_success,0.01,-0.16222413640382516,-0.16272034539580094,True,-0.16222413640382516,-0.16272034539580094,-3.0021992738803,2.9973898261821468
1,48,1,mpc_success,0.01,-0.16222413832447216,-0.16272034837287747,True,-0.16222413832447216,-0.16272034837287747,-3.0021992758029787,2.9973898231131884
1,49,0,mpc_success,0.01,-0.16197555102725222,-0.16180148671646982,True,-0.16197555102725222,-0.16180148671646982,-3.002000062316978,2.998256435226591
1,49,1,mpc_success,0.01,-0.16197555241985517,-0.1618014885103656,True,-0.16197555241985517,-0.1618014885103656,-3.0020000639694717,2.9982564329879446
1,50,0,mpc_success,0.01,-0.16203405660119505,-0.16199688660070288,True,-0.16203405660119505,-0.16199688660070288,-3.0020866364355108,2.9980535799163075
1,50,1,mpc_success,0.01,-0.16203405657735231,-0.16199688646605176,True,-0.16203405657735231,-0.16199688646605176,-3.0020866366591235,2.998053579659154
1,51,0,mpc_success,0.01,-0.16199310475760323,-0.16201576502500414,True,-0.16199310475760323,-0.16201576502500414,-3.002067284787329,2.998021192332225
1,51,1,mpc_success,0.01,-0.16199310406810713,-0.16201576396863526,True,-0.16199310406810713,-0.16201576396863526,-3.002067284229776,2.9980211931859064
1,52,0,mpc_success,0.01,-0.16219354044292744,-0.16274262413353963,True,-0.16219354044292744,-0.16274262413353963,-3.002283064986491,2.9972830811952047
1,52,1,mpc_success,0.01,-0.16219353996227306,-0.1627426234294065,True,-0.16219353996227306,-0.1627426234294065,-3.002283064542023,2.9972830818488783
1,53,0,mpc_success,0.01,-0.16183488762605575,-0.16194625776610602,True,-0.16183488762605575,-0.16194625776610602,-3.001939008979644,2.9980654045253816
1,53,1,mpc_success,0.01,-0.16183488740265678,-0.16194625731279266,True,-0.16183488740265678,-0.16194625731279266,-3.001939008746642,2.99806540500131
1,54,0,mpc_success,0.01,-0.1618353052587406,-0.16172755907795422,True,-0.1618353052587406,-0.16172755907795422,-3.001948925781925,2.9982855928057566
1,54,1,mpc_success,0.01,-0.16183530516971661,-0.16172755890774831,True,-0.16183530516971661,-0.16172755890774831,-3.0019489256665897,2.9982855930258268
1,55,0,mpc_success,0.01,-0.16206247776720586,-0.16212695153217635,True,-0.16206247776720586,-0.16212695153217635,-3.002194383905039,2.997868699854695
1,55,1,mpc_success,0.01,-0.16206247774984772,-0.16212695150478912,True,-0.16206247774984772,-0.16212695150478912,-3.002194383856793,2.997868699935595
1,56,0,mpc_success,0.01,-0.16202309996312322,-0.16205085303240888,True,-0.16202309996312322,-0.16205085303240888,-3.002177143455123,2.9979129988354956
1,56,1,mpc_success,0.01,-0.16202309997307132,-0.16205085305087116,True,-0.16202309997307132,-0.16205085305087116,-3.0021771434347735,2.997912998866829
1,57,0,mpc_success,0.01,-0.1620188700143249,-0.16202984058230996,True,-0.1620188700143249,-0.16202984058230996,-3.00219015647867,2.9979099357538894
1,57,1,mpc_success,0.01,-0.16201887003539175,-0.16202984061317513,True,-0.16201887003539175,-0.16202984061317513,-3.002190156472297,2.997909935767236
1,58,0,mpc_success,0.01,-0.1611347237599895,-0.1612225249454949,True,-0.1611347237599895,-0.1612225249454949,-3.001323063653813,2.9986960193823573
1,58,1,mpc_success,0.01,-0.16113472377195107,-0.16122252497858267,True,-0.16113472377195107,-0.16122252497858267,-3.0013230636425026,2.9986960193868386
1,59,0,mpc_success,0.01,-0.1619317462969572,-0.16206418781863755,True,-0.1619317462969572,-0.16206418781863755,-3.002134790477131,2.997837719731445
1,59,1,mpc_success,0.01,-0.16193174631957272,-0.16206418785743043,True,-0.16193174631957272,-0.16206418785743043,-3.0021347904812337,2.9978377197228743
1,60,0,mpc_success,0.01,-0.1618847113182906,-0.1619786524301563,True,-0.1618847113182906,-0.1619786524301563,-3.00212421612115,2.9978884501988805
1,60,1,mpc_success,0.01,-0.1618847113451859,-0.16197865247053495,True,-0.1618847113451859,-0.16197865247053495,-3.0021242161344905,2.9978884501813075
1,61,0,mpc_success,0.01,-0.16171513848612337,-0.161874101571851,True,-0.16171513848612337,-0.161874101571851,-3.0019741492622343,2.997977423412115
1,61,1,mpc_success,0.01,-0.16171513850882935,-0.16187410160821902,True,-0.16171513850882935,-0.16187410160821902,-3.0019741492756316,2.9979774233919274
1,62,0,mpc_success,0.01,-0.1617878207268555,-0.1618623404784394,True,-0.1617878207268555,-0.1618623404784394,-3.0020591743502507,2.9979793545779474
1,62,1,mpc_success,0.01,-0.16178782074441678,-0.16186234050782103,True,-0.16178782074441678,-0.16186234050782103,-3.002059174361699,2.9979793545594142
1,63,0,mpc_success,0.01,-0.1617696053117849,-0.16185019949622814,True,-0.1617696053117849,-0.16185019949622814,-3.002055827482467,2.9979793681743474
1,63,1,mpc_success,0.01,-0.16176960532436063,-0.1618501995187501,True,-0.16176960532436063,-0.1618501995187501,-3.0020558274912306,2.9979793681586013
1,64,0,mpc_success,0.01,-0.16177894407805907,-0.1618422912791569,True,-0.16177894407805907,-0.1618422912791569,-3.0020800103211833,2.997972226524527
1,64,1,mpc_success,0.01,-0.16177894408676563,-0.1618422912957744,True,-0.16177894408676563,-0.1618422912957744,-3.0020800103276932,2.9979722265116897
1,65,0,mpc_success,0.01,-0.1617564531382876,-0.16184376756519991,True,-0.1617564531382876,-0.16184376756519991,-3.0020738909576146,2.9979531701625586
1,65,1,mpc_success,0.01,-0.16175645314415024,-0.161843767576791,True,-0.16175645314415024,-0.161843767576791,-3.002073890962392,2.9979531701526456
1,66,0,mpc_success,0.01,-0.1617308130764305,-0.1618075006148863,True,-0.1617308130764305,-0.1618075006148863,-3.0020657716230685,2.997970222064233
1,66,1,mpc_success,0.01,-0.161730813080194,-0.16180750062235338,True,-0.161730813080194,-0.16180750062235338,-3.002065771626537,2.997970222057159
1,67,0,mpc_success,0.01,-0.16169859808876447,-0.1617052025226833,True,-0.16169859808876447,-0.1617052025226833,-3.0020525491443326,2.9980528473292143
1,67,1,mpc_success,0.01,-0.16169859809188553,-0.16170520252647336,True,-0.16169859809188553,-0.16170520252647336,-3.002052549147723,2.998052847325105
1,68,0,mpc_success,0.01,-0.1617183428301489,-0.16183059147005033,True,-0.1617183428301489,-0.16183059147005033,-3.0020924494056818,2.997907414043522
1,68,1,mpc_success,0.01,-0.16171834283188782,-0.16183059147246764,True,-0.16171834283188782,-0.16183059147246764,-3.0020924494079764,2.997907414040403
1,69,0,mpc_success,0.01,-0.1618088260146962,-0.16207991558086554,True,-0.1618088260146962,-0.16207991558086554,-3.002204003266243,2.9976357947304995
1,69,1,mpc_success,0.01,-0.16180882601512592,-0.16207991558173707,True,-0.16180882601512592,-0.16207991558173707,-3.002204003267315,2.997635794728744
1,70,0,mpc_success,0.01,-0.16173686526919867,-0.1618760357031337,True,-0.16173686526919867,-0.1618760357031337,-3.0021527198634677,2.9978196846752967
1,70,1,mpc_success,0.01,-0.1617368652690918,-0.16187603570323658,True,-0.1617368652690918,-0.16187603570323658,-3.002152719863977,2.997819684674301
1,71,0,mpc_success,0.01,-0.16169461832082108,-0.1617573490465755,True,-0.16169461832082108,-0.1617573490465755,-3.0021284274064084,2.99792537581912
1,71,1,mpc_success,0.01,-0.16169461832033163,-0.16175734904609765,True,-0.16169461832033163,-0.16175734904609765,-3.00212842740644,2.997925375818801
1,72,0,mpc_success,0.01,-0.16194821981233193,-0.16189796571466997,True,-0.16194821981233193,-0.16189796571466997,-3.0024010980299263,2.997767551702097
1,72,1,mpc_success,0.01,-0.16194821981138421,-0.16189796571357087,True,-0.16194821981138421,-0.16189796571357087,-3.002401098029326,2.9977675517025983
1,73,0,mpc_success,0.01,-0.16146992649535363,-0.1614212782556847,True,-0.16146992649535363,-0.1614212782556847,-3.001944523127107,2.99822105847871
1,73,1,mpc_success,0.01,-0.1614699264945708,-0.16142127825475444,True,-0.1614699264945708,-0.16142127825475444,-3.0019445231265145,2.9982210584792246
1,74,0,mpc_success,0.01,-0.161626275754984,-0.16173797866991232,True,-0.161626275754984,-0.16173797866991232,-3.0021161249664914,2.9978845388999305
1,74,1,mpc_success,0.01,-0.1616262757546708,-0.16173797866933162,True,-0.1616262757546708,-0.16173797866933162,-3.002116124966316,2.9978845389002085
1,75,0,mpc_success,0.01,-0.1616787711310662,-0.16179109050547127,True,-0.1616787711310662,-0.16179109050547127,-3.002194254286518,2.9978016307700157
1,75,1,mpc_success,0.01,-0.16167877113056123,-0.16179109050476376,True,-0.16167877113056123,-0.16179109050476376,-3.002194254286047,2.9978016307705597
1,76,0,mpc_success,0.01,-0.16231968786119197,-0.1621054229155699,True,-0.16231968786119197,-0.1621054229155699,-3.002859260377821,2.9974647441050584
1,76,1,mpc_success,0.01,-0.16231968786086043,-0.16210542291517874,True,-0.16231968786086043,-0.16210542291517874,-3.0028592603774547,2.9974647441053732
1,77,0,mpc_success,0.01,-0.16161359413540857,-0.1616270217096633,True,-0.16161359413540857,-0.1616270217096633,-3.0021763801528936,2.9979248255833486
1,77,1,mpc_success,0.01,-0.16161359413524107,-0.16162702170971974,True,-0.16161359413524107,-0.16162702170971974,-3.002176380152648,2.997924825583207
1,78,0,mpc_success,0.01,-0.16180226246332452,-0.1618005750210464,True,-0.16180226246332452,-0.1618005750210464,-3.0023712366655415,2.997742504778861
1,78,1,mpc_success,0.01,-0.16180226246337506,-0.1618005750211818,True,-0.16180226246337506,-0.1618005750211818,-3.002371236665523,2.997742504778623
1,79,0,mpc_success,0.01,-0.16158706629296776,-0.1616296394821065,True,-0.16158706629296776,-0.1616296394821065,-3.0021780815344106,2.997892969356201
1,79,1,mpc_success,0.01,-0.16158706629327754,-0.16162963948210304,True,-0.16158706629327754,-0.16162963948210304,-3.0021780815347205,2.997892969356102
1,80,0,mpc_success,0.01,-0.1612347388448589,-0.16129107473930385,True,-0.1612347388448589,-0.16129107473930385,-3.001849330959571,2.9982108925622883
1,80,1,mpc_success,0.01,-0.161234738844865,-0.1612910747390781,True,-0.161234738844865,-0.1612910747390781,-3.00184933095956,2.9982108925624553
1,81,0,mpc_success,0.01,-0.16221296298219592,-0.1623158809705102,True,-0.16221296298219592,-0.1623158809705102,-3.0028547888431647,2.9971628793586693
1,81,1,mpc_success,0.01,-0.1622129629821642,-0.16231588097013266,True,-0.1622129629821642,-0.16231588097013266,-3.0028547888431243,2.9971628793590575
1,82,0,mpc_success,0.01,-0.16166623053879933,-0.1616958152156591,True,-0.16166623053879933,-0.1616958152156591,-3.0023452767659884,2.997749283026
1,82,1,mpc_success,0.01,-0.16166623053898455,-0.1616958152152468,True,-0.16166623053898455,-0.1616958152152468,-3.0023452767661993,2.99774928302651
1,83,0,mpc_success,0.01,-0.16151155610454937,-0.16157237730725227,True,-0.16151155610454937,-0.16157237730725227,-3.0022025385003044,2.99786429491089
1,83,1,mpc_success,0.01,-0.1615115561047702,-0.1615723773070863,True,-0.1615115561047702,-0.1615723773070863,-3.0022025385005855,2.9978642949111878
1,84,0,mpc_success,0.01,-0.16152795158069574,-0.16154411915522263,True,-0.16152795158069574,-0.16154411915522263,-3.0022362357217496,2.9978757461082584
1,84,1,mpc_success,0.01,-0.16152795158051966,-0.16154411915502365,True,-0.16152795158051966,-0.16154411915502365,-3.0022362357215906,2.9978757461086154
1,85,0,mpc_success,0.01,-0.16161132912195883,-0.16168299444425938,True,-0.16161132912195883,-0.16168299444425938,-3.0023435173907034,2.997712919757963
1,85,1,mpc_success,0.01,-0.1616113291218642,-0.16168299444459364,True,-0.1616113291218642,-0.16168299444459364,-3.0023435173905995,2.997712919757735
1,86,0,mpc_success,0.01,-0.1602120261296429,-0.16177140490761857,True,-0.1602120261296429,-0.16177140490761857,-3.000969298353918,2.997598002789638
1,86,1,mpc_success,0.01,-0.16021202613007787,-0.16177140490815936,True,-0.16021202613007787,-0.16177140490815936,-3.00096929835437,2.9975980027891427
1,87,0,mpc_success,0.01,-0.1601644876272475,-0.16190605813412548,True,-0.1601644876272475,-0.16190605813412548,-3.0009383479429927,2.9974407717684093
1,87,1,mpc_success,0.01,-0.1601644876273818,-0.16190605813416178,True,-0.1601644876273818,-0.16190605813416178,-3.0009383479431535,2.9974407717684013
1,88,0,mpc_success,0.01,-0.16261971631890348,-0.16066507223285778,True,-0.16261971631890348,-0.16066507223285778,-3.0034356628464844,2.9986626503441673
1,88,1,mpc_success,0.01,-0.16261971631821867,-0.16066507223282253,True,-0.16261971631821867,-0.16066507223282253,-3.003435662845817,2.9986626503442393
1,89,0,mpc_success,0.01,-0.15986603527944337,-0.1621752605953225,True,-0.15986603527944337,-0.1621752605953225,-3.0007304374982215,2.997141224023164
1,89,1,mpc_success,0.01,-0.15986603527986035,-0.16217526059554613,True,-0.15986603527986035,-0.16217526059554613,-3.0007304374986474,2.997141224022969
1,90,0,mpc_success,0.01,-0.16263939710325323,-0.16074066875073087,True,-0.16263939710325323,-0.16074066875073087,-3.0034774371543307,2.998532601245383
1,90,1,mpc_success,0.01,-0.16263939710287476,-0.1607406687503068,True,-0.16263939710287476,-0.1607406687503068,-3.0034774371539608,2.9985326012458615
1,91,0,mpc_success,0.01,-0.16274915974708334,-0.1619101238113789,True,-0.16274915974708334,-0.1619101238113789,-3.003615386643883,2.9973548144310245
1,91,1,mpc_success,0.01,-0.16274915974694154,-0.16191012381163258,True,-0.16274915974694154,-0.16191012381163258,-3.003615386643672,2.9973548144308246
1,92,0,mpc_success,0.01,-0.16135673162781725,-0.16164921479707967,True,-0.16135673162781725,-0.16164921479707967,-3.0022074365819225,2.997581932076987
1,92,1,mpc_success,0.01,-0.16135673162733963,-0.16164921479723893,True,-0.16135673162733963,-0.16164921479723893,-3.002207436581289,2.997581932076856
1,93,0,mpc_success,0.01,-0.16129682641675996,-0.1614304049860854,True,-0.16129682641675996,-0.1614304049860854,-3.002124685751705,2.997789767266066
1,93,1,mpc_success,0.01,-0.16129682641665094,-0.16143040498604566,True,-0.16129682641665094,-0.16143040498604566,-3.00212468575144,2.9977897672661244
1,94,0,mpc_success,0.01,-0.16134970457942635,-0.16148902821080677,True,-0.16134970457942635,-0.16148902821080677,-3.0022021943383845,2.9977205920112233
1,94,1,mpc_success,0.01,-0.16134970457954895,-0.1614890282110571,True,-0.16134970457954895,-0.1614890282110571,-3.002202194338377,2.997720592010949
1,95,0,mpc_success,0.01,-0.15930973094515286,-0.16334624997645467,True,-0.15930973094515286,-0.16334624997645467,-3.0002090468198963,2.995844490315985
1,95,1,mpc_success,0.01,-0.15930973094386716,-0.16334624997739544,True,-0.15930973094386716,-0.16334624997739544,-3.000209046818567,2.995844490315055
1,96,0,mpc_success,0.01,-0.16320882420958352,-0.15964490020690203,True,-0.16320882420958352,-0.15964490020690203,-3.0041482354372304,2.9995169700779445
1,96,1,mpc_success,0.01,-0.16320882421161906,-0.1596449002064124,True,-0.16320882421161906,-0.1596449002064124,-3.0041482354392395,2.999516970078488
1,97,0,mpc_success,0.01,-0.16220250998986016,-0.16128652590365422,True,-0.16220250998986016,-0.16128652590365422,-3.00322951394595,2.997896088711438
1,97,1,mpc_success,0.01,-0.1622025099899812,-0.16128652590259016,True,-0.1622025099899812,-0.16128652590259016,-3.003229513946097,2.9978960887126167
1,98,0,mpc_success,0.01,-0.16100864277247615,-0.16188172069466156,True,-0.16100864277247615,-0.16188172069466156,-3.0020278867621144,2.997237773664718
1,98,1,mpc_success,0.01,-0.16100864277239801,-0.16188172069486945,True,-0.16100864277239801,-0.16188172069486945,-3.002027886762045,2.9972377736645903
1,99,0,mpc_success,0.01,-0.1615345776768751,-0.1612636500560937,True,-0.1615345776768751,-0.1612636500560937,-3.002539561339746,2.997810926071047
1,99,1,mpc_success,0.01,-0.1615345776769761,-0.16126365005628945,True,-0.1615345776769761,-0.16126365005628945,-3.0025395613398733,2.9978109260708705
1,100,0,mpc_success,0.01,-0.16142573981394256,-0.1613749454903315,True,-0.16142573981394256,-0.1613749454903315,-3.00245523859314,2.9976855354801515
1,100,1,mpc_success,0.01,-0.16142573981380848,-0.16137494549039677,True,-0.16142573981380848,-0.16137494549039677,-3.002455238592998,2.997685535480123
1,101,0,mpc_success,0.01,-0.16132291196700665,-0.16114245091175694,True,-0.16132291196700665,-0.16114245091175694,-3.0023797609845557,2.9979001930464912
1,101,1,mpc_success,0.01,-0.16132291196668067,-0.1611424509117098,True,-0.16132291196668067,-0.1611424509117098,-3.002379760984152,2.9979001930465845
1,102,0,mpc_success,0.01,-0.16128436520118827,-0.1613769128690375,True,-0.16128436520118827,-0.1613769128690375,-3.002371123793004,2.9976499105314915
1,102,1,mpc_success,0.01,-0.16128436520135986,-0.161376912868585,True,-0.16128436520135986,-0.161376912868585,-3.0023711237931154,2.99764991053206
1,103,0,mpc_success,0.01,-0.16135177857953378,-0.1613895060311675,True,-0.16135177857953378,-0.1613895060311675,-3.002469420835782,2.9976156367410853
1,103,1,mpc_success,0.01,-0.16135177857977787,-0.16138950603116334,True,-0.16135177857977787,-0.16138950603116334,-3.002469420836017,2.9976156367412226
1,104,0,mpc_success,0.01,-0.1610186128975929,-0.16113745807206287,True,-0.1610186128975929,-0.16113745807206287,-3.002165475780088,2.9978499304430573
1,104,1,mpc_success,0.01,-0.1610186128973704,-0.16113745807258234,True,-0.1610186128973704,-0.16113745807258234,-3.002165475779805,2.9978499304425847
1,105,0,mpc_success,0.01,-0.1613101766389221,-0.16135649131349364,True,-0.1613101766389221,-0.16135649131349364,-3.0024799505052706,2.99761500671769
1,105,1,mpc_success,0.01,-0.1613101766386587,-0.16135649131397853,True,-0.1613101766386587,-0.16135649131397853,-3.002479950504895,2.9976150067171647
1,106,0,mpc_success,0.01,-0.16124261981134042,-0.16128423874737274,True,-0.16124261981134042,-0.16128423874737274,-3.002439833766338,2.9976643167858144
1,106,1,mpc_success,0.01,-0.16124261981151886,-0.16128423874777587,True,-0.16124261981151886,-0.16128423874777587,-3.0024398337664384,2.9976643167853014
1,107,0,mpc_success,0.01,-0.16116734456443108,-0.16126432540012076,True,-0.16116734456443108,-0.16126432540012076,-3.0023839529744194,2.99766449009585
1,107,1,mpc_success,0.01,-0.1611673445645919,-0.16126432539967475,True,-0.1611673445645919,-0.16126432539967475,-3.0023839529745366,2.9976644900962723
1,108,0,mpc_success,0.01,-0.16122827366618592,-0.16131646287741297,True,-0.16122827366618592,-0.16131646287741297,-3.002462418457549,2.9975917359624233
1,108,1,mpc_success,0.01,-0.16122827366612402,-0.16131646287680215,True,-0.16122827366612402,-0.16131646287680215,-3.002462418457426,2.997591735963133
1,109,0,mpc_success,0.01,-0.16092088975641144,-0.1608018030220607,True,-0.16092088975641144,-0.1608018030220607,-3.002174496642716,2.9980845023876306
1,109,1,mpc_success,0.01,-0.16092088975654978,-0.16080180302197733,True,-0.16092088975654978,-0.16080180302197733,-3.0021744966428106,2.9980845023878304
1,110,0,mpc_success,0.01,-0.16176061686808926,-0.16197957257456555,True,-0.16176061686808926,-0.16197957257456555,-3.003032316744987,2.9968874517708337
1,110,1,mpc_success,0.01,-0.16176061686860976,-0.16197957257501525,True,-0.16176061686860976,-0.16197957257501525,-3.003032316745533,2.996887451770449
1,111,0,mpc_success,0.01,-0.16162481758207212,-0.16169092105454103,True,-0.16162481758207212,-0.16169092105454103,-3.002924732928492,2.997141921367343
1,111,1,mpc_success,0.01,-0.16162481758213695,-0.16169092105487548,True,-0.16162481758213695,-0.16169092105487548,-3.0029247329286175,2.997141921367003
1,112,0,mpc_success,0.01,-0.1610349140187066,-0.16114861197116442,True,-0.1610349140187066,-0.16114861197116442,-3.0023465064691957,2.997674941750527
1,112,1,mpc_success,0.01,-0.16103491401883518,-0.1611486119711016,True,-0.16103491401883518,-0.1611486119711016,-3.002346506469403,2.997674941750601
1,113,0,mpc_success,0.01,-0.16074467499518721,-0.16088177361213002,True,-0.16074467499518721,-0.16088177361213002,-3.0020681235548348,2.9979311601524534
1,113,1,mpc_success,0.01,-0.16074467499508807,-0.1608817736119061,True,-0.16074467499508807,-0.1608817736119061,-3.0020681235547966,2.9979311601527243
1,114,0,mpc_success,0.01,-0.16123106787380898,-0.1612887414426807,True,-0.16123106787380898,-0.1612887414426807,-3.0025834302780003,2.9974966741288416
1,114,1,mpc_success,0.01,-0.16123106787384975,-0.16128874144282068,True,-0.16123106787384975,-0.16128874144282068,-3.0025834302781185,2.9974966741287137
1,115,0,mpc_success,0.01,-0.1613390992587108,-0.16139768937090065,True,-0.1613390992587108,-0.16139768937090065,-3.002733014275172,2.997347849983556
1,115,1,mpc_success,0.01,-0.16133909925857365,-0.16139768937076382,True,-0.16133909925857365,-0.16139768937076382,-3.0027330142750945,2.997347849983723
1,116,0,mpc_success,0.01,-0.16128865823706573,-0.1614201096891056,True,-0.16128865823706573,-0.1614201096891056,-3.002711975360976,2.9972954249981183
1,116,1,mpc_success,0.01,-0.16128865823715394,-0.16142010968907877,True,-0.16128865823715394,-0.16142010968907877,-3.002711975361124,2.9972954249982267
1,117,0,mpc_success,0.01,-0.1611192347443065,-0.16120185944292728,True,-0.1611192347443065,-0.16120185944292728,-3.0025625750625378,2.9974921989988745
1,117,1,mpc_success,0.01,-0.16111923474414383,-0.16120185944276005,True,-0.16111923474414383,-0.16120185944276005,-3.0025625750624,2.9974921989991583
1,118,0,mpc_success,0.01,-0.1610930370391435,-0.16113593497944978,True,-0.1610930370391435,-0.16113593497944978,-3.0025545004459477,2.9975405314996544
1,118,1,mpc_success,0.01,-0.16109303703872885,-0.1611359349795487,True,-0.16109303703872885,-0.1611359349795487,-3.0025545004454703,2.9975405314996544
1,119,0,mpc_success,0.01,-0.16110270713833405,-0.16114340527217544,True,-0.16110270713833405,-0.16114340527217544,-3.0025870682365468,2.9975104125992456
1,119,1,mpc_success,0.01,-0.161102707138176,-0.16114340527228785,True,-0.161102707138176,-0.16114340527228785,-3.0025870682362914,2.9975104125992154
1,120,0,mpc_success,0.01,-0.1611059601385388,-0.16118347425979243,True,-0.1611059601385388,-0.16118347425979243,-3.0026158651393535,2.9974442317014147
1,120,1,mpc_success,0.01,-0.1611059601384486,-0.16118347425981167,True,-0.1611059601384486,-0.16118347425981167,-3.002615865139149,2.997444231701478
1,121,0,mpc_success,0.01,-0.16108572627753573,-0.16112733906215565,True,-0.16108572627753573,-0.16112733906215565,-3.002621321805736,2.9974741726752576
1,121,1,mpc_success,0.01,-0.161085726277903,-0.16112733906214713,True,-0.161085726277903,-0.16112733906214713,-3.002621321806058,2.997474172675348
1,122,0,mpc_success,0.01,-0.1610823557052389,-0.16115157185976814,True,-0.1610823557052389,-0.16115157185976814,-3.0026428403690453,2.9974260725967743
1,122,1,mpc_success,0.01,-0.16108235570544868,-0.16115157185998738,True,-0.16108235570544868,-0.16115157185998738,-3.0026428403692442,2.9974260725966024
1,123,0,mpc_success,0.01,-0.1610671002541974,-0.1611365817639479,True,-0.1610671002541974,-0.1611365817639479,-3.0026521490085787,2.997417280944479
1,123,1,mpc_success,0.01,-0.16106710025421175,-0.16113658176389328,True,-0.16106710025421175,-0.16113658176389328,-3.0026521490085822,2.9974172809445974
1,124,0,mpc_success,0.01,-0.16104532055330772,-0.1610959889241229,True,-0.16104532055330772,-0.1610959889241229,-3.002654510532528,2.9974351719689767
1,124,1,mpc_success,0.01,-0.16104532055322432,-0.16109598892411864,True,-0.16104532055322432,-0.16109598892411864,-3.002654510532417,2.997435171969045
1,125,0,mpc_success,0.01,-0.16103389153154793,-0.16108990307046184,True,-0.16103389153154793,-0.16108990307046184,-3.0026672028611303,2.9974187498909677
1,125,1,mpc_success,0.01,-0.16103389153154737,-0.16108990307047155,True,-0.16103389153154737,-0.16108990307047155,-3.0026672028611014,2.997418749891022
1,126,0,mpc_success,0.01,-0.16103358539969373,-0.16110007757814396,True,-0.16103358539969373,-0.16110007757814396,-3.002691387455695,2.9973851036648433
1,126,1,mpc_success,0.01,-0.16103358539971457,-0.16110007757791203,True,-0.16103358539971457,-0.16110007757791203,-3.0026913874556875,2.997385103665192
1,127,0,mpc_success,0.01,-0.16100055211678074,-0.16105762442336696,True,-0.16100055211678074,-0.16105762442336696,-3.002683101742141,2.9974036421268666
1,127,1,mpc_success,0.01,-0.16100055211667508,-0.1610576244235233,True,-0.16100055211667508,-0.1610576244235233,-3.0026831017419897,2.9974036421267916
1,128,0,mpc_success,0.01,-0.1610141410559049,-0.16108020875838044,True,-0.1610141410559049,-0.16108020875838044,-3.0027212713614237,2.997357494860356
1,128,1,mpc_success,0.01,-0.16101414105600537,-0.16108020875868576,True,-0.16101414105600537,-0.16108020875868576,-3.0027212713614957,2.99735749486008
1,129,0,mpc_success,0.01,-0.16086914767836205,-0.16091808465066432,True,-0.16086914767836205,-0.16091808465066432,-3.002601518202726,2.997495145553751
1,129,1,mpc_success,0.01,-0.16086914767854837,-0.16091808465077267,True,-0.16086914767854837,-0.16091808465077267,-3.002601518202919,2.9974951455536543
1,130,0,mpc_success,0.01,-0.16099963864123365,-0.16106677870923425,True,-0.16099963864123365,-0.16106677870923425,-3.0027564245063285,2.99732296846878
1,130,1,mpc_success,0.01,-0.16099963864132852,-0.1610667787091619,True,-0.16099963864132852,-0.1610667787091619,-3.0027564245064475,2.997322968468881
1,131,0,mpc_success,0.01,-0.16359521216155007,-0.1626794167382468,True,-0.16359521216155007,-0.1626794167382468,-3.0053796558985866,2.9956831829724946
1,131,1,mpc_success,0.01,-0.1635952121615795,-0.16267941673778083,True,-0.1635952121615795,-0.16267941673778083,-3.00537965589864,2.9956831829730244
1,132,0,mpc_success,0.01,-0.161141311189101,-0.16123965828192666,True,-0.161141311189101,-0.16123965828192666,-3.0029607459722683,2.997092647425168
1,132,1,mpc_success,0.01,-0.16114131118888078,-0.1612396582819777,True,-0.16114131118888078,-0.1612396582819777,-3.00296074597202,2.9970926474251645
1,133,0,mpc_success,0.01,-0.15806186494784027,-0.1590292008794127,True,-0.15806186494784027,-0.1590292008794127,-2.9998549267270724,2.9993110954947464
1,133,1,mpc_success,0.01,-0.1580618649480577,-0.15902920088014352,True,-0.1580618649480577,-0.15902920088014352,-2.9998549267272785,2.9993110954940283
1,134,0,mpc_success,0.01,-0.16060715277195206,-0.16077772114309793,True,-0.16060715277195206,-0.16077772114309793,-3.002416838078,2.9975465652892237
1,134,1,mpc_success,0.01,-0.16060715277176274,-0.16077772114309224,True,-0.16060715277176274,-0.16077772114309224,-3.0024168380777994,2.9975465652892423
1,135,0,mpc_success,0.01,-0.16131795919075162,-0.16120674732912219,True,-0.16131795919075162,-0.16120674732912219,-3.0032389759672284,2.9970356064681263
1,135,1,mpc_success,0.01,-0.16131795919102926,-0.16120674732884938,True,-0.16131795919102926,-0.16120674732884938,-3.003238975967495,2.9970356064684984
1,136,0,mpc_success,0.01,-0.163096915213169,-0.16008279427619934,True,-0.163096915213169,-0.16008279427619934,-3.0050777596444314,2.998112292223976
1,136,1,mpc_success,0.01,-0.16309691521220937,-0.16008279427634722,True,-0.16309691521220937,-0.16008279427634722,-3.005077759643391,2.9981122922239445
1,137,0,mpc_success,0.01,-0.1595207515553434,-0.16308787383186404,True,-0.1595207515553434,-0.16308787383186404,-3.0015180403206925,2.995096995193831
1,137,1,mpc_success,0.01,-0.15952075155581702,-0.1630878738311327,True,-0.15952075155581702,-0.1630878738311327,-3.001518040321085,2.995096995194662
1,138,0,mpc_success,0.01,-0.15999691755003156,-0.1605360415223902,True,-0.15999691755003156,-0.1605360415223902,-3.0019458995244404,2.9976155443435255
1,138,1,mpc_success,0.01,-0.15999691755007073,-0.16053604152266485,True,-0.15999691755007073,-0.16053604152266485,-3.001945899524433,2.997615544343333
1,139,0,mpc_success,0.01,-0.1608800611503821,-0.16038811268313685,True,-0.1608800611503821,-0.16038811268313685,-3.0028618232278492,2.9977991620550073
1,139,1,mpc_success,0.01,-0.16088006115060496,-0.16038811268316475,True,-0.16088006115060496,-0.16038811268316475,-3.002861823228043,2.9977991620550437
1,140,0,mpc_success,0.01,-0.1619893044997891,-0.16094246287868572,True,-0.1619893044997891,-0.16094246287868572,-3.004022447347752,2.9972278993867594
1,140,1,mpc_success,0.01,-0.1619893045001914,-0.160942462879658,True,-0.1619893045001914,-0.160942462879658,-3.0040224473481594,2.997227899385782
1,141,0,mpc_success,0.01,-0.1607308057528015,-0.1611535636735917,True,-0.1607308057528015,-0.1611535636735917,-3.002797050937647,2.996971225705856
1,141,1,mpc_success,0.01,-0.1607308057524532,-0.16115356367356387,True,-0.1607308057524532,-0.16115356367356387,-3.0027970509372692,2.996971225705862
1,142,0,mpc_success,0.01,-0.1606932876518858,-0.1610961467725582,True,-0.1606932876518858,-0.1610961467725582,-3.00275546838101,2.9969896961115543
1,142,1,mpc_success,0.01,-0.16069328765112906,-0.16109614677179157,True,-0.16069328765112906,-0.16109614677179157,-3.0027554683801023,2.996989696112437
1,143,0,mpc_success,0.01,-0.1607451157753971,-0.1609378276288743,True,-0.1607451157753971,-0.1609378276288743,-3.0028286335546146,2.9971200183984035
1,143,1,mpc_success,0.01,-0.16074511577544126,-0.1609378276283036,True,-0.16074511577544126,-0.1609378276283036,-3.0028286335545595,2.9971200183991775
1,144,0,mpc_success,0.01,-0.16062217559473202,-0.16078046331792775,True,-0.16062217559473202,-0.16078046331792775,-3.0027402685943456,2.9972527881607287
1,144,1,mpc_success,0.01,-0.1606221755958974,-0.16078046331839782,True,-0.1606221755958974,-0.16078046331839782,-3.0027402685955855,2.997252788160392
1,145,0,mpc_success,0.01,-0.1608413532774371,-0.16088150378603175,True,-0.1608413532774371,-0.16088150378603175,-3.002995406748241,2.9971245605994303
1,145,1,mpc_success,0.01,-0.1608413532777699,-0.1608815037861804,True,-0.1608413532777699,-0.1608815037861804,-3.002995406748701,2.9971245605993797
1,146,0,mpc_success,0.01,-0.1608741658865579,-0.16086884434230095,True,-0.1608741658865579,-0.16086884434230095,-3.0030650351853825,2.9971055316219046
1,146,1,mpc_success,0.01,-0.16087416588602818,-0.160868844342039,True,-0.16087416588602818,-0.160868844342039,-3.003065035184858,2.9971055316223163
1,147,0,mpc_success,0.01,-0.16003581170077594,-0.1602689515131192,True,-0.16003581170077594,-0.1602689515131192,-3.002255352433439,2.9976763286389403
1,147,1,mpc_success,0.01,-0.16003581170005432,-0.16026895151311735,True,-0.16003581170005432,-0.16026895151311735,-3.0022553524325843,2.9976763286391273
1,148,0,mpc_success,0.01,-0.16075622017025146,-0.16082929260221177,True,-0.16075622017025146,-0.16082929260221177,-3.0029965462666834,2.997091111585843
1,148,1,mpc_success,0.01,-0.16075622017037233,-0.16082929260229176,True,-0.16075622017037233,-0.16082929260229176,-3.0029965462666883,2.9970911115859478
1,149,0,mpc_success,0.01,-0.16087060638164288,-0.16092596147197133,True,-0.16087060638164288,-0.16092596147197133,-3.0031502540971715,2.9969568850647312
1,149,1,mpc_success,0.01,-0.16087060638200523,-0.1609259614721565,True,-0.16087060638200523,-0.1609259614721565,-3.0031502540974877,2.9969568850646957
1,150,0,mpc_success,0.01,-0.16079081869451778,-0.16085343647705086,True,-0.16079081869451778,-0.16085343647705086,-3.0030954127541576,2.997004449064141
1,150,1,mpc_success,0.01,-0.16079081869453582,-0.16085343647725092,True,-0.16079081869453582,-0.16085343647725092,-3.003095412754129,2.9970044490640557
1,151,0,mpc_success,0.01,-0.1607345585473812,-0.16080082469254617,True,-0.1607345585473812,-0.16080082469254617,-3.0030558787234187,2.997039554056759
1,151,1,mpc_success,0.01,-0.16073455854781196,-0.1608008246925738,True,-0.16073455854781196,-0.1608008246925738,-3.0030558787238903,2.9970395540568466
1,152,0,mpc_success,0.01,-0.1607318342371187,-0.16079483295539881,True,-0.1607318342371187,-0.16079483295539881,-3.003071821260649,2.997026643254338
1,152,1,mpc_success,0.01,-0.16073183423749182,-0.16079483295576433,True,-0.16073183423749182,-0.16079483295576433,-3.0030718212611327,2.9970266432540185
1,153,0,mpc_success,0.01,-0.16074950879415595,-0.16080714437642468,True,-0.16074950879415595,-0.16080714437642468,-3.003113547831325,2.996990919512818
1,153,1,mpc_success,0.01,-0.16074950879405894,-0.16080714437686586,True,-0.16074950879405894,-0.16080714437686586,-3.003113547831321,2.996990919512336
1,154,0,mpc_success,0.01,-0.1607621236371177,-0.16081567563987711,True,-0.1607621236371177,-0.16081567563987711,-3.003154405312863,2.9969553852325954
1,154,1,mpc_success,0.01,-0.16076212363680925,-0.16081567564014618,True,-0.16076212363680925,-0.16081567564014618,-3.0031544053125785,2.996955385232251
1,155,0,mpc_success,0.01,-0.16076383970001662,-0.16081515611511393,True,-0.16076383970001662,-0.16081515611511393,-3.0031864600284894,2.9969270568738815
1,155,1,mpc_success,0.01,-0.1607638396997419,-0.16081515611496544,True,-0.1607638396997419,-0.16081515611496544,-3.003186460028186,2.996927056873989
1,156,0,mpc_success,0.01,-0.16075828441777756,-0.16080852227959305,True,-0.16075828441777756,-0.16080852227959305,-3.0032120022020417,2.9969041275655837
1,156,1,mpc_success,0.01,-0.16075828441746431,-0.1608085222797453,True,-0.16075828441746431,-0.1608085222797453,-3.0032120022016477,2.9969041275653554
1,157,0,mpc_success,0.01,-0.1607497215660684,-0.16079933807152244,True,-0.1607497215660684,-0.16079933807152244,-3.0032347521372347,2.9968834980286236
1,157,1,mpc_success,0.01,-0.1607497215663244,-0.16079933807190866,True,-0.1607497215663244,-0.16079933807190866,-3.0032347521374625,2.996883498028092
1,158,0,mpc_success,0.01,-0.1607403373296683,-0.16078943598273557,True,-0.1607403373296683,-0.16078943598273557,-3.0032567368997003,2.996863477177528
1,158,1,mpc_success,0.01,-0.1607403373295554,-0.16078943598253023,True,-0.1607403373295554,-0.16078943598253023,-3.003256736899524,2.99686347717764
1,159,0,mpc_success,0.01,-0.1605076721844781,-0.16051688583177576,True,-0.1605076721844781,-0.16051688583177576,-3.0030554458992715,2.997106046285282
1,159,1,mpc_success,0.01,-0.16050767218478762,-0.16051688583166074,True,-0.16050767218478762,-0.16051688583166074,-3.00305544589957,2.9971060462853383
1,160,0,mpc_success,0.01,-0.16071834969759016,-0.16076371653184082,True,-0.16071834969759016,-0.16076371653184082,-3.003296600609324,2.996830236278895
1,160,1,mpc_success,0.01,-0.1607183496972161,-0.16076371653153027,True,-0.1607183496972161,-0.16076371653153027,-3.0032966006088695,2.996830236279199
1,161,0,mpc_success,0.01,-0.16073451496154392,-0.16078573514605357,True,-0.16073451496154392,-0.16078573514605357,-3.0033484298923305,2.996773096100443
1,161,1,mpc_success,0.01,-0.16073451496128913,-0.16078573514614872,True,-0.16073451496128913,-0.16078573514614872,-3.003348429891944,2.9967730961003234
1,162,0,mpc_success,0.01,-0.1607028222595489,-0.16075004907124302,True,-0.1607028222595489,-0.16075004907124302,-3.0033475839274755,2.996779241357485
1,162,1,mpc_success,0.01,-0.1607028222598312,-0.16075004907146065,True,-0.1607028222598312,-0.16075004907146065,-3.0033475839276775,2.9967792413572085
1,163,0,mpc_success,0.01,-0.1606795398184257,-0.16072341458590966,True,-0.1606795398184257,-0.16072341458590966,-3.0033525556563054,2.99677940602271
1,163,1,mpc_success,0.01,-0.16067953981866634,-0.16072341458574285,True,-0.16067953981866634,-0.16072341458574285,-3.0033525556565186,2.9967794060228523
1,164,0,mpc_success,0.01,-0.1606721220571003,-0.1607152494468248,True,-0.1606721220571003,-0.1607152494468248,-3.0033737787505355,2.996760677387187
1,164,1,mpc_success,0.01,-0.16067212205716475,-0.16071524944617363,True,-0.16067212205716475,-0.16071524944617363,-3.0033737787505728,2.9967606773879516
1,165,0,mpc_success,0.01,-0.16067113058249122,-0.16071464484396045,True,-0.16067113058249122,-0.16071464484396045,-3.0034028650132454,2.99673271380905
1,165,1,mpc_success,0.01,-0.16067113058237703,-0.1607146448432851,True,-0.16067113058237703,-0.1607146448432851,-3.003402865013087,2.99673271380996
1,166,0,mpc_success,0.01,-0.16066937206792586,-0.16071307903944296,True,-0.16066937206792586,-0.16071307903944296,-3.003432367125384,2.9967043341310933
1,166,1,mpc_success,0.01,-0.16066937206782456,-0.16071307903996365,True,-0.16066937206782456,-0.16071307903996365,-3.003432367125221,2.9967043341307034
1,167,0,mpc_success,0.01,-0.1606650995118485,-0.1607084165440323,True,-0.1606650995118485,-0.1607084165440323,-3.0034600211112004,2.9966782937739054
1,167,1,mpc_success,0.01,-0.16066509951180716,-0.1607084165448157,True,-0.16066509951180716,-0.1607084165448157,-3.003460021111097,2.9966782937730967
1,168,0,mpc_success,0.01,-0.16065921718066636,-0.16070169824446082,True,-0.16065921718066636,-0.16070169824446082,-3.003486409695988,2.996653944733588
1,168,1,mpc_success,0.01,-0.1606592171804401,-0.16070169824437652,True,-0.1606592171804401,-0.16070169824437652,-3.0034864096956473,2.996653944733682
1,169,0,mpc_success,0.01,-0.1606528372682621,-0.16069424826687884,True,-0.1606528372682621,-0.16069424826687884,-3.0035125297528737,2.9966301097643404
1,169,1,mpc_success,0.01,-0.16065283726772675,-0.16069424826654397,True,-0.16065283726772675,-0.16069424826654397,-3.0035125297521197,2.9966301097647547
1,170,0,mpc_success,0.01,-0.16064651364718538,-0.16068674031465122,True,-0.16064651364718538,-0.16068674031465122,-3.0035389143091447,2.9966061468167684
1,170,1,mpc_success,0.01,-0.1606465136473473,-0.16068674031440358,True,-0.1606465136473473,-0.16068674031440358,-3.0035389143091225,2.9966061468171468
1,171,0,mpc_success,0.01,-0.16064038841652534,-0.1606793558572891,True,-0.16064038841652534,-0.1606793558572891,-3.003565704838583,2.9965818796955164
1,171,1,mpc_success,0.01,-0.16064038841763192,-0.16067935585743545,True,-0.16064038841763192,-0.16067935585743545,-3.0035657048397133,2.996581879695483
1,172,0,mpc_success,0.01,-0.16063447339924106,-0.16067211518332478,True,-0.16063447339924106,-0.16067211518332478,-3.0035929116142706,2.996557293179776
1,172,1,mpc_success,0.01,-0.16063447339913994,-0.1606721151834233,True,-0.16063447339913994,-0.1606721151834233,-3.0035929116141755,2.9965572931797557
1,173,0,mpc_success,0.01,-0.16062878340812817,-0.1606650381174839,True,-0.16062878340812817,-0.1606650381174839,-3.0036205490993217,2.9965323704020213
1,173,1,mpc_success,0.01,-0.16062878340820166,-0.16066503811714788,True,-0.16062878340820166,-0.16066503811714788,-3.0036205490994017,2.996532370402522
1,174,0,mpc_success,0.01,-0.1606233531333374,-0.16065816625654503,True,-0.1606233531333374,-0.16065816625654503,-3.003648656576865,2.9965070664063505
1,174,1,mpc_success,0.01,-0.1606233531338435,-0.1606581662566946,True,-0.1606233531338435,-0.1606581662566946,-3.0036486565774814,2.9965070664063314
1,175,0,mpc_success,0.01,-0.16061821741173005,-0.16065154053628455,True,-0.16061821741173005,-0.16065154053628455,-3.003677278251156,2.9964813308916933
1,175,1,mpc_success,0.01,-0.16061821741180154,-0.16065154053662506,True,-0.16061821741180154,-0.16065154053662506,-3.003677278251355,2.9964813308914136
1,176,0,mpc_success,0.01,-0.16061340055273088,-0.1606451882453828,True,-0.16061340055273088,-0.1606451882453828,-3.003706450281644,2.9964551240243953
1,176,1,mpc_success,0.01,-0.16061340055255627,-0.16064518824540444,True,-0.16061340055255627,-0.16064518824540444,-3.0037064502815616,2.996455124024434
1,177,0,mpc_success,0.01,-0.15823433739512582,-0.15852496156844284,True,-0.15823433739512582,-0.15852496156844284,-3.001361619752547,2.9985425804871904
1,177,1,mpc_success,0.01,-0.15823433739484086,-0.15852496156837087,True,-0.15823433739484086,-0.15852496156837087,-3.0013616197523194,2.9985425804873223
1,178,0,mpc_success,0.01,-0.16069587719218675,-0.16069603513936598,True,-0.16069587719218675,-0.16069603513936598,-3.0038483607780853,2.9963467815489886
1,178,1,mpc_success,0.01,-0.1606958771911562,-0.16069603513928168,True,-0.1606958771911562,-0.16069603513928168,-3.0038483607769035,2.99634678154915
1,179,0,mpc_success,0.01,-0.1608311096782581,-0.16084072471321564,True,-0.1608311096782581,-0.16084072471321564,-3.0040651061985333,2.9961273048373127
1,179,1,mpc_success,0.01,-0.16083110967765865,-0.16084072471357513,True,-0.16083110967765865,-0.16084072471357513,-3.004065106197679,2.996127304836961
1,180,0,mpc_success,0.01,-0.1605964419218662,-0.16062897820246447,True,-0.1605964419218662,-0.16062897820246447,-3.0038582670320126,2.996311598648443
1,180,1,mpc_success,0.01,-0.1605964419222551,-0.1606289782023454,True,-0.1605964419222551,-0.1606289782023454,-3.0038582670322334,2.996311598648605
1,181,0,mpc_success,0.01,-0.1604491553752003,-0.16049379343296194,True,-0.1604491553752003,-0.16049379343296194,-3.0037143185059763,2.99644170275896
1,181,1,mpc_success,0.01,-0.16044915537557541,-0.16049379343254358,True,-0.16044915537557541,-0.16049379343254358,-3.003714318506253,2.9964417027595074
1,182,0,mpc_success,0.01,-0.1604584769574549,-0.16049948302200942,True,-0.1604584769574549,-0.16049948302200942,-3.003731729593157,2.9964268400658396
1,182,1,mpc_success,0.01,-0.160458476957921,-0.16049948302173186,True,-0.160458476957921,-0.16049948302173186,-3.003731729593611,2.9964268400662983
1,183,0,mpc_success,0.01,-0.16052751608285287,-0.16055953676934318,True,-0.16052751608285287,-0.16055953676934318,-3.0038231534794386,2.996344765091251
1,183,1,mpc_success,0.01,-0.16052751608290067,-0.1605595367696865,True,-0.16052751608290067,-0.1605595367696865,-3.003823153479474,2.9963447650910195
1,184,0,mpc_success,0.01,-0.16058439341219774,-0.16060886216750891,True,-0.16058439341219774,-0.16060886216750891,-3.0039133440605155,2.9962635226052345
1,184,1,mpc_success,0.01,-0.16058439341219422,-0.16060886216772252,True,-0.16058439341219422,-0.16060886216772252,-3.0039133440605,2.996263522605098
1,185,0,mpc_success,0.01,-0.1606120124359809,-0.16063180404190858,True,-0.1606120124359809,-0.16063180404190858,-3.0039794929204753,2.9962039085118692
1,185,1,mpc_success,0.01,-0.16061201243580578,-0.16063180404151056,True,-0.16061201243580578,-0.16063180404151056,-3.0039794929202537,2.996203908512431
1,186,0,mpc_success,0.01,-0.16062010173642702,-0.1606370409551581,True,-0.16062010173642702,-0.1606370409551581,-3.004027799854221,2.9961604446327477
1,186,1,mpc_success,0.01,-0.16062010173632962,-0.16063704095527992,True,-0.16062010173632962,-0.16063704095527992,-3.004027799854059,2.996160444632755
1,187,0,mpc_success,0.01,-0.16062050404817443,-0.16063523647597402,True,-0.16062050404817443,-0.16063523647597402,-3.004068789610021,2.9961236761514556
1,187,1,mpc_success,0.01,-0.16062050404835243,-0.1606352364763414,True,-0.16062050404835243,-0.1606352364763414,-3.004068789610169,2.9961236761511483
1,188,0,mpc_success,0.01,-0.16061922939474993,-0.1606318231501683,True,-0.16061922939474993,-0.1606318231501683,-3.004108173471816,2.9960884535612013
1,188,1,mpc_success,0.01,-0.16061922939457715,-0.16063182315088417,True,-0.16061922939457715,-0.16063182315088417,-3.004108173471578,2.996088453560406
1,189,0,mpc_success,0.01,-0.16061788399489094,-0.16062827114490955,True,-0.16061788399489094,-0.16062827114490955,-3.004147487776795,2.996053376495188
1,189,1,mpc_success,0.01,-0.16061788399488444,-0.1606282711455028,True,-0.16061788399488444,-0.1606282711455028,-3.004147487776723,2.9960533764944106
1,190,0,mpc_success,0.01,-0.16061659315778173,-0.16062471264145464,True,-0.16061659315778173,-0.16062471264145464,-3.004186786587457,2.996018379198158
1,190,1,mpc_success,0.01,-0.16061659315777968,-0.16062471264132175,True,-0.16061659315777968,-0.16062471264132175,-3.0041867865873897,2.9960183791981416
1,191,0,mpc_success,0.01,-0.1606154710072131,-0.16062126134996998,True,-0.1606154710072131,-0.16062126134996998,-3.0042261306707436,2.9959833960091715
1,191,1,mpc_success,0.01,-0.16061547100728493,-0.1606212613490974,True,-0.16061547100728493,-0.1606212613490974,-3.0042261306707667,2.9959833960100686
1,192,0,mpc_success,0.01,-0.16061483026207635,-0.1606182018825485,True,-0.16061483026207635,-0.1606182018825485,-3.004265836706233,2.9959481379993913
1,192,1,mpc_success,0.01,-0.16061483026233642,-0.16061820188162337,True,-0.16061483026233642,-0.16061820188162337,-3.004265836706497,2.995948138000515
1,193,0,mpc_success,0.01,-0.16061498822996678,-0.16061581879502063,True,-0.16061498822996678,-0.16061581879502063,-3.0043062807394616,2.995912266921061
1,193,1,mpc_success,0.01,-0.16061498823042467,-0.16061581879427025,True,-0.16061498823042467,-0.16061581879427025,-3.004306280740011,2.995912266922149
1,194,0,mpc_success,0.01,-0.16061774188743594,-0.16061622561468666,True,-0.16061774188743594,-0.16061622561468666,-3.0043493472180245,2.995873589828723
1,194,1,mpc_success,0.01,-0.16061774188720976,-0.16061622561523514,True,-0.16061774188720976,-0.16061622561523514,-3.004349347217837,2.995873589828391
1,195,0,mpc_success,0.01,-0.16061839251321242,-0.16061373779252766,True,-0.16061839251321242,-0.16061373779252766,-3.0043904355747957,2.995837700453527
1,195,1,mpc_success,0.01,-0.16061839251301613,-0.16061373779275584,True,-0.16061839251301613,-0.16061373779275584,-3.004390435574604,2.9958377004534804
1,196,0,mpc_success,0.01,-0.16062143010458246,-0.1606137057035318,True,-0.16062143010458246,-0.1606137057035318,-3.0044340749437013,2.9957992263211857
1,196,1,mpc_success,0.01,-0.16062143010429866,-0.16061370570414152,True,-0.16062143010429866,-0.16061370570414152,-3.0044340749433696,2.9957992263206363
1,197,0,mpc_success,0.01,-0.16062578077002818,-0.16061493332222032,True,-0.16062578077002818,-0.16061493332222032,-3.0044793320605203,2.995759215350252
1,197,1,mpc_success,0.01,-0.16062578076991796,-0.16061493332253557,True,-0.16062578076991796,-0.16061493332253557,-3.0044793320603445,2.995759215349945
1,198,0,mpc_success,0.01,-0.16063103331502876,-0.1606169023201746,True,-0.16063103331502876,-0.1606169023201746,-3.0045258370677725,2.995718151888005
1,198,1,mpc_success,0.01,-0.16063103331468848,-0.16061690232010667,True,-0.16063103331468848,-0.16061690232010667,-3.0045258370672965,2.9957181518880986
1,199,0,mpc_success,0.01,-0.160637086837863,-0.16061949065509756,True,-0.160637086837863,-0.16061949065509756,-3.0045735132722218,2.995676143177856
1,199,1,mpc_success,0.01,-0.16063708683714673,-0.16061949065492176,True,-0.16063708683714673,-0.16061949065492176,-3.0045735132712306,2.9956761431780925
1,200,0,mpc_success,0.01,-0.1606439772288335,-0.16062274601665266,True,-0.1606439772288335,-0.16062274601665266,-3.0046224236971515,2.995633120215586
1,200,1,mpc_success,0.01,-0.16064397722842674,-0.16062274601672033,True,-0.16064397722842674,-0.16062274601672033,-3.0046224236964014,2.9956331202155617
1,201,0,mpc_success,0.01,-0.16065174551504613,-0.16062671895820224,True,-0.16065174551504613,-0.16062671895820224,-3.0046726379726536,2.9955890067544253
1,201,1,mpc_success,0.01,-0.160651745515518,-0.16062671895871383,True,-0.160651745515518,-0.16062671895871383,-3.0046726379728854,2.9955890067538533
1,202,0,mpc_success,0.01,-0.1606604085284718,-0.16063142499878824,True,-0.1606604085284718,-0.16063142499878824,-3.004724197786234,2.995543764275658
1,202,1,mpc_success,0.01,-0.16066040852961042,-0.16063142499882863,True,-0.16066040852961042,-0.16063142499882863,-3.004724197787359,2.995543764275557
1,203,0,mpc_success,0.01,-0.16066997503053215,-0.16063686776373085,True,-0.16066997503053215,-0.16063686776373085,-3.0047771312821823,2.995497371577111
1,203,1,mpc_success,0.01,-0.16066997503121425,-0.16063686776330527,True,-0.16066997503121425,-0.16063686776330527,-3.0047771312829723,2.995497371577563
1,204,0,mpc_success,0.01,-0.16068046082773008,-0.16064305468292212,True,-0.16068046082773008,-0.16064305468292212,-3.0048314693887352,2.9954498080427383
1,204,1,mpc_success,0.01,-0.16068046082811333,-0.16064305468253132,True,-0.16068046082811333,-0.16064305468253132,-3.004831469389296,2.9954498080432246
1,205,0,mpc_success,0.01,-0.1606918947495486,-0.16065000729356405,True,-0.1606918947495486,-0.16065000729356405,-3.0048872537051587,2.995401041410464
1,205,1,mpc_success,0.01,-0.16069189474929887,-0.1606500072930965,True,-0.16069189474929887,-0.1606500072930965,-3.004887253705035,2.995401041411114
1,206,0,mpc_success,0.01,-0.16070431580512898,-0.16065775729230536,True,-0.16070431580512898,-0.16065775729230536,-3.004944535104337,2.9953510301910304
1,206,1,mpc_success,0.01,-0.16070431580492264,-0.16065775729193085,True,-0.16070431580492264,-0.16065775729193085,-3.004944535104221,2.995351030191657
1,207,0,mpc_success,0.01,-0.16071777026705153,-0.16066634391088222,True,-0.16071777026705153,-0.16066634391088222,-3.005003371610258,2.9952997255234535
1,207,1,mpc_success,0.01,-0.16071777026641482,-0.16066634391100842,True,-0.16071777026641482,-0.16066634391100842,-3.00500337160959,2.9952997255235445
1,208,0,mpc_success,0.01,-0.1607323117870242,-0.16067581410930443,True,-0.1607323117870242,-0.16067581410930443,-3.0050638289366955,2.995247070592104
1,208,1,mpc_success,0.01,-0.16073231178652939,-0.16067581410972803,True,-0.16073231178652939,-0.16067581410972803,-3.005063828936083,2.9952470705918106
1,209,0,mpc_success,0.01,-0.16074799716390414,-0.16068621810574474,True,-0.16074799716390414,-0.16068621810574474,-3.0051259765097518,2.9951930048739563
1,209,1,mpc_success,0.01,-0.1607479971633472,-0.16068621810601452,True,-0.1607479971633472,-0.16068621810601452,-3.0051259765089733,2.9951930048737645
1,210,0,mpc_success,0.01,-0.16770673080372842,-0.16550937841742516,True,-0.16770673080372842,-0.16550937841742516,-3.0121317320447565,2.990325695001903
1,210,1,mpc_success,0.01,-0.16770673080464749,-0.16550937841735824,True,-0.16770673080464749,-0.16550937841735824,-3.012131732045506,2.9903256950020305
1,211,0,mpc_success,0.01,-0.16139851125216606,-0.1601434005547979,True,-0.16139851125216606,-0.1601434005547979,-3.005898256796066,2.9956282057813444
1,211,1,mpc_success,0.01,-0.1613985112523477,-0.16014340055507356,True,-0.1613985112523477,-0.16014340055507356,-3.005898256796148,2.9956282057810775
1,212,0,mpc_success,0.01,-0.15320480930403776,-0.1565215849205426,True,-0.15320480930403776,-0.1565215849205426,-2.9976194915992753,2.999301106605782
1,212,1,mpc_success,0.01,-0.15320480930356722,-0.1565215849201636,True,-0.15320480930356722,-0.1565215849201636,-2.9976194915987233,2.9993011066062745
1,213,0,mpc_success,0.01,-0.16856087169547737,-0.16550251570710342,True,-0.16856087169547737,-0.16550251570710342,-3.0130010773876275,2.9902670447455826
1,213,1,mpc_success,0.01,-0.168560871696164,-0.1655025157062639,True,-0.168560871696164,-0.1655025157062639,-3.0130010773883016,2.990267044746657
1,214,0,mpc_success,0.01,-0.1614855612884137,-0.1605048174203185,True,-0.1614855612884137,-0.1605048174203185,-3.006236570053921,2.995063119964727
1,214,1,mpc_success,0.01,-0.16148556128831498,-0.16050481742024228,True,-0.16148556128831498,-0.16050481742024228,-3.0062365700537743,2.9950631199650384
1,215,0,mpc_success,0.01,-0.16111982850733786,-0.16083516964283381,True,-0.16111982850733786,-0.16083516964283381,-3.005842884855636,2.994739822059785
1,215,1,mpc_success,0.01,-0.16111982850720666,-0.16083516964331984,True,-0.16111982850720666,-0.16083516964331984,-3.0058428848554226,2.99473982205943
1,216,0,mpc_success,0.01,-0.1611383987239059,-0.1609411785733881,True,-0.1611383987239059,-0.1609411785733881,-3.0058973280331873,2.9945847905757437
1,216,1,mpc_success,0.01,-0.16113839872384897,-0.16094117857399717,True,-0.16113839872384897,-0.16094117857399717,-3.0058973280330488,2.994584790575144
1,217,0,mpc_success,0.01,-0.16051843267810859,-0.1603802733467829,True,-0.16051843267810859,-0.1603802733467829,-3.0053547755202707,2.9950818493845315
1,217,1,mpc_success,0.01,-0.16051843267797739,-0.16038027334752133,True,-0.16051843267797739,-0.16038027334752133,-3.0053547755200407,2.995081849383646
1,218,0,mpc_success,0.01,-0.1610067390070137,-0.16082709791050354,True,-0.1610067390070137,-0.16082709791050354,-3.0059277941736697,2.9945744361627846
1,218,1,mpc_success,0.01,-0.16100673900670454,-0.16082709791019115,True,-0.16100673900670454,-0.16082709791019115,-3.0059277941732265,2.9945744361630364
1,219,0,mpc_success,0.01,-0.15707251544072326,-0.16038094226397964,True,-0.15707251544072326,-0.16038094226397964,-3.002085413365585,2.9949522161280244
1,219,1,mpc_success,0.01,-0.15707251544045348,-0.1603809422634415,True,-0.15707251544045348,-0.1603809422634415,-3.0020854133651813,2.994952216128641
1,220,0,mpc_success,0.01,-0.16057843081094347,-0.1606041583502606,True,-0.16057843081094347,-0.1606041583502606,-3.0056441562936334,2.9946777016426105
1,220,1,mpc_success,0.01,-0.16057843081099712,-0.16060415834948694,True,-0.16057843081099712,-0.16060415834948694,-3.0056441562935707,2.9946777016436013
1,221,0,mpc_success,0.01,-0.16125145414222333,-0.1609256447599325,True,-0.16125145414222333,-0.1609256447599325,-3.0064435120576656,2.9943041483334807
1,221,1,mpc_success,0.01,-0.16125145414229097,-0.1609256447594202,True,-0.16125145414229097,-0.1609256447594202,-3.0064435120576345,2.9943041483342965
1,222,0,mpc_success,0.01,-0.16085894654111346,-0.1607331811219335,True,-0.16085894654111346,-0.1607331811219335,-3.006092315273025,2.9944517707721343
1,222,1,mpc_success,0.01,-0.16085894654126665,-0.16073318112177482,True,-0.16085894654126665,-0.16073318112177482,-3.006092315273114,2.994451770772614
1,223,0,mpc_success,0.01,-0.160606484091409,-0.1608066432623829,True,-0.160606484091409,-0.1608066432623829,-3.0058283006554993,2.9943440278351554
1,223,1,mpc_success,0.01,-0.16060648409123668,-0.16080664326303803,True,-0.16060648409123668,-0.16080664326303803,-3.005828300655228,2.9943440278346825
1,224,0,mpc_success,0.01,-0.16062547890125667,-0.160757714556344,True,-0.16062547890125667,-0.160757714556344,-3.0058405665913064,2.9943534646049277
1,224,1,mpc_success,0.01,-0.16062547890120357,-0.1607577145570431,True,-0.16062547890120357,-0.1607577145570431,-3.0058405665911545,2.994353464604272
1,225,0,mpc_success,0.01,-0.16079086057099679,-0.16096520187667832,True,-0.16079086057099679,-0.16096520187667832,-3.0060256084888812,2.994102367127128
1,225,1,mpc_success,0.01,-0.16079086057090464,-0.16096520187658836,True,-0.16079086057090464,-0.16096520187658836,-3.0060256084886903,2.994102367127279
1,226,0,mpc_success,0.01,-0.16095070392778818,-0.16087119590694354,True,-0.16095070392778818,-0.16087119590694354,-3.00622813116522,2.9941459250899305
1,226,1,mpc_success,0.01,-0.16095070392834065,-0.16087119590688945,True,-0.16095070392834065,-0.16087119590688945,-3.006228131165795,2.994145925090045
1,227,0,mpc_success,0.01,-0.16103761699712965,-0.16118563099219071,True,-0.16103761699712965,-0.16118563099219071,-3.006370326552083,2.993781401747789
1,227,1,mpc_success,0.01,-0.16103761699700847,-0.1611856309920455,True,-0.16103761699700847,-0.1611856309920455,-3.0063703265519663,2.9937814017480124
1,228,0,mpc_success,0.01,-0.16112788628248084,-0.16096508720717584,True,-0.16112788628248084,-0.16096508720717584,-3.006521202565207,2.9939460894743473
1,228,1,mpc_success,0.01,-0.16112788628276142,-0.16096508720667818,True,-0.16112788628276142,-0.16096508720667818,-3.006521202565562,2.9939460894750094
1,229,0,mpc_success,0.01,-0.16117965433020498,-0.1609724974722774,True,-0.16117965433020498,-0.1609724974722774,-3.0066364684802767,2.9938869114584703
1,229,1,mpc_success,0.01,-0.16117965433017828,-0.16097249747209444,True,-0.16117965433017828,-0.16097249747209444,-3.0066364684803246,2.9938869114588353
1,230,0,mpc_success,0.01,-0.16210236029562572,-0.16075509551894648,True,-0.16210236029562572,-0.16075509551894648,-3.007623703827143,2.9940459966290933
1,230,1,mpc_success,0.01,-0.16210236029466135,-0.16075509551885198,True,-0.16210236029466135,-0.16075509551885198,-3.0076237038261135,2.99404599662937
1,231,0,mpc_success,0.01,-0.16133890453003416,-0.16115837326475682,True,-0.16133890453003416,-0.16115837326475682,-3.0069291706100376,2.993582024418845
1,231,1,mpc_success,0.01,-0.16133890453006805,-0.16115837326496038,True,-0.16133890453006805,-0.16115837326496038,-3.006929170610041,2.9935820244187714
1,232,0,mpc_success,0.01,-0.16124273024222457,-0.16121248060627333,True,-0.16124273024222457,-0.16121248060627333,-3.006882471110055,2.9934604156700604
1,232,1,mpc_success,0.01,-0.16124273024233862,-0.16121248060638416,True,-0.16124273024233862,-0.16121248060638416,-3.0068824711101736,2.993460415670045
1,233,0,mpc_success,0.01,-0.16113372403757853,-0.16149028647963615,True,-0.16113372403757853,-0.16149028647963615,-3.0068411737372083,2.9931237028616287
1,233,1,mpc_success,0.01,-0.1611337240375112,-0.161490286480141,True,-0.1611337240375112,-0.161490286480141,-3.006841173737145,2.9931237028611144
1,234,0,mpc_success,0.01,-0.1614776695914069,-0.16124734785368314,True,-0.1614776695914069,-0.16124734785368314,-3.007263568880315,2.993310011877193
1,234,1,mpc_success,0.01,-0.16147766959150586,-0.1612473478536099,True,-0.16147766959150586,-0.1612473478536099,-3.007263568880453,2.9933100118772575
1,235,0,mpc_success,0.01,-0.1615774475969064,-0.1612536511447879,True,-0.1615774475969064,-0.1612536511447879,-3.007447195336354,2.9932519965636377
1,235,1,mpc_success,0.01,-0.1615774475970067,-0.1612536511443201,True,-0.1615774475970067,-0.1612536511443201,-3.0074471953365283,2.993251996564166
1,236,0,mpc_success,0.01,-0.16147460889537932,-0.16156423254992108,True,-0.16147460889537932,-0.16156423254992108,-3.0074185196440157,2.9928808987531363
1,236,1,mpc_success,0.01,-0.16147460889480228,-0.16156423254985042,True,-0.16147460889480228,-0.16156423254985042,-3.007418519643408,2.9928808987532673
1,237,0,mpc_success,0.01,-0.16154528367599097,-0.16160151782045307,True,-0.16154528367599097,-0.16160151782045307,-3.0075560431800263,2.9927761778316713
1,237,1,mpc_success,0.01,-0.16154528367467302,-0.16160151782018864,True,-0.16154528367467302,-0.16160151782018864,-3.0075560431784347,2.992776177832031
1,238,0,mpc_success,0.01,-0.16177745323602333,-0.16145137530582906,True,-0.16177745323602333,-0.16145137530582906,-3.007856321602894,2.992861978629339
1,238,1,mpc_success,0.01,-0.16177745323495266,-0.1614513753053593,True,-0.16177745323495266,-0.1614513753053593,-3.0078563216013756,2.9928619786299735
1,239,0,mpc_success,0.01,-0.16173652644845327,-0.16179723871245602,True,-0.16173652644845327,-0.16179723871245602,-3.007884734028492,2.992451609090203
1,239,1,mpc_success,0.01,-0.16173652644896636,-0.16179723871181573,True,-0.16173652644896636,-0.16179723871181573,-3.0078847340286963,2.9924516090911126
1,240,0,mpc_success,0.01,-0.1618760304436311,-0.16166830312066152,True,-0.1618760304436311,-0.16166830312066152,-3.0080907235093943,2.992508595458732
1,240,1,mpc_success,0.01,-0.16187603044427604,-0.16166830312068187,True,-0.16187603044427604,-0.16166830312068187,-3.008090723509869,2.992508595458946
1,241,0,mpc_success,0.01,-0.16198783247104373,-0.16169627368719094,True,-0.16198783247104373,-0.16169627368719094,-3.008273065564399,2.9924131130957794
1,241,1,mpc_success,0.01,-0.16198783247150947,-0.16169627368759323,True,-0.16198783247150947,-0.16169627368759323,-3.0082730655647993,2.9924131130955076
1,242,0,mpc_success,0.01,-0.16209648571230717,-0.1617895477683661,True,-0.16209648571230717,-0.1617895477683661,-3.0084542567697112,2.992248310039952
1,242,1,mpc_success,0.01,-0.16209648571258437,-0.16178954776877144,True,-0.16209648571258437,-0.16178954776877144,-3.0084542567699923,2.9922483100395727
1,243,0,mpc_success,0.01,-0.16211497752846157,-0.16236540912972908,True,-0.16211497752846157,-0.16236540912972908,-3.0085473170935146,2.9915981919833565
1,243,1,mpc_success,0.01,-0.16211497752840068,-0.16236540913000855,True,-0.16211497752840068,-0.16236540913000855,-3.008547317093458,2.9915981919830346
1,244,0,mpc_success,0.01,-0.16232624061409906,-0.16202484510799295,True,-0.16232624061409906,-0.16202484510799295,-3.008835046687305,2.9918624471630872
1,244,1,mpc_success,0.01,-0.1623262406141217,-0.1620248451073046,True,-0.1623262406141217,-0.1620248451073046,-3.0088350466873663,2.9918624471638373
1,245,0,mpc_success,0.01,-0.16259495389802095,-0.1619708981764856,True,-0.16259495389802095,-0.1619708981764856,-3.0091847529370583,2.9918516689806993
1,245,1,mpc_success,0.01,-0.1625949538972414,-0.16197089817663843,True,-0.1625949538972414,-0.16197089817663843,-3.0091847529361786,2.991851668980539
1,246,0,mpc_success,0.01,-0.16264908440335143,-0.162469958930081,True,-0.16264908440335143,-0.162469958930081,-3.009320615985891,2.991278706698503
1,246,1,mpc_success,0.01,-0.16264908440263354,-0.1624699589301092,True,-0.16264908440263354,-0.1624699589301092,-3.0093206159849686,2.9912787066984325
1,247,0,mpc_success,0.01,-0.1627565160033872,-0.16233093992921485,True,-0.1627565160033872,-0.16233093992921485,-3.0095079324961844,2.9913340756138767
1,247,1,mpc_success,0.01,-0.16275651600313953,-0.16233093992810937,True,-0.16275651600313953,-0.16233093992810937,-3.009507932495733,2.9913340756151134
1,248,0,mpc_success,0.01,-0.16292038201021605,-0.16258785354758534,True,-0.16292038201021605,-0.16258785354758534,-3.009755432300617,2.9910004263007126
1,248,1,mpc_success,0.01,-0.16292038201039474,-0.1625878535470001,True,-0.16292038201039474,-0.1625878535470001,-3.0097554323006603,2.991000426301499
1,249,0,mpc_success,0.01,-0.1627348135409916,-0.16230558189497707,True,-0.1627348135409916,-0.16230558189497707,-3.009657989155313,2.991200617630647
1,249,1,mpc_success,0.01,-0.16273481354050506,-0.16230558189454936,True,-0.16273481354050506,-0.16230558189454936,-3.0096579891546225,2.9912006176313106
1,250,0,mpc_success,0.01,-0.16476063497275492,-0.16260050532518405,True,-0.16476063497275492,-0.16260050532518405,-3.0117734732274966,2.990825559761565
1,250,1,mpc_success,0.01,-0.1647606349734661,-0.1626005053247425,True,-0.1647606349734661,-0.1626005053247425,-3.0117734732280033,2.990825559762382
1,251,0,mpc_success,0.01,-0.16371433224144488,-0.16269096228143431,True,-0.16371433224144488,-0.16269096228143431,-3.0108331569306634,2.9906448512235144
1,251,1,mpc_success,0.01,-0.16371433224156018,-0.16269096228076826,True,-0.16371433224156018,-0.16269096228076826,-3.0108331569306097,2.990644851224659
1,252,0,mpc_success,0.01,-0.16359774086918055,-0.16276421533369323,True,-0.16359774086918055,-0.16276421533369323,-3.010782597287816,2.9904833130439856
1,252,1,mpc_success,0.01,-0.16359774086888684,-0.16276421533380123,True,-0.16359774086888684,-0.16276421533380123,-3.0107825972873186,2.9904833130442867
1,253,0,mpc_success,0.01,-0.16415556923323738,-0.16291876442799005,True,-0.16415556923323738,-0.16291876442799005,-3.011432137603788,2.9902413251523807
1,253,1,mpc_success,0.01,-0.16415556923326421,-0.16291876442884476,True,-0.16415556923326421,-0.16291876442884476,-3.0114321376036455,2.9902413251517275
1,254,0,mpc_success,0.01,-0.16484633266505128,-0.16371504008119947,True,-0.16484633266505128,-0.16371504008119947,-3.0122384100689406,2.9893565614145885
1,254,1,mpc_success,0.01,-0.1648463326649687,-0.16371504008170243,True,-0.1648463326649687,-0.16371504008170243,-3.012238410068724,2.9893565614140787
1,255,0,mpc_success,0.01,-0.16496392978059904,-0.1633122729260733,True,-0.16496392978059904,-0.1633122729260733,-3.012473243328166,2.989667960711439
1,255,1,mpc_success,0.01,-0.1649639297802261,-0.163312272925892,True,-0.1649639297802261,-0.163312272925892,-3.0124732433276593,2.989667960711544
1,256,0,mpc_success,0.01,-0.16458836918915637,-0.16310421676533302,True,-0.16458836918915637,-0.16310421676533302,-3.01220453145851,2.98979841761025
1,256,1,mpc_success,0.01,-0.16458836918900144,-0.16310421676393494,True,-0.16458836918900144,-0.16310421676393494,-3.012204531458291,2.98979841761185
1,257,0,mpc_success,0.01,-0.16533190145069945,-0.16314184434830295,True,-0.16533190145069945,-0.16314184434830295,-3.0130557849080857,2.989670094877869
1,257,1,mpc_success,0.01,-0.16533190145069487,-0.16314184434677118,True,-0.16533190145069487,-0.16314184434677118,-3.0130557849080866,2.989670094879811
1,258,0,mpc_success,0.01,-0.16513957297350543,-0.163378341790946,True,-0.16513957297350543,-0.163378341790946,-3.012991291308545,2.989327521747987
1,258,1,mpc_success,0.01,-0.16513957297300072,-0.16337834179053118,True,-0.16513957297300072,-0.16337834179053118,-3.01299129130801,2.9893275217487427
1,259,0,mpc_success,0.01,-0.16442605127570947,-0.16190771029495388,True,-0.16442605127570947,-0.16190771029495388,-3.012399061257562,2.990685967480041
1,259,1,mpc_success,0.01,-0.1644260512750464,-0.1619077102951668,True,-0.1644260512750464,-0.1619077102951668,-3.0123990612567306,2.9906859674801347
1,260,0,mpc_success,0.01,-0.1662533160717571,-0.16421911215621676,True,-0.1662533160717571,-0.16421911215621676,-3.0143523728997583,2.9882729213489094
1,260,1,mpc_success,0.01,-0.1662533160710656,-0.1642191121558251,True,-0.1662533160710656,-0.1642191121558251,-3.014352372898864,2.9882729213496084
1,261,0,mpc_success,0.01,-0.16734042970977164,-0.16475404582371253,True,-0.16734042970977164,-0.16475404582371253,-3.015592411098888,2.987600723888754
1,261,1,mpc_success,0.01,-0.16734042970970517,-0.16475404582306358,True,-0.16734042970970517,-0.16475404582306358,-3.015592411098723,2.987600723889745
1,262,0,mpc_success,0.01,-0.1676668666192603,-0.16492932011492997,True,-0.1676668666192603,-0.16492932011492997,-3.016041194741856,2.9873356958978006
1,262,1,mpc_success,0.01,-0.167666866618674,-0.16492932011463823,True,-0.167666866618674,-0.16492932011463823,-3.016041194741171,2.9873356958983295
1,263,0,mpc_success,0.01,-0.1679507003518447,-0.16518354146231568,True,-0.1679507003518447,-0.16518354146231568,-3.0164240978823216,2.987012164427465
1,263,1,mpc_success,0.01,-0.16795070035094092,-0.16518354146204536,True,-0.16795070035094092,-0.16518354146204536,-3.0164240978813193,2.9870121644278687
1,264,0,mpc_success,0.01,-0.16822815258351045,-0.1655043896786739,True,-0.16822815258351045,-0.1655043896786739,-3.016809560708772,2.9866130958736097
1,264,1,mpc_success,0.01,-0.16822815258153373,-0.16550438967725567,True,-0.16822815258153373,-0.16550438967725567,-3.0168095607067316,2.9866130958751618
1,265,0,mpc_success,0.01,-0.17115284234561498,-0.16812188163737224,True,-0.17115284234561498,-0.16812188163737224,-3.0198656289354844,2.983897911854007
1,265,1,mpc_success,0.01,-0.17115284234486564,-0.1681218816359905,True,-0.17115284234486564,-0.1681218816359905,-3.019865628934741,2.983897911855522
1,266,0,mpc_success,0.01,-0.1702984049256774,-0.1664360818587085,True,-0.1702984049256774,-0.1664360818587085,-3.0191772782339386,2.9854582713853395
1,266,1,mpc_success,0.01,-0.17029840492487586,-0.16643608185775968,True,-0.17029840492487586,-0.16643608185775968,-3.019177278233177,2.9854582713864217
1,267,0,mpc_success,0.01,-0.17048377294514952,-0.16678599782269662,True,-0.17048377294514952,-0.16678599782269662,-3.0194910016906324,2.9850210743447967
1,267,1,mpc_success,0.01,-0.17048377294412873,-0.1667859978220436,True,-0.17048377294412873,-0.1667859978220436,-3.0194910016896515,2.985021074345513
1,268,0,mpc_success,0.01,-0.17558187327016028,-0.1661670144044529,True,-0.17558187327016028,-0.1661670144044529,-3.0247570600030294,2.9854976671673366
1,268,1,mpc_success,0.01,-0.17558187326917601,-0.1661670144010885,True,-0.17558187326917601,-0.1661670144010885,-3.0247570600019804,2.98549766717073
1,269,0,mpc_success,0.01,-0.16941383975648683,-0.17098645937584733,True,-0.16941383975648683,-0.17098645937584733,-3.0188100313108075,2.9805129171535762
1,269,1,mpc_success,0.01,-0.16941383975353527,-0.17098645937731943,True,-0.16941383975353527,-0.17098645937731943,-3.0188100313075488,2.980512917152133
1,270,0,mpc_success,0.01,-0.17228693246218313,-0.16723882789240782,True,-0.17228693246218313,-0.16723882789240782,-3.0218039132880183,2.9840516884301596
1,270,1,mpc_success,0.01,-0.17228693246002022,-0.1672388278906012,True,-0.17228693246002022,-0.1672388278906012,-3.021803913285478,2.984051688432134
1,271,0,mpc_success,0.01,-0.1749758181861192,-0.17081927435072253,True,-0.1749758181861192,-0.17081927435072253,-3.0247690030197103,2.980371377038823
1,271,1,mpc_success,0.01,-0.17497581818459126,-0.17081927434844454,True,-0.17497581818459126,-0.17081927434844454,-3.024769003017909,2.980371377041512
1,272,0,mpc_success,0.01,-0.17814872195740053,-0.1699473351149747,True,-0.17814872195740053,-0.1699473351149747,-3.0282144748902957,2.981056086797104
1,272,1,mpc_success,0.01,-0.17814872195594958,-0.16994733511065482,True,-0.17814872195594958,-0.16994733511065482,-3.0282144748886064,2.9810560868019738
1,273,0,mpc_success,0.01,-0.17600351147417692,-0.16721822172163647,True,-0.17600351147417692,-0.16721822172163647,-3.026291231800494,2.9836406925657117
1,273,1,mpc_success,0.01,-0.17600351147153082,-0.16721822172108203,True,-0.17600351147153082,-0.16721822172108203,-3.026291231797506,2.983640692566886
1,274,0,mpc_success,0.01,-0.17924149757947777,-0.1718226362335973,True,-0.17924149757947777,-0.1718226362335973,-3.0296795772858927,2.978874279424416
1,274,1,mpc_success,0.01,-0.1792414975759821,-0.17182263623230873,True,-0.1792414975759821,-0.17182263623230873,-3.029679577281951,2.9788742794261855
1,275,0,mpc_success,0.01,-0.18177185573537508,-0.17126657103557577,True,-0.18177185573537508,-0.17126657103557577,-3.0324479423072264,2.979170638744275
1,275,1,mpc_success,0.01,-0.18177185573147697,-0.17126657103249546,True,-0.18177185573147697,-0.17126657103249546,-3.032447942302917,2.979170638747767
1,276,0,mpc_success,0.01,-0.1867981623455811,-0.1747295838822746,True,-0.1867981623455811,-0.1747295838822746,-3.037717434238835,2.975531017957122
1,276,1,mpc_success,0.01,-0.18679816234135047,-0.1747295838795367,True,-0.18679816234135047,-0.1747295838795367,-3.0377174342341577,2.9755310179602374
1,277,0,mpc_success,0.01,-0.1919095580238366,-0.1767402204839941,True,-0.1919095580238366,-0.1767402204839941,-3.043082677198919,2.9733335890397443
1,277,1,mpc_success,0.01,-0.19190955801839793,-0.17674022048124313,True,-0.19190955801839793,-0.17674022048124313,-3.043082677192964,2.973333589042803
1,278,0,mpc_success,0.01,-0.19709252066975583,-0.17804635438038638,True,-0.19709252066975583,-0.17804635438038638,-3.048493505273605,2.9718837793007653
1,278,1,mpc_success,0.01,-0.19709252066287475,-0.17804635437699243,True,-0.19709252066287475,-0.17804635437699243,-3.0484935052662077,2.971883779304433
1,279,0,mpc_success,0.01,-0.2040763634555691,-0.17957226271356078,True,-0.2040763634555691,-0.17957226271356078,-3.0556995030165965,2.970219343524378
1,279,1,mpc_success,0.01,-0.20407636344699637,-0.17957226270974502,True,-0.20407636344699637,-0.17957226270974502,-3.055699503007578,2.970219343528433
1,280,0,mpc_success,0.01,-0.21337543323712993,-0.18101486818735552,True,-0.21337543323712993,-0.18101486818735552,-3.065261374978418,2.96859762741938
1,280,1,mpc_success,0.01,-0.2133754332247532,-0.18101486818197554,True,-0.2133754332247532,-0.18101486818197554,-3.0652613749656648,2.968597627425033
1,281,0,mpc_success,0.01,-0.22652265437310748,-0.1862221720142162,True,-0.22652265437310748,-0.1862221720142162,-3.078722716690345,2.9631600858018903
1,281,1,mpc_success,0.01,-0.22652265435529675,-0.18622217200985977,True,-0.22652265435529675,-0.18622217200985977,-3.078722716672157,2.9631600858066935
1,282,0,mpc_success,0.01,-0.24660713347661753,-0.18666063878513167,True,-0.24660713347661753,-0.18666063878513167,-3.0991700802881934,2.9624269337642875
1,282,1,mpc_success,0.01,-0.24660713344565408,-0.1866606387769182,True,-0.24660713344565408,-0.1866606387769182,-3.099170080256853,2.962426933773086
1,283,0,mpc_success,0.01,-0.283889800412317,-0.19010677302152382,True,-0.283889800412317,-0.19010677302152382,-3.1368510009350627,2.9587235921060264
1,283,1,mpc_success,0.01,-0.28388980035473704,-0.19010677300875095,True,-0.28388980035473704,-0.19010677300875095,-3.1368510008770363,2.958723592119524
1,284,0,mpc_success,0.01,-0.3501096269204555,-0.19609755276580518,True,-0.3501096269204555,-0.19609755276580518,-3.2034911778728046,2.952409484527498
1,284,1,mpc_success,0.01,-0.3501096268140974,-0.1960975527508501,True,-0.3501096268140974,-0.1960975527508501,-3.2034911777660002,2.9524094845432476
1,285,0,mpc_success,0.01,-0.4698142598059569,-0.2062182755121312,True,-0.4698142598059569,-0.2062182755121312,-3.3235115825062653,2.9419260908203517
1,285,1,mpc_success,0.01,-0.4698142596380121,-0.2062182754869198,True,-0.4698142596380121,-0.2062182754869198,-3.3235115823380132,2.9419260908463576
1,286,0,mpc_success,0.01,-0.6497048567714034,-0.21720898957129017,True,-0.6497048567714034,-0.21720898957129017,-3.503444486794675,2.9305748004195316
1,286,1,mpc_success,0.01,-0.6497048565936783,-0.21720898955435886,True,-0.6497048565936783,-0.21720898955435886,-3.503444486617372,2.9305748004371877
1,287,0,mpc_success,0.01,-0.7787964583883068,-0.23176947459501487,True,-0.7787964583883068,-0.23176947459501487,-3.6318865465189543,2.91571991848846
1,287,1,mpc_success,0.01,-0.778796458257447,-0.23176947455596889,True,-0.778796458257447,-0.23176947455596889,-3.6318865463896985,2.9157199185280915
1,288,0,mpc_success,0.01,-0.8896182208251238,-0.2622884154440992,True,-0.8896182208251238,-0.2622884154440992,-3.740738996202948,2.8849247719519537
1,288,1,mpc_success,0.01,-0.8896182207150379,-0.26228841535257463,True,-0.8896182207150379,-0.26228841535257463,-3.740738996094674,2.8849247720440996
1,289,0,mpc_success,0.01,-0.9628511182954826,-0.3113768783797569,True,-0.9628511182954826,-0.3113768783797569,-3.8128881181016965,2.8354960346552667
1,289,1,mpc_success,0.01,-0.9628511182222733,-0.3113768782721944,True,-0.9628511182222733,-0.3113768782721944,-3.8128881180282153,2.83549603476352
1,290,0,mpc_success,0.01,-1.0067469592119005,-0.3832989263985948,True,-1.0067469592119005,-0.3832989263985948,-3.85828276769623,2.763314050545148
1,290,1,mpc_success,0.01,-1.0067469591694616,-0.3832989262040093,True,-1.0067469591694616,-0.3832989262040093,-3.8582827676500813,2.763314050739903
1,291,0,mpc_success,0.01,-1.0265064292806991,-0.5007542454712988,True,-1.0265064292806991,-0.5007542454712988,-3.883327511103581,2.6458144820812626
1,291,1,mpc_success,0.01,-1.0265064292641808,-0.5007542451796637,True,-1.0265064292641808,-0.5007542451796637,-3.8833275110791146,2.645814482373102
1,292,0,mpc_success,0.01,-1.0315129719716016,-0.6488628767661704,True,-1.0315129719716016,-0.6488628767661704,-3.897554595825497,2.497847640213048
1,292,1,mpc_success,0.01,-1.031512971970752,-0.6488628764547557,True,-1.031512971970752,-0.6488628764547557,-3.897554595812809,2.497847640524077
1,293,0,mpc_success,0.01,-1.0274876438231961,-0.7852983335092869,True,-1.0274876438231961,-0.7852983335092869,-3.9059821025288466,2.362017922647805
1,293,1,mpc_success,0.01,-1.0274876438337943,-0.7852983332535353,True,-1.0274876438337943,-0.7852983332535353,-3.9059821025244803,2.3620179229018854
1,294,0,mpc_success,0.01,-0.9995097012169261,-0.8905966957727164,True,-0.9995097012169261,-0.8905966957727164,-3.8924400713525915,2.2576995004545957
1,294,1,mpc_success,0.01,-0.9995097012467493,-0.890596695595008,True,-0.9995097012467493,-0.890596695595008,-3.892440071365679,2.2576995006306673
1,295,0,mpc_success,0.01,-0.9670828162437578,-0.9661171021258075,True,-0.9670828162437578,-0.9661171021258075,-3.8750284668792507,2.182354781945361
1,295,1,mpc_success,0.01,-0.967082816286039,-0.966117102009871,True,-0.967082816286039,-0.966117102009871,-3.875028466904449,2.1823547820626827
1,296,0,mpc_success,0.01,-0.9206748682883834,-1.0012560274911102,True,-0.9206748682883834,-1.0012560274911102,-3.8435033896676507,2.144999915495177
1,296,1,mpc_success,0.01,-0.9206748683429189,-1.001256027427051,True,-0.9206748683429189,-1.001256027427051,-3.8435033897055546,2.144999915566943
1,297,0,mpc_success,0.01,-0.8692484651774086,-1.0207442582583033,True,-0.8692484651774086,-1.0207442582583033,-3.80610173644608,2.119943791983532
1,297,1,mpc_success,0.01,-0.869248465240659,-1.0207442582344672,True,-0.869248465240659,-1.0207442582344672,-3.806101736493707,2.119943792022891
1,298,0,mpc_success,0.01,-0.8136832721655032,-1.0262244559065579,True,-0.8136832721655032,-1.0262244559065579,-3.763458535773854,2.1051073457418497
1,298,1,mpc_success,0.01,-0.8136832722344045,-1.0262244559142641,True,-0.8136832722344045,-1.0262244559142641,-3.763458535828417,2.1051073457567524
1,299,0,mpc_success,0.01,-0.7500734174871201,-1.0146929061212306,True,-0.7500734174871201,-1.0146929061212306,-3.7115180139880164,2.1042474533609505
1,299,1,mpc_success,0.01,-0.7500734175602788,-1.0146929061565513,True,-0.7500734175602788,-1.0146929061565513,-3.7115180140483304,2.1042474533533446
