episode,step,agent_id,cbf_value,margin_violation,grad_x,grad_y,grad_vx,grad_vy,drift_term,control_coeff_x,control_coeff_y
1,0,0,0.9910052418708801,False,0.0,0.0,0.0,0.0,0.0,0.0,0.0
1,0,1,0.0,False,0.0,0.0,0.0,0.0,0.0,0.0,0.0
1,0,2,0.0,False,0.0,0.0,0.0,0.0,0.0,0.0,0.0
1,0,3,0.0,False,0.0,0.0,0.0,0.0,0.0,0.0,0.0
1,1,0,0.992196261882782,False,0.0,0.0,0.0,0.0,0.0,0.0,0.0
1,1,1,0.0,False,0.0,0.0,0.0,0.0,0.0,0.0,0.0
1,1,2,0.0,False,0.0,0.0,0.0,0.0,0.0,0.0,0.0
1,1,3,0.0,False,0.0,0.0,0.0,0.0,0.0,0.0,0.0
1,2,0,0.9929531216621399,False,0.0,0.0,0.0,0.0,0.0,0.0,0.0
1,2,1,0.0,False,0.0,0.0,0.0,0.0,0.0,0.0,0.0
1,2,2,0.0,False,0.0,0.0,0.0,0.0,0.0,0.0,0.0
1,2,3,0.0,False,0.0,0.0,0.0,0.0,0.0,0.0,0.0
1,3,0,0.9935228228569031,False,0.0,0.0,0.0,0.0,0.0,0.0,0.0
1,3,1,0.0,False,0.0,0.0,0.0,0.0,0.0,0.0,0.0
1,3,2,0.0,False,0.0,0.0,0.0,0.0,0.0,0.0,0.0
1,3,3,0.0,False,0.0,0.0,0.0,0.0,0.0,0.0,0.0
1,4,0,0.9937756061553955,False,0.0,0.0,0.0,0.0,0.0,0.0,0.0
1,4,1,0.0,False,0.0,0.0,0.0,0.0,0.0,0.0,0.0
1,4,2,0.0,False,0.0,0.0,0.0,0.0,0.0,0.0,0.0
1,4,3,0.0,False,0.0,0.0,0.0,0.0,0.0,0.0,0.0
1,5,0,0.9937272667884827,False,0.0,0.0,0.0,0.0,0.0,0.0,0.0
1,5,1,0.0,False,0.0,0.0,0.0,0.0,0.0,0.0,0.0
1,5,2,0.0,False,0.0,0.0,0.0,0.0,0.0,0.0,0.0
1,5,3,0.0,False,0.0,0.0,0.0,0.0,0.0,0.0,0.0
1,6,0,0.9934948086738586,False,0.0,0.0,0.0,0.0,0.0,0.0,0.0
1,6,1,0.0,False,0.0,0.0,0.0,0.0,0.0,0.0,0.0
1,6,2,0.0,False,0.0,0.0,0.0,0.0,0.0,0.0,0.0
1,6,3,0.0,False,0.0,0.0,0.0,0.0,0.0,0.0,0.0
1,7,0,0.9932180047035217,False,0.0,0.0,0.0,0.0,0.0,0.0,0.0
1,7,1,0.0,False,0.0,0.0,0.0,0.0,0.0,0.0,0.0
1,7,2,0.0,False,0.0,0.0,0.0,0.0,0.0,0.0,0.0
1,7,3,0.0,False,0.0,0.0,0.0,0.0,0.0,0.0,0.0
1,8,0,0.9928873777389526,False,0.0,0.0,0.0,0.0,0.0,0.0,0.0
1,8,1,0.0,False,0.0,0.0,0.0,0.0,0.0,0.0,0.0
1,8,2,0.0,False,0.0,0.0,0.0,0.0,0.0,0.0,0.0
1,8,3,0.0,False,0.0,0.0,0.0,0.0,0.0,0.0,0.0
1,9,0,0.9925816655158997,False,0.0,0.0,0.0,0.0,0.0,0.0,0.0
1,9,1,0.0,False,0.0,0.0,0.0,0.0,0.0,0.0,0.0
1,9,2,0.0,False,0.0,0.0,0.0,0.0,0.0,0.0,0.0
1,9,3,0.0,False,0.0,0.0,0.0,0.0,0.0,0.0,0.0
1,10,0,0.9922760725021362,False,0.0,0.0,0.0,0.0,0.0,0.0,0.0
1,10,1,0.0,False,0.0,0.0,0.0,0.0,0.0,0.0,0.0
1,10,2,0.0,False,0.0,0.0,0.0,0.0,0.0,0.0,0.0
1,10,3,0.0,False,0.0,0.0,0.0,0.0,0.0,0.0,0.0
1,11,0,0.9919973611831665,False,0.0,0.0,0.0,0.0,0.0,0.0,0.0
1,11,1,0.0,False,0.0,0.0,0.0,0.0,0.0,0.0,0.0
1,11,2,0.0,False,0.0,0.0,0.0,0.0,0.0,0.0,0.0
1,11,3,0.0,False,0.0,0.0,0.0,0.0,0.0,0.0,0.0
1,12,0,0.9917569160461426,False,0.0,0.0,0.0,0.0,0.0,0.0,0.0
1,12,1,0.0,False,0.0,0.0,0.0,0.0,0.0,0.0,0.0
1,12,2,0.0,False,0.0,0.0,0.0,0.0,0.0,0.0,0.0
1,12,3,0.0,False,0.0,0.0,0.0,0.0,0.0,0.0,0.0
1,13,0,0.9915364980697632,False,0.0,0.0,0.0,0.0,0.0,0.0,0.0
1,13,1,0.0,False,0.0,0.0,0.0,0.0,0.0,0.0,0.0
1,13,2,0.0,False,0.0,0.0,0.0,0.0,0.0,0.0,0.0
1,13,3,0.0,False,0.0,0.0,0.0,0.0,0.0,0.0,0.0
1,14,0,0.9912772178649902,False,0.0,0.0,0.0,0.0,0.0,0.0,0.0
1,14,1,0.0,False,0.0,0.0,0.0,0.0,0.0,0.0,0.0
1,14,2,0.0,False,0.0,0.0,0.0,0.0,0.0,0.0,0.0
1,14,3,0.0,False,0.0,0.0,0.0,0.0,0.0,0.0,0.0
1,15,0,0.990818202495575,False,0.0,0.0,0.0,0.0,0.0,0.0,0.0
1,15,1,0.0,False,0.0,0.0,0.0,0.0,0.0,0.0,0.0
1,15,2,0.0,False,0.0,0.0,0.0,0.0,0.0,0.0,0.0
1,15,3,0.0,False,0.0,0.0,0.0,0.0,0.0,0.0,0.0
1,16,0,0.9897499680519104,False,0.0,0.0,0.0,0.0,0.0,0.0,0.0
1,16,1,0.0,False,0.0,0.0,0.0,0.0,0.0,0.0,0.0
1,16,2,0.0,False,0.0,0.0,0.0,0.0,0.0,0.0,0.0
1,16,3,0.0,False,0.0,0.0,0.0,0.0,0.0,0.0,0.0
1,17,0,0.9841470718383789,False,0.0,0.0,0.0,0.0,0.0,0.0,0.0
1,17,1,0.0,False,0.0,0.0,0.0,0.0,0.0,0.0,0.0
1,17,2,0.0,False,0.0,0.0,0.0,0.0,0.0,0.0,0.0
1,17,3,0.0,False,0.0,0.0,0.0,0.0,0.0,0.0,0.0
1,18,0,0.9712623953819275,False,0.0,0.0,0.0,0.0,0.0,0.0,0.0
1,18,1,0.0,False,0.0,0.0,0.0,0.0,0.0,0.0,0.0
1,18,2,0.0,False,0.0,0.0,0.0,0.0,0.0,0.0,0.0
1,18,3,0.0,False,0.0,0.0,0.0,0.0,0.0,0.0,0.0
1,19,0,0.9538493752479553,False,0.0,0.0,0.0,0.0,0.0,0.0,0.0
1,19,1,0.0,False,0.0,0.0,0.0,0.0,0.0,0.0,0.0
1,19,2,0.0,False,0.0,0.0,0.0,0.0,0.0,0.0,0.0
1,19,3,0.0,False,0.0,0.0,0.0,0.0,0.0,0.0,0.0
1,20,0,0.9496241807937622,False,0.0,0.0,0.0,0.0,0.0,0.0,0.0
1,20,1,0.0,False,0.0,0.0,0.0,0.0,0.0,0.0,0.0
1,20,2,0.0,False,0.0,0.0,0.0,0.0,0.0,0.0,0.0
1,20,3,0.0,False,0.0,0.0,0.0,0.0,0.0,0.0,0.0
1,21,0,0.9222651124000549,False,0.0,0.0,0.0,0.0,0.0,0.0,0.0
1,21,1,0.0,False,0.0,0.0,0.0,0.0,0.0,0.0,0.0
1,21,2,0.0,False,0.0,0.0,0.0,0.0,0.0,0.0,0.0
1,21,3,0.0,False,0.0,0.0,0.0,0.0,0.0,0.0,0.0
1,22,0,0.9433345198631287,False,0.0,0.0,0.0,0.0,0.0,0.0,0.0
1,22,1,0.0,False,0.0,0.0,0.0,0.0,0.0,0.0,0.0
1,22,2,0.0,False,0.0,0.0,0.0,0.0,0.0,0.0,0.0
1,22,3,0.0,False,0.0,0.0,0.0,0.0,0.0,0.0,0.0
1,23,0,0.9412160515785217,False,0.0,0.0,0.0,0.0,0.0,0.0,0.0
1,23,1,0.0,False,0.0,0.0,0.0,0.0,0.0,0.0,0.0
1,23,2,0.0,False,0.0,0.0,0.0,0.0,0.0,0.0,0.0
1,23,3,0.0,False,0.0,0.0,0.0,0.0,0.0,0.0,0.0
1,24,0,0.9039108753204346,False,0.0,0.0,0.0,0.0,0.0,0.0,0.0
1,24,1,0.0,False,0.0,0.0,0.0,0.0,0.0,0.0,0.0
1,24,2,0.0,False,0.0,0.0,0.0,0.0,0.0,0.0,0.0
1,24,3,0.0,False,0.0,0.0,0.0,0.0,0.0,0.0,0.0
1,25,0,0.9282772541046143,False,0.0,0.0,0.0,0.0,0.0,0.0,0.0
1,25,1,0.0,False,0.0,0.0,0.0,0.0,0.0,0.0,0.0
1,25,2,0.0,False,0.0,0.0,0.0,0.0,0.0,0.0,0.0
1,25,3,0.0,False,0.0,0.0,0.0,0.0,0.0,0.0,0.0
1,26,0,0.9466891288757324,False,0.0,0.0,0.0,0.0,0.0,0.0,0.0
1,26,1,0.0,False,0.0,0.0,0.0,0.0,0.0,0.0,0.0
1,26,2,0.0,False,0.0,0.0,0.0,0.0,0.0,0.0,0.0
1,26,3,0.0,False,0.0,0.0,0.0,0.0,0.0,0.0,0.0
1,27,0,0.9177910089492798,False,0.0,0.0,0.0,0.0,0.0,0.0,0.0
1,27,1,0.0,False,0.0,0.0,0.0,0.0,0.0,0.0,0.0
1,27,2,0.0,False,0.0,0.0,0.0,0.0,0.0,0.0,0.0
1,27,3,0.0,False,0.0,0.0,0.0,0.0,0.0,0.0,0.0
1,28,0,0.8961155414581299,False,0.0,0.0,0.0,0.0,0.0,0.0,0.0
1,28,1,0.0,False,0.0,0.0,0.0,0.0,0.0,0.0,0.0
1,28,2,0.0,False,0.0,0.0,0.0,0.0,-0.0,0.0,0.0
1,28,3,0.0,False,0.0,0.0,0.0,0.0,0.0,0.0,0.0
1,29,0,0.9124702215194702,False,0.0,0.0,0.0,0.0,0.0,0.0,0.0
1,29,1,0.0,False,0.0,0.0,0.0,0.0,0.0,0.0,0.0
1,29,2,0.0,False,0.0,0.0,0.0,0.0,0.0,0.0,0.0
1,29,3,0.0,False,0.0,0.0,0.0,0.0,0.0,0.0,0.0
1,30,0,0.92866051197052,False,0.0,0.0,0.0,0.0,0.0,0.0,0.0
1,30,1,0.0,False,0.0,0.0,0.0,0.0,0.0,0.0,0.0
1,30,2,0.0,False,0.0,0.0,0.0,0.0,0.0,0.0,0.0
1,30,3,0.0,False,0.0,0.0,0.0,0.0,0.0,0.0,0.0
1,31,0,0.9335752725601196,False,0.0,0.0,0.0,0.0,0.0,0.0,0.0
1,31,1,0.0,False,0.0,0.0,0.0,0.0,0.0,0.0,0.0
1,31,2,0.0,False,0.0,0.0,0.0,0.0,0.0,0.0,0.0
1,31,3,0.0,False,0.0,0.0,0.0,0.0,0.0,0.0,0.0
1,32,0,0.9485386610031128,False,0.0,0.0,0.0,0.0,0.0,0.0,0.0
1,32,1,0.0,False,0.0,0.0,0.0,0.0,0.0,0.0,0.0
1,32,2,0.0,False,0.0,0.0,0.0,0.0,0.0,0.0,0.0
1,32,3,0.0,False,0.0,0.0,0.0,0.0,0.0,0.0,0.0
1,33,0,0.9683842062950134,False,0.0,0.0,0.0,0.0,0.0,0.0,0.0
1,33,1,0.0,False,0.0,0.0,0.0,0.0,0.0,0.0,0.0
1,33,2,0.0,False,0.0,0.0,0.0,0.0,0.0,0.0,0.0
1,33,3,0.0,False,0.0,0.0,0.0,0.0,0.0,0.0,0.0
1,34,0,0.974526047706604,False,0.0,0.0,0.0,0.0,0.0,0.0,0.0
1,34,1,0.0,False,0.0,0.0,0.0,0.0,0.0,0.0,0.0
1,34,2,0.0,False,0.0,0.0,0.0,0.0,0.0,0.0,0.0
1,34,3,0.0,False,0.0,0.0,0.0,0.0,0.0,0.0,0.0
1,35,0,0.9829756617546082,False,0.0,0.0,0.0,0.0,0.0,0.0,0.0
1,35,1,0.0,False,0.0,0.0,0.0,0.0,0.0,0.0,0.0
1,35,2,0.0,False,0.0,0.0,0.0,0.0,0.0,0.0,0.0
1,35,3,0.0,False,0.0,0.0,0.0,0.0,0.0,0.0,0.0
1,36,0,0.9863150715827942,False,0.0,0.0,0.0,0.0,0.0,0.0,0.0
1,36,1,0.0,False,0.0,0.0,0.0,0.0,0.0,0.0,0.0
1,36,2,0.0,False,0.0,0.0,0.0,0.0,0.0,0.0,0.0
1,36,3,0.0,False,0.0,0.0,0.0,0.0,0.0,0.0,0.0
1,37,0,0.9873797297477722,False,0.0,0.0,0.0,0.0,0.0,0.0,0.0
1,37,1,0.0,False,0.0,0.0,0.0,0.0,0.0,0.0,0.0
1,37,2,0.0,False,0.0,0.0,0.0,0.0,0.0,0.0,0.0
1,37,3,0.0,False,0.0,0.0,0.0,0.0,0.0,0.0,0.0
1,38,0,0.9880548119544983,False,0.0,0.0,0.0,0.0,0.0,0.0,0.0
1,38,1,0.0,False,0.0,0.0,0.0,0.0,0.0,0.0,0.0
1,38,2,0.0,False,0.0,0.0,0.0,0.0,0.0,0.0,0.0
1,38,3,0.0,False,0.0,0.0,0.0,0.0,0.0,0.0,0.0
1,39,0,0.9882791042327881,False,0.0,0.0,0.0,0.0,0.0,0.0,0.0
1,39,1,0.0,False,0.0,0.0,0.0,0.0,0.0,0.0,0.0
1,39,2,0.0,False,0.0,0.0,0.0,0.0,0.0,0.0,0.0
1,39,3,0.0,False,0.0,0.0,0.0,0.0,0.0,0.0,0.0
1,40,0,0.9882853031158447,False,0.0,0.0,0.0,0.0,0.0,0.0,0.0
1,40,1,0.0,False,0.0,0.0,0.0,0.0,0.0,0.0,0.0
1,40,2,0.0,False,0.0,0.0,0.0,0.0,0.0,0.0,0.0
1,40,3,0.0,False,0.0,0.0,0.0,0.0,0.0,0.0,0.0
1,41,0,0.9881963133811951,False,0.0,0.0,0.0,0.0,0.0,0.0,0.0
1,41,1,0.0,False,0.0,0.0,0.0,0.0,0.0,0.0,0.0
1,41,2,0.0,False,0.0,0.0,0.0,0.0,0.0,0.0,0.0
1,41,3,0.0,False,0.0,0.0,0.0,0.0,0.0,0.0,0.0
1,42,0,0.9880286455154419,False,0.0,0.0,0.0,0.0,0.0,0.0,0.0
1,42,1,0.0,False,0.0,0.0,0.0,0.0,0.0,0.0,0.0
1,42,2,0.0,False,0.0,0.0,0.0,0.0,0.0,0.0,0.0
1,42,3,0.0,False,0.0,0.0,0.0,0.0,0.0,0.0,0.0
1,43,0,0.9878250956535339,False,0.0,0.0,0.0,0.0,0.0,0.0,0.0
1,43,1,0.0,False,0.0,0.0,0.0,0.0,0.0,0.0,0.0
1,43,2,0.0,False,0.0,0.0,0.0,0.0,0.0,0.0,0.0
1,43,3,0.0,False,0.0,0.0,0.0,0.0,0.0,0.0,0.0
1,44,0,0.9876220226287842,False,0.0,0.0,0.0,0.0,0.0,0.0,0.0
1,44,1,0.0,False,0.0,0.0,0.0,0.0,0.0,0.0,0.0
1,44,2,0.0,False,0.0,0.0,0.0,0.0,0.0,0.0,0.0
1,44,3,0.0,False,0.0,0.0,0.0,0.0,0.0,0.0,0.0
1,45,0,0.9874088168144226,False,0.0,0.0,0.0,0.0,0.0,0.0,0.0
1,45,1,0.0,False,0.0,0.0,0.0,0.0,0.0,0.0,0.0
1,45,2,0.0,False,0.0,0.0,0.0,0.0,0.0,0.0,0.0
1,45,3,0.0,False,0.0,0.0,0.0,0.0,0.0,0.0,0.0
1,46,0,0.9871999025344849,False,0.0,0.0,0.0,0.0,0.0,0.0,0.0
1,46,1,0.0,False,0.0,0.0,0.0,0.0,0.0,0.0,0.0
1,46,2,0.0,False,0.0,0.0,0.0,0.0,0.0,0.0,0.0
1,46,3,0.0,False,0.0,0.0,0.0,0.0,0.0,0.0,0.0
1,47,0,0.9869856238365173,False,0.0,0.0,0.0,0.0,0.0,0.0,0.0
1,47,1,0.0,False,0.0,0.0,0.0,0.0,0.0,0.0,0.0
1,47,2,0.0,False,0.0,0.0,0.0,0.0,-0.0,0.0,0.0
1,47,3,0.0,False,0.0,0.0,0.0,0.0,0.0,0.0,0.0
1,48,0,0.9867808222770691,False,0.0,0.0,0.0,0.0,0.0,0.0,0.0
1,48,1,0.0,False,0.0,0.0,0.0,0.0,0.0,0.0,0.0
1,48,2,0.0,False,0.0,0.0,0.0,0.0,-0.0,0.0,0.0
1,48,3,0.0,False,0.0,0.0,0.0,0.0,0.0,0.0,0.0
1,49,0,0.9865579009056091,False,0.0,0.0,0.0,0.0,0.0,0.0,0.0
1,49,1,0.0,False,0.0,0.0,0.0,0.0,0.0,0.0,0.0
1,49,2,0.0,False,0.0,0.0,0.0,0.0,-0.0,0.0,0.0
1,49,3,0.0,False,0.0,0.0,0.0,0.0,0.0,0.0,0.0
1,50,0,0.9863373637199402,False,0.0,0.0,0.0,0.0,0.0,0.0,0.0
1,50,1,0.0,False,0.0,0.0,0.0,0.0,0.0,0.0,0.0
1,50,2,0.0,False,0.0,0.0,0.0,0.0,-0.0,0.0,0.0
1,50,3,0.0,False,0.0,0.0,0.0,0.0,0.0,0.0,0.0
1,51,0,0.9861182570457458,False,0.0,0.0,0.0,0.0,0.0,0.0,0.0
1,51,1,0.0,False,0.0,0.0,0.0,0.0,0.0,0.0,0.0
1,51,2,0.0,False,0.0,0.0,0.0,0.0,-0.0,0.0,0.0
1,51,3,0.0,False,0.0,0.0,0.0,0.0,0.0,0.0,0.0
1,52,0,0.9858753085136414,False,0.0,0.0,0.0,0.0,0.0,0.0,0.0
1,52,1,0.0,False,0.0,0.0,0.0,0.0,0.0,0.0,0.0
1,52,2,0.0,False,0.0,0.0,0.0,0.0,-0.0,0.0,0.0
1,52,3,0.0,False,0.0,0.0,0.0,0.0,0.0,0.0,0.0
1,53,0,0.9856073260307312,False,0.0,0.0,0.0,0.0,0.0,0.0,0.0
1,53,1,0.0,False,0.0,0.0,0.0,0.0,0.0,0.0,0.0
1,53,2,0.0,False,0.0,0.0,0.0,0.0,-0.0,0.0,0.0
1,53,3,0.0,False,0.0,0.0,0.0,0.0,0.0,0.0,0.0
1,54,0,0.985355019569397,False,0.0,0.0,0.0,0.0,0.0,0.0,0.0
1,54,1,0.0,False,0.0,0.0,0.0,0.0,0.0,0.0,0.0
1,54,2,0.0,False,0.0,0.0,0.0,0.0,-0.0,0.0,0.0
1,54,3,0.0,False,0.0,0.0,0.0,0.0,0.0,0.0,0.0
1,55,0,0.985126793384552,False,0.0,0.0,0.0,0.0,0.0,0.0,0.0
1,55,1,0.0,False,0.0,0.0,0.0,0.0,0.0,0.0,0.0
1,55,2,0.0,False,0.0,0.0,0.0,0.0,-0.0,0.0,0.0
1,55,3,0.0,False,0.0,0.0,0.0,0.0,0.0,0.0,0.0
1,56,0,0.9849767088890076,False,0.0,0.0,0.0,0.0,0.0,0.0,0.0
1,56,1,0.0,False,0.0,0.0,0.0,0.0,0.0,0.0,0.0
1,56,2,0.0,False,0.0,0.0,0.0,0.0,-0.0,0.0,0.0
1,56,3,0.0,False,0.0,0.0,0.0,0.0,0.0,0.0,0.0
1,57,0,0.9848271608352661,False,0.0,0.0,0.0,0.0,0.0,0.0,0.0
1,57,1,0.0,False,0.0,0.0,0.0,0.0,0.0,0.0,0.0
1,57,2,0.0,False,0.0,0.0,0.0,0.0,-0.0,0.0,0.0
1,57,3,0.0,False,0.0,0.0,0.0,0.0,0.0,0.0,0.0
1,58,0,0.9847171902656555,False,0.0,0.0,0.0,0.0,0.0,0.0,0.0
1,58,1,0.0,False,0.0,0.0,0.0,0.0,0.0,0.0,0.0
1,58,2,0.0,False,0.0,0.0,0.0,0.0,-0.0,0.0,0.0
1,58,3,0.0,False,0.0,0.0,0.0,0.0,0.0,0.0,0.0
1,59,0,0.9846044182777405,False,0.0,0.0,0.0,0.0,0.0,0.0,0.0
1,59,1,0.0,False,0.0,0.0,0.0,0.0,0.0,0.0,0.0
1,59,2,0.0,False,0.0,0.0,0.0,0.0,-0.0,0.0,0.0
1,59,3,0.0,False,0.0,0.0,0.0,0.0,0.0,0.0,0.0
1,60,0,0.9845285415649414,False,0.0,0.0,0.0,0.0,0.0,0.0,0.0
1,60,1,0.0,False,0.0,0.0,0.0,0.0,0.0,0.0,0.0
1,60,2,0.0,False,0.0,0.0,0.0,0.0,-0.0,0.0,0.0
1,60,3,0.0,False,0.0,0.0,0.0,0.0,0.0,0.0,0.0
1,61,0,0.9844658374786377,False,0.0,0.0,0.0,0.0,0.0,0.0,0.0
1,61,1,0.0,False,0.0,0.0,0.0,0.0,0.0,0.0,0.0
1,61,2,0.0,False,0.0,0.0,0.0,0.0,-0.0,0.0,0.0
1,61,3,0.0,False,0.0,0.0,0.0,0.0,0.0,0.0,0.0
1,62,0,0.9844071269035339,False,0.0,0.0,0.0,0.0,0.0,0.0,0.0
1,62,1,0.0,False,0.0,0.0,0.0,0.0,0.0,0.0,0.0
1,62,2,0.0,False,0.0,0.0,0.0,0.0,-0.0,0.0,0.0
1,62,3,0.0,False,0.0,0.0,0.0,0.0,0.0,0.0,0.0
1,63,0,0.98433917760849,False,0.0,0.0,0.0,0.0,0.0,0.0,0.0
1,63,1,0.0,False,0.0,0.0,0.0,0.0,0.0,0.0,0.0
1,63,2,0.0,False,0.0,0.0,0.0,0.0,-0.0,0.0,0.0
1,63,3,0.0,False,0.0,0.0,0.0,0.0,0.0,0.0,0.0
1,64,0,0.9842315316200256,False,0.0,0.0,0.0,0.0,0.0,0.0,0.0
1,64,1,0.0,False,0.0,0.0,0.0,0.0,0.0,0.0,0.0
1,64,2,0.0,False,0.0,0.0,0.0,0.0,-0.0,0.0,0.0
1,64,3,0.0,False,0.0,0.0,0.0,0.0,0.0,0.0,0.0
1,65,0,0.9839733839035034,False,0.0,0.0,0.0,0.0,0.0,0.0,0.0
1,65,1,0.0,False,0.0,0.0,0.0,0.0,0.0,0.0,0.0
1,65,2,0.0,False,0.0,0.0,0.0,0.0,-0.0,0.0,0.0
1,65,3,0.0,False,0.0,0.0,0.0,0.0,0.0,0.0,0.0
1,66,0,0.9832895398139954,False,0.0,0.0,0.0,0.0,0.0,0.0,0.0
1,66,1,0.0,False,0.0,0.0,0.0,0.0,0.0,0.0,0.0
1,66,2,0.0,False,0.0,0.0,0.0,0.0,-0.0,0.0,0.0
1,66,3,0.0,False,0.0,0.0,0.0,0.0,0.0,0.0,0.0
1,67,0,0.9812412858009338,False,0.0,0.0,0.0,0.0,0.0,0.0,0.0
1,67,1,0.0,False,0.0,0.0,0.0,0.0,0.0,0.0,0.0
1,67,2,0.0,False,0.0,0.0,0.0,0.0,-0.0,0.0,0.0
1,67,3,0.0,False,0.0,0.0,0.0,0.0,0.0,0.0,0.0
1,68,0,0.9740623235702515,False,0.0,0.0,0.0,0.0,0.0,0.0,0.0
1,68,1,0.0,False,0.0,0.0,0.0,0.0,0.0,0.0,0.0
1,68,2,0.0,False,0.0,0.0,0.0,0.0,-0.0,0.0,0.0
1,68,3,0.0,False,0.0,0.0,0.0,0.0,0.0,0.0,0.0
1,69,0,0.9517191648483276,False,0.0,0.0,0.0,0.0,0.0,0.0,0.0
1,69,1,0.0,False,0.0,0.0,0.0,0.0,0.0,0.0,0.0
1,69,2,0.0,False,0.0,0.0,0.0,0.0,-0.0,0.0,0.0
1,69,3,0.0,False,0.0,0.0,0.0,0.0,0.0,0.0,0.0
1,70,0,0.9236421585083008,False,0.0,0.0,0.0,0.0,0.0,0.0,0.0
1,70,1,0.0,False,0.0,0.0,0.0,0.0,0.0,0.0,0.0
1,70,2,0.0,False,0.0,0.0,0.0,0.0,-0.0,0.0,0.0
1,70,3,0.0,False,0.0,0.0,0.0,0.0,0.0,0.0,0.0
1,71,0,0.8494765162467957,False,0.0,0.0,0.0,0.0,0.0,0.0,0.0
1,71,1,0.0,False,0.0,0.0,0.0,0.0,0.0,0.0,0.0
1,71,2,0.0,False,0.0,0.0,0.0,0.0,-0.0,0.0,0.0
1,71,3,0.0,False,0.0,0.0,0.0,0.0,0.0,0.0,0.0
1,72,0,0.744640588760376,False,0.0,0.0,0.0,0.0,0.0,0.0,0.0
1,72,1,0.0,False,0.0,0.0,0.0,0.0,0.0,0.0,0.0
1,72,2,0.0,False,0.0,0.0,0.0,0.0,-0.0,0.0,0.0
1,72,3,0.0,False,0.0,0.0,0.0,0.0,0.0,0.0,0.0
1,73,0,0.5580623149871826,False,0.0,0.0,0.0,0.0,0.0,0.0,0.0
1,73,1,0.0,False,0.0,0.0,0.0,0.0,0.0,0.0,0.0
1,73,2,0.0,False,0.0,0.0,0.0,0.0,0.0,0.0,0.0
1,73,3,0.0,False,0.0,0.0,0.0,0.0,0.0,0.0,0.0
1,74,0,0.45793741941452026,False,0.0,0.0,0.0,0.0,0.0,0.0,0.0
1,74,1,0.0,False,0.0,0.0,0.0,0.0,0.0,0.0,0.0
1,74,2,0.0,False,0.0,0.0,0.0,0.0,0.0,0.0,0.0
1,74,3,0.0,False,0.0,0.0,0.0,0.0,0.0,0.0,0.0
1,75,0,0.3475079834461212,False,0.0,0.0,0.0,0.0,0.0,0.0,0.0
1,75,1,0.0,False,0.0,0.0,0.0,0.0,0.0,0.0,0.0
1,75,2,0.0,False,0.0,0.0,0.0,0.0,0.0,0.0,0.0
1,75,3,0.0,False,0.0,0.0,0.0,0.0,0.0,0.0,0.0
1,76,0,0.33777427673339844,False,0.0,0.0,0.0,0.0,0.0,0.0,0.0
1,76,1,0.0,False,0.0,0.0,0.0,0.0,0.0,0.0,0.0
1,76,2,0.0,False,0.0,0.0,0.0,0.0,0.0,0.0,0.0
1,76,3,0.0,False,0.0,0.0,0.0,0.0,0.0,0.0,0.0
1,77,0,0.30330273509025574,False,0.0,0.0,0.0,0.0,0.0,0.0,0.0
1,77,1,0.0,False,0.0,0.0,0.0,0.0,0.0,0.0,0.0
1,77,2,0.0,False,0.0,0.0,0.0,0.0,0.0,0.0,0.0
1,77,3,0.0,False,0.0,0.0,0.0,0.0,0.0,0.0,0.0
1,78,0,0.2896004915237427,False,0.0,0.0,0.0,0.0,0.0,0.0,0.0
1,78,1,0.0,False,0.0,0.0,0.0,0.0,0.0,0.0,0.0
1,78,2,0.0,False,0.0,0.0,0.0,0.0,0.0,0.0,0.0
1,78,3,0.0,False,0.0,0.0,0.0,0.0,0.0,0.0,0.0
1,79,0,0.28191468119621277,False,0.0,0.0,0.0,0.0,0.0,0.0,0.0
1,79,1,0.0,False,0.0,0.0,0.0,0.0,0.0,0.0,0.0
1,79,2,0.0,False,0.0,0.0,0.0,0.0,0.0,0.0,0.0
1,79,3,0.0,False,0.0,0.0,0.0,0.0,0.0,0.0,0.0
1,80,0,0.2927663028240204,False,0.0,0.0,0.0,0.0,0.0,0.0,0.0
1,80,1,0.0,False,0.0,0.0,0.0,0.0,0.0,0.0,0.0
1,80,2,0.0,False,0.0,0.0,0.0,0.0,0.0,0.0,0.0
1,80,3,0.0,False,0.0,0.0,0.0,0.0,0.0,0.0,0.0
1,81,0,0.29740601778030396,False,0.0,0.0,0.0,0.0,0.0,0.0,0.0
1,81,1,0.0,False,0.0,0.0,0.0,0.0,0.0,0.0,0.0
1,81,2,0.0,False,0.0,0.0,0.0,0.0,0.0,0.0,0.0
1,81,3,0.0,False,0.0,0.0,0.0,0.0,0.0,0.0,0.0
1,82,0,0.30055147409439087,False,0.0,0.0,0.0,0.0,0.0,0.0,0.0
1,82,1,0.0,False,0.0,0.0,0.0,0.0,0.0,0.0,0.0
1,82,2,0.0,False,0.0,0.0,0.0,0.0,0.0,0.0,0.0
1,82,3,0.0,False,0.0,0.0,0.0,0.0,0.0,0.0,0.0
1,83,0,0.3187643587589264,False,0.0,0.0,0.0,0.0,0.0,0.0,0.0
1,83,1,0.0,False,0.0,0.0,0.0,0.0,0.0,0.0,0.0
1,83,2,0.0,False,0.0,0.0,0.0,0.0,0.0,0.0,0.0
1,83,3,0.0,False,0.0,0.0,0.0,0.0,0.0,0.0,0.0
1,84,0,0.3406679034233093,False,0.0,0.0,0.0,0.0,0.0,0.0,0.0
1,84,1,0.0,False,0.0,0.0,0.0,0.0,0.0,0.0,0.0
1,84,2,0.0,False,0.0,0.0,0.0,0.0,0.0,0.0,0.0
1,84,3,0.0,False,0.0,0.0,0.0,0.0,0.0,0.0,0.0
1,85,0,0.35841333866119385,False,0.0,0.0,0.0,0.0,0.0,0.0,0.0
1,85,1,0.0,False,0.0,0.0,0.0,0.0,0.0,0.0,0.0
1,85,2,0.0,False,0.0,0.0,0.0,0.0,0.0,0.0,0.0
1,85,3,0.0,False,0.0,0.0,0.0,0.0,0.0,0.0,0.0
1,86,0,0.37670788168907166,False,0.0,0.0,0.0,0.0,0.0,0.0,0.0
1,86,1,0.0,False,0.0,0.0,0.0,0.0,0.0,0.0,0.0
1,86,2,0.0,False,0.0,0.0,0.0,0.0,0.0,0.0,0.0
1,86,3,0.0,False,0.0,0.0,0.0,0.0,0.0,0.0,0.0
1,87,0,0.39147520065307617,False,0.0,0.0,0.0,0.0,0.0,0.0,0.0
1,87,1,0.0,False,0.0,0.0,0.0,0.0,0.0,0.0,0.0
1,87,2,0.0,False,0.0,0.0,0.0,0.0,0.0,0.0,0.0
1,87,3,0.0,False,0.0,0.0,0.0,0.0,0.0,0.0,0.0
1,88,0,0.43172687292099,False,0.0,0.0,0.0,0.0,0.0,0.0,0.0
1,88,1,0.0,False,0.0,0.0,0.0,0.0,0.0,0.0,0.0
1,88,2,0.0,False,0.0,0.0,0.0,0.0,0.0,0.0,0.0
1,88,3,0.0,False,0.0,0.0,0.0,0.0,0.0,0.0,0.0
1,89,0,0.5386412143707275,False,0.0,0.0,0.0,0.0,0.0,0.0,0.0
1,89,1,0.0,False,0.0,0.0,0.0,0.0,0.0,0.0,0.0
1,89,2,0.0,False,0.0,0.0,0.0,0.0,0.0,0.0,0.0
1,89,3,0.0,False,0.0,0.0,0.0,0.0,0.0,0.0,0.0
1,90,0,0.5911546945571899,False,0.0,0.0,0.0,0.0,0.0,0.0,0.0
1,90,1,0.0,False,0.0,0.0,0.0,0.0,0.0,0.0,0.0
1,90,2,0.0,False,0.0,0.0,0.0,0.0,0.0,0.0,0.0
1,90,3,0.0,False,0.0,0.0,0.0,0.0,0.0,0.0,0.0
1,91,0,0.6307945251464844,False,0.0,0.0,0.0,0.0,0.0,0.0,0.0
1,91,1,0.0,False,0.0,0.0,0.0,0.0,0.0,0.0,0.0
1,91,2,0.0,False,0.0,0.0,0.0,0.0,0.0,0.0,0.0
1,91,3,0.0,False,0.0,0.0,0.0,0.0,0.0,0.0,0.0
1,92,0,0.7963525056838989,False,0.0,0.0,0.0,0.0,0.0,0.0,0.0
1,92,1,0.0,False,0.0,0.0,0.0,0.0,0.0,0.0,0.0
1,92,2,0.0,False,0.0,0.0,0.0,0.0,0.0,0.0,0.0
1,92,3,0.0,False,0.0,0.0,0.0,0.0,0.0,0.0,0.0
1,93,0,0.9226858019828796,False,0.0,0.0,0.0,0.0,0.0,0.0,0.0
1,93,1,0.0,False,0.0,0.0,0.0,0.0,0.0,0.0,0.0
1,93,2,0.0,False,0.0,0.0,0.0,0.0,0.0,0.0,0.0
1,93,3,0.0,False,0.0,0.0,0.0,0.0,0.0,0.0,0.0
1,94,0,0.9641311764717102,False,0.0,0.0,0.0,0.0,0.0,0.0,0.0
1,94,1,0.0,False,0.0,0.0,0.0,0.0,0.0,0.0,0.0
1,94,2,0.0,False,0.0,0.0,0.0,0.0,0.0,0.0,0.0
1,94,3,0.0,False,0.0,0.0,0.0,0.0,0.0,0.0,0.0
1,95,0,0.9732934236526489,False,0.0,0.0,0.0,0.0,0.0,0.0,0.0
1,95,1,0.0,False,0.0,0.0,0.0,0.0,0.0,0.0,0.0
1,95,2,0.0,False,0.0,0.0,0.0,0.0,0.0,0.0,0.0
1,95,3,0.0,False,0.0,0.0,0.0,0.0,0.0,0.0,0.0
1,96,0,0.9757902026176453,False,0.0,0.0,0.0,0.0,0.0,0.0,0.0
1,96,1,0.0,False,0.0,0.0,0.0,0.0,0.0,0.0,0.0
1,96,2,0.0,False,0.0,0.0,0.0,0.0,0.0,0.0,0.0
1,96,3,0.0,False,0.0,0.0,0.0,0.0,0.0,0.0,0.0
1,97,0,0.976449728012085,False,0.0,0.0,0.0,0.0,0.0,0.0,0.0
1,97,1,0.0,False,0.0,0.0,0.0,0.0,0.0,0.0,0.0
1,97,2,0.0,False,0.0,0.0,0.0,0.0,0.0,0.0,0.0
1,97,3,0.0,False,0.0,0.0,0.0,0.0,0.0,0.0,0.0
1,98,0,0.9762216210365295,False,0.0,0.0,0.0,0.0,0.0,0.0,0.0
1,98,1,0.0,False,0.0,0.0,0.0,0.0,0.0,0.0,0.0
1,98,2,0.0,False,0.0,0.0,0.0,0.0,0.0,0.0,0.0
1,98,3,0.0,False,0.0,0.0,0.0,0.0,0.0,0.0,0.0
1,99,0,0.9755504131317139,False,0.0,0.0,0.0,0.0,0.0,0.0,0.0
1,99,1,0.0,False,0.0,0.0,0.0,0.0,0.0,0.0,0.0
1,99,2,0.0,False,0.0,0.0,0.0,0.0,0.0,0.0,0.0
1,99,3,0.0,False,0.0,0.0,0.0,0.0,0.0,0.0,0.0
1,100,0,0.9749557375907898,False,0.0,0.0,0.0,0.0,0.0,0.0,0.0
1,100,1,0.0,False,0.0,0.0,0.0,0.0,0.0,0.0,0.0
1,100,2,0.0,False,0.0,0.0,0.0,0.0,0.0,0.0,0.0
1,100,3,0.0,False,0.0,0.0,0.0,0.0,0.0,0.0,0.0
1,101,0,0.9741542935371399,False,0.0,0.0,0.0,0.0,0.0,0.0,0.0
1,101,1,0.0,False,0.0,0.0,0.0,0.0,0.0,0.0,0.0
1,101,2,0.0,False,0.0,0.0,0.0,0.0,0.0,0.0,0.0
1,101,3,0.0,False,0.0,0.0,0.0,0.0,0.0,0.0,0.0
1,102,0,0.9735109806060791,False,0.0,0.0,0.0,0.0,0.0,0.0,0.0
1,102,1,0.0,False,0.0,0.0,0.0,0.0,0.0,0.0,0.0
1,102,2,0.0,False,0.0,0.0,0.0,0.0,0.0,0.0,0.0
1,102,3,0.0,False,0.0,0.0,0.0,0.0,0.0,0.0,0.0
1,103,0,0.9734114408493042,False,0.0,0.0,0.0,0.0,0.0,0.0,0.0
1,103,1,0.0,False,0.0,0.0,0.0,0.0,0.0,0.0,0.0
1,103,2,0.0,False,0.0,0.0,0.0,0.0,0.0,0.0,0.0
1,103,3,0.0,False,0.0,0.0,0.0,0.0,0.0,0.0,0.0
1,104,0,0.9733579158782959,False,0.0,0.0,0.0,0.0,0.0,0.0,0.0
1,104,1,0.0,False,0.0,0.0,0.0,0.0,0.0,0.0,0.0
1,104,2,0.0,False,0.0,0.0,0.0,0.0,0.0,0.0,0.0
1,104,3,0.0,False,0.0,0.0,0.0,0.0,0.0,0.0,0.0
1,105,0,0.9726153016090393,False,0.0,0.0,0.0,0.0,0.0,0.0,0.0
1,105,1,0.0,False,0.0,0.0,0.0,0.0,0.0,0.0,0.0
1,105,2,0.0,False,0.0,0.0,0.0,0.0,0.0,0.0,0.0
1,105,3,0.0,False,0.0,0.0,0.0,0.0,0.0,0.0,0.0
1,106,0,0.9714626669883728,False,0.0,0.0,0.0,0.0,0.0,0.0,0.0
1,106,1,0.0,False,0.0,0.0,0.0,0.0,0.0,0.0,0.0
1,106,2,0.0,False,0.0,0.0,0.0,0.0,0.0,0.0,0.0
1,106,3,0.0,False,0.0,0.0,0.0,0.0,0.0,0.0,0.0
1,107,0,0.9709050059318542,False,0.0,0.0,0.0,0.0,0.0,0.0,0.0
1,107,1,0.0,False,0.0,0.0,0.0,0.0,0.0,0.0,0.0
1,107,2,0.0,False,0.0,0.0,0.0,0.0,0.0,0.0,0.0
1,107,3,0.0,False,0.0,0.0,0.0,0.0,0.0,0.0,0.0
1,108,0,0.9702323079109192,False,0.0,0.0,0.0,0.0,0.0,0.0,0.0
1,108,1,0.0,False,0.0,0.0,0.0,0.0,0.0,0.0,0.0
1,108,2,0.0,False,0.0,0.0,0.0,0.0,-0.0,0.0,0.0
1,108,3,0.0,False,0.0,0.0,0.0,0.0,0.0,0.0,0.0
1,109,0,0.969477117061615,False,0.0,0.0,0.0,0.0,0.0,0.0,0.0
1,109,1,0.0,False,0.0,0.0,0.0,0.0,0.0,0.0,0.0
1,109,2,0.0,False,0.0,0.0,0.0,0.0,-0.0,0.0,0.0
1,109,3,0.0,False,0.0,0.0,0.0,0.0,0.0,0.0,0.0
1,110,0,0.9681755304336548,False,0.0,0.0,0.0,0.0,0.0,0.0,0.0
1,110,1,0.0,False,0.0,0.0,0.0,0.0,0.0,0.0,0.0
1,110,2,0.0,False,0.0,0.0,0.0,0.0,-0.0,0.0,0.0
1,110,3,0.0,False,0.0,0.0,0.0,0.0,0.0,0.0,0.0
1,111,0,0.967128336429596,False,0.0,0.0,0.0,0.0,0.0,0.0,0.0
1,111,1,0.0,False,0.0,0.0,0.0,0.0,0.0,0.0,0.0
1,111,2,0.0,False,0.0,0.0,0.0,0.0,-0.0,0.0,0.0
1,111,3,0.0,False,0.0,0.0,0.0,0.0,0.0,0.0,0.0
1,112,0,0.96616131067276,False,0.0,0.0,0.0,0.0,0.0,0.0,0.0
1,112,1,0.0,False,0.0,0.0,0.0,0.0,0.0,0.0,0.0
1,112,2,0.0,False,0.0,0.0,0.0,0.0,-0.0,0.0,0.0
1,112,3,0.0,False,0.0,0.0,0.0,0.0,0.0,0.0,0.0
1,113,0,0.9650877714157104,False,0.0,0.0,0.0,0.0,0.0,0.0,0.0
1,113,1,0.0,False,0.0,0.0,0.0,0.0,0.0,0.0,0.0
1,113,2,0.0,False,0.0,0.0,0.0,0.0,-0.0,0.0,0.0
1,113,3,0.0,False,0.0,0.0,0.0,0.0,0.0,0.0,0.0
1,114,0,0.9637640714645386,False,0.0,0.0,0.0,0.0,0.0,0.0,0.0
1,114,1,0.0,False,0.0,0.0,0.0,0.0,0.0,0.0,0.0
1,114,2,0.0,False,0.0,0.0,0.0,0.0,-0.0,0.0,0.0
1,114,3,0.0,False,0.0,0.0,0.0,0.0,0.0,0.0,0.0
1,115,0,0.9621374011039734,False,0.0,0.0,0.0,0.0,0.0,0.0,0.0
1,115,1,0.0,False,0.0,0.0,0.0,0.0,0.0,0.0,0.0
1,115,2,0.0,False,0.0,0.0,0.0,0.0,-0.0,0.0,0.0
1,115,3,0.0,False,0.0,0.0,0.0,0.0,-0.0,0.0,0.0
1,116,0,0.9603275656700134,False,0.0,0.0,0.0,0.0,0.0,0.0,0.0
1,116,1,0.0,False,0.0,0.0,0.0,0.0,0.0,0.0,0.0
1,116,2,0.0,False,0.0,0.0,0.0,0.0,-0.0,0.0,0.0
1,116,3,0.0,False,0.0,0.0,0.0,0.0,0.0,0.0,0.0
1,117,0,0.9584133625030518,False,0.0,0.0,0.0,0.0,0.0,0.0,0.0
1,117,1,0.0,False,0.0,0.0,0.0,0.0,0.0,0.0,0.0
1,117,2,0.0,False,0.0,0.0,0.0,0.0,-0.0,0.0,0.0
1,117,3,0.0,False,0.0,0.0,0.0,0.0,0.0,0.0,0.0
1,118,0,0.9567385911941528,False,0.0,0.0,0.0,0.0,0.0,0.0,0.0
1,118,1,0.0,False,0.0,0.0,0.0,0.0,0.0,0.0,0.0
1,118,2,0.0,False,0.0,0.0,0.0,0.0,-0.0,0.0,0.0
1,118,3,0.0,False,0.0,0.0,0.0,0.0,0.0,0.0,0.0
1,119,0,0.9548490047454834,False,0.0,0.0,0.0,0.0,0.0,0.0,0.0
1,119,1,0.0,False,0.0,0.0,0.0,0.0,0.0,0.0,0.0
1,119,2,0.0,False,0.0,0.0,0.0,0.0,-0.0,0.0,0.0
1,119,3,0.0,False,0.0,0.0,0.0,0.0,0.0,0.0,0.0
1,120,0,0.9526473879814148,False,0.0,0.0,0.0,0.0,0.0,0.0,0.0
1,120,1,0.0,False,0.0,0.0,0.0,0.0,0.0,0.0,0.0
1,120,2,0.0,False,0.0,0.0,0.0,0.0,-0.0,0.0,0.0
1,120,3,0.0,False,0.0,0.0,0.0,0.0,0.0,0.0,0.0
1,121,0,0.9507529139518738,False,0.0,0.0,0.0,0.0,0.0,0.0,0.0
1,121,1,0.0,False,0.0,0.0,0.0,0.0,0.0,0.0,0.0
1,121,2,0.0,False,0.0,0.0,0.0,0.0,-0.0,0.0,0.0
1,121,3,0.0,False,0.0,0.0,0.0,0.0,0.0,0.0,0.0
1,122,0,0.9492104649543762,False,0.0,0.0,0.0,0.0,0.0,0.0,0.0
1,122,1,0.0,False,0.0,0.0,0.0,0.0,0.0,0.0,0.0
1,122,2,0.0,False,0.0,0.0,0.0,0.0,-0.0,0.0,0.0
1,122,3,0.0,False,0.0,0.0,0.0,0.0,0.0,0.0,0.0
1,123,0,0.9477911591529846,False,0.0,0.0,0.0,0.0,0.0,0.0,0.0
1,123,1,0.0,False,0.0,0.0,0.0,0.0,0.0,0.0,0.0
1,123,2,0.0,False,0.0,0.0,0.0,0.0,-0.0,0.0,0.0
1,123,3,0.0,False,0.0,0.0,0.0,0.0,0.0,0.0,0.0
1,124,0,0.9465301036834717,False,0.0,0.0,0.0,0.0,0.0,0.0,0.0
1,124,1,0.0,False,0.0,0.0,0.0,0.0,0.0,0.0,0.0
1,124,2,0.0,False,0.0,0.0,0.0,0.0,-0.0,0.0,0.0
1,124,3,0.0,False,0.0,0.0,0.0,0.0,0.0,0.0,0.0
1,125,0,0.9454213380813599,False,0.0,0.0,0.0,0.0,0.0,0.0,0.0
1,125,1,0.0,False,0.0,0.0,0.0,0.0,0.0,0.0,0.0
1,125,2,0.0,False,0.0,0.0,0.0,0.0,-0.0,0.0,0.0
1,125,3,0.0,False,0.0,0.0,0.0,0.0,0.0,0.0,0.0
1,126,0,0.9443447589874268,False,0.0,0.0,0.0,0.0,0.0,0.0,0.0
1,126,1,0.0,False,0.0,0.0,0.0,0.0,0.0,0.0,0.0
1,126,2,0.0,False,0.0,0.0,0.0,0.0,-0.0,0.0,0.0
1,126,3,0.0,False,0.0,0.0,0.0,0.0,0.0,0.0,0.0
1,127,0,0.9433221220970154,False,0.0,0.0,0.0,0.0,0.0,0.0,0.0
1,127,1,0.0,False,0.0,0.0,0.0,0.0,0.0,0.0,0.0
1,127,2,0.0,False,0.0,0.0,0.0,0.0,-0.0,0.0,0.0
1,127,3,0.0,False,0.0,0.0,0.0,0.0,0.0,0.0,0.0
1,128,0,0.9429888725280762,False,0.0,0.0,0.0,0.0,0.0,0.0,0.0
1,128,1,0.0,False,0.0,0.0,0.0,0.0,0.0,0.0,0.0
1,128,2,0.0,False,0.0,0.0,0.0,0.0,-0.0,0.0,0.0
1,128,3,0.0,False,0.0,0.0,0.0,0.0,0.0,0.0,0.0
1,129,0,0.9427573680877686,False,0.0,0.0,0.0,0.0,0.0,0.0,0.0
1,129,1,0.0,False,0.0,0.0,0.0,0.0,0.0,0.0,0.0
1,129,2,0.0,False,0.0,0.0,0.0,0.0,-0.0,0.0,0.0
1,129,3,0.0,False,0.0,0.0,0.0,0.0,0.0,0.0,0.0
1,130,0,0.9425808787345886,False,0.0,0.0,0.0,0.0,0.0,0.0,0.0
1,130,1,0.0,False,0.0,0.0,0.0,0.0,0.0,0.0,0.0
1,130,2,0.0,False,0.0,0.0,0.0,0.0,-0.0,0.0,0.0
1,130,3,0.0,False,0.0,0.0,0.0,0.0,0.0,0.0,0.0
1,131,0,0.9425849914550781,False,0.0,0.0,0.0,0.0,0.0,0.0,0.0
1,131,1,0.0,False,0.0,0.0,0.0,0.0,0.0,0.0,0.0
1,131,2,0.0,False,0.0,0.0,0.0,0.0,-0.0,0.0,0.0
1,131,3,0.0,False,0.0,0.0,0.0,0.0,0.0,0.0,0.0
1,132,0,0.9426809549331665,False,0.0,0.0,0.0,0.0,0.0,0.0,0.0
1,132,1,0.0,False,0.0,0.0,0.0,0.0,0.0,0.0,0.0
1,132,2,0.0,False,0.0,0.0,0.0,0.0,-0.0,0.0,0.0
1,132,3,0.0,False,0.0,0.0,0.0,0.0,0.0,0.0,0.0
1,133,0,0.9428161978721619,False,0.0,0.0,0.0,0.0,0.0,0.0,0.0
1,133,1,0.0,False,0.0,0.0,0.0,0.0,0.0,0.0,0.0
1,133,2,0.0,False,0.0,0.0,0.0,0.0,0.0,0.0,0.0
1,133,3,0.0,False,0.0,0.0,0.0,0.0,0.0,0.0,0.0
1,134,0,0.9428970217704773,False,0.0,0.0,0.0,0.0,0.0,0.0,0.0
1,134,1,0.0,False,0.0,0.0,0.0,0.0,0.0,0.0,0.0
1,134,2,0.0,False,0.0,0.0,0.0,0.0,0.0,0.0,0.0
1,134,3,0.0,False,0.0,0.0,0.0,0.0,0.0,0.0,0.0
1,135,0,0.9431124329566956,False,0.0,0.0,0.0,0.0,0.0,0.0,0.0
1,135,1,0.0,False,0.0,0.0,0.0,0.0,0.0,0.0,0.0
1,135,2,0.0,False,0.0,0.0,0.0,0.0,0.0,0.0,0.0
1,135,3,0.0,False,0.0,0.0,0.0,0.0,0.0,0.0,0.0
1,136,0,0.9433302283287048,False,0.0,0.0,0.0,0.0,0.0,0.0,0.0
1,136,1,0.0,False,0.0,0.0,0.0,0.0,0.0,0.0,0.0
1,136,2,0.0,False,0.0,0.0,0.0,0.0,0.0,0.0,0.0
1,136,3,0.0,False,0.0,0.0,0.0,0.0,0.0,0.0,0.0
1,137,0,0.9435294270515442,False,0.0,0.0,0.0,0.0,0.0,0.0,0.0
1,137,1,0.0,False,0.0,0.0,0.0,0.0,0.0,0.0,0.0
1,137,2,0.0,False,0.0,0.0,0.0,0.0,0.0,0.0,0.0
1,137,3,0.0,False,0.0,0.0,0.0,0.0,0.0,0.0,0.0
1,138,0,0.9437198042869568,False,0.0,0.0,0.0,0.0,0.0,0.0,0.0
1,138,1,0.0,False,0.0,0.0,0.0,0.0,0.0,0.0,0.0
1,138,2,0.0,False,0.0,0.0,0.0,0.0,0.0,0.0,0.0
1,138,3,0.0,False,0.0,0.0,0.0,0.0,0.0,0.0,0.0
1,139,0,0.9439116716384888,False,0.0,0.0,0.0,0.0,0.0,0.0,0.0
1,139,1,0.0,False,0.0,0.0,0.0,0.0,0.0,0.0,0.0
1,139,2,0.0,False,0.0,0.0,0.0,0.0,0.0,0.0,0.0
1,139,3,0.0,False,0.0,0.0,0.0,0.0,0.0,0.0,0.0
1,140,0,0.9440791010856628,False,0.0,0.0,0.0,0.0,0.0,0.0,0.0
1,140,1,0.0,False,0.0,0.0,0.0,0.0,0.0,0.0,0.0
1,140,2,0.0,False,0.0,0.0,0.0,0.0,0.0,0.0,0.0
1,140,3,0.0,False,0.0,0.0,0.0,0.0,0.0,0.0,0.0
1,141,0,0.9442240595817566,False,0.0,0.0,0.0,0.0,0.0,0.0,0.0
1,141,1,0.0,False,0.0,0.0,0.0,0.0,0.0,0.0,0.0
1,141,2,0.0,False,0.0,0.0,0.0,0.0,0.0,0.0,0.0
1,141,3,0.0,False,0.0,0.0,0.0,0.0,0.0,0.0,0.0
1,142,0,0.9443499445915222,False,0.0,0.0,0.0,0.0,0.0,0.0,0.0
1,142,1,0.0,False,0.0,0.0,0.0,0.0,0.0,0.0,0.0
1,142,2,0.0,False,0.0,0.0,0.0,0.0,0.0,0.0,0.0
1,142,3,0.0,False,0.0,0.0,0.0,0.0,0.0,0.0,0.0
1,143,0,0.9444594383239746,False,0.0,0.0,0.0,0.0,0.0,0.0,0.0
1,143,1,0.0,False,0.0,0.0,0.0,0.0,0.0,0.0,0.0
1,143,2,0.0,False,0.0,0.0,0.0,0.0,0.0,0.0,0.0
1,143,3,0.0,False,0.0,0.0,0.0,0.0,0.0,0.0,0.0
1,144,0,0.9445505142211914,False,0.0,0.0,0.0,0.0,0.0,0.0,0.0
1,144,1,0.0,False,0.0,0.0,0.0,0.0,0.0,0.0,0.0
1,144,2,0.0,False,0.0,0.0,0.0,0.0,0.0,0.0,0.0
1,144,3,0.0,False,0.0,0.0,0.0,0.0,0.0,0.0,0.0
1,145,0,0.9446243643760681,False,0.0,0.0,0.0,0.0,0.0,0.0,0.0
1,145,1,0.0,False,0.0,0.0,0.0,0.0,0.0,0.0,0.0
1,145,2,0.0,False,0.0,0.0,0.0,0.0,0.0,0.0,0.0
1,145,3,0.0,False,0.0,0.0,0.0,0.0,0.0,0.0,0.0
1,146,0,0.9446843862533569,False,0.0,0.0,0.0,0.0,0.0,0.0,0.0
1,146,1,0.0,False,0.0,0.0,0.0,0.0,0.0,0.0,0.0
1,146,2,0.0,False,0.0,0.0,0.0,0.0,0.0,0.0,0.0
1,146,3,0.0,False,0.0,0.0,0.0,0.0,0.0,0.0,0.0
1,147,0,0.9447031021118164,False,0.0,0.0,0.0,0.0,0.0,0.0,0.0
1,147,1,0.0,False,0.0,0.0,0.0,0.0,-0.0,0.0,0.0
1,147,2,0.0,False,0.0,0.0,0.0,0.0,0.0,0.0,0.0
1,147,3,0.0,False,0.0,0.0,0.0,0.0,0.0,0.0,0.0
1,148,0,0.9447059035301208,False,0.0,0.0,0.0,0.0,0.0,0.0,0.0
1,148,1,0.0,False,0.0,0.0,0.0,0.0,-0.0,0.0,0.0
1,148,2,0.0,False,0.0,0.0,0.0,0.0,0.0,0.0,0.0
1,148,3,0.0,False,0.0,0.0,0.0,0.0,0.0,0.0,0.0
1,149,0,0.9446980357170105,False,0.0,0.0,0.0,0.0,0.0,0.0,0.0
1,149,1,0.0,False,0.0,0.0,0.0,0.0,-0.0,0.0,0.0
1,149,2,0.0,False,0.0,0.0,0.0,0.0,0.0,0.0,0.0
1,149,3,0.0,False,0.0,0.0,0.0,0.0,0.0,0.0,0.0
1,150,0,0.9446824789047241,False,0.0,0.0,0.0,0.0,0.0,0.0,0.0
1,150,1,0.0,False,0.0,0.0,0.0,0.0,-0.0,0.0,0.0
1,150,2,0.0,False,0.0,0.0,0.0,0.0,0.0,0.0,0.0
1,150,3,0.0,False,0.0,0.0,0.0,0.0,0.0,0.0,0.0
1,151,0,0.9446603059768677,False,0.0,0.0,0.0,0.0,0.0,0.0,0.0
1,151,1,0.0,False,0.0,0.0,0.0,0.0,-0.0,0.0,0.0
1,151,2,0.0,False,0.0,0.0,0.0,0.0,0.0,0.0,0.0
1,151,3,0.0,False,0.0,0.0,0.0,0.0,0.0,0.0,0.0
1,152,0,0.944632887840271,False,0.0,0.0,0.0,0.0,-0.0,0.0,0.0
1,152,1,0.0,False,0.0,0.0,0.0,0.0,-0.0,0.0,0.0
1,152,2,0.0,False,0.0,0.0,0.0,0.0,0.0,0.0,0.0
1,152,3,0.0,False,0.0,0.0,0.0,0.0,0.0,0.0,0.0
1,153,0,0.9446015357971191,False,0.0,0.0,0.0,0.0,-0.0,0.0,0.0
1,153,1,0.0,False,0.0,0.0,0.0,0.0,-0.0,0.0,0.0
1,153,2,0.0,False,0.0,0.0,0.0,0.0,0.0,0.0,0.0
1,153,3,0.0,False,0.0,0.0,0.0,0.0,0.0,0.0,0.0
1,154,0,0.9445673823356628,False,0.0,0.0,0.0,0.0,-0.0,0.0,0.0
1,154,1,0.0,False,0.0,0.0,0.0,0.0,-0.0,0.0,0.0
1,154,2,0.0,False,0.0,0.0,0.0,0.0,0.0,0.0,0.0
1,154,3,0.0,False,0.0,0.0,0.0,0.0,0.0,0.0,0.0
1,155,0,0.9445313215255737,False,0.0,0.0,0.0,0.0,-0.0,0.0,0.0
1,155,1,0.0,False,0.0,0.0,0.0,0.0,-0.0,0.0,0.0
1,155,2,0.0,False,0.0,0.0,0.0,0.0,0.0,0.0,0.0
1,155,3,0.0,False,0.0,0.0,0.0,0.0,0.0,0.0,0.0
1,156,0,0.9444944858551025,False,0.0,0.0,0.0,0.0,-0.0,0.0,0.0
1,156,1,0.0,False,0.0,0.0,0.0,0.0,-0.0,0.0,0.0
1,156,2,0.0,False,0.0,0.0,0.0,0.0,0.0,0.0,0.0
1,156,3,0.0,False,0.0,0.0,0.0,0.0,0.0,0.0,0.0
1,157,0,0.9444576501846313,False,0.0,0.0,0.0,0.0,-0.0,0.0,0.0
1,157,1,0.0,False,0.0,0.0,0.0,0.0,-0.0,0.0,0.0
1,157,2,0.0,False,0.0,0.0,0.0,0.0,0.0,0.0,0.0
1,157,3,0.0,False,0.0,0.0,0.0,0.0,0.0,0.0,0.0
1,158,0,0.9444214701652527,False,0.0,0.0,0.0,0.0,-0.0,0.0,0.0
1,158,1,0.0,False,0.0,0.0,0.0,0.0,-0.0,0.0,0.0
1,158,2,0.0,False,0.0,0.0,0.0,0.0,0.0,0.0,0.0
1,158,3,0.0,False,0.0,0.0,0.0,0.0,0.0,0.0,0.0
1,159,0,0.9443864226341248,False,0.0,0.0,0.0,0.0,-0.0,0.0,0.0
1,159,1,0.0,False,0.0,0.0,0.0,0.0,-0.0,0.0,0.0
1,159,2,0.0,False,0.0,0.0,0.0,0.0,0.0,0.0,0.0
1,159,3,0.0,False,0.0,0.0,0.0,0.0,0.0,0.0,0.0
1,160,0,0.944352924823761,False,0.0,0.0,0.0,0.0,-0.0,0.0,0.0
1,160,1,0.0,False,0.0,0.0,0.0,0.0,-0.0,0.0,0.0
1,160,2,0.0,False,0.0,0.0,0.0,0.0,0.0,0.0,0.0
1,160,3,0.0,False,0.0,0.0,0.0,0.0,0.0,0.0,0.0
1,161,0,0.94432133436203,False,0.0,0.0,0.0,0.0,-0.0,0.0,0.0
1,161,1,0.0,False,0.0,0.0,0.0,0.0,-0.0,0.0,0.0
1,161,2,0.0,False,0.0,0.0,0.0,0.0,0.0,0.0,0.0
1,161,3,0.0,False,0.0,0.0,0.0,0.0,0.0,0.0,0.0
1,162,0,0.9442918300628662,False,0.0,0.0,0.0,0.0,-0.0,0.0,0.0
1,162,1,0.0,False,0.0,0.0,0.0,0.0,-0.0,0.0,0.0
1,162,2,0.0,False,0.0,0.0,0.0,0.0,0.0,0.0,0.0
1,162,3,0.0,False,0.0,0.0,0.0,0.0,0.0,0.0,0.0
1,163,0,0.9442646503448486,False,0.0,0.0,0.0,0.0,-0.0,0.0,0.0
1,163,1,0.0,False,0.0,0.0,0.0,0.0,-0.0,0.0,0.0
1,163,2,0.0,False,0.0,0.0,0.0,0.0,0.0,0.0,0.0
1,163,3,0.0,False,0.0,0.0,0.0,0.0,0.0,0.0,0.0
1,164,0,0.9442397952079773,False,0.0,0.0,0.0,0.0,-0.0,0.0,0.0
1,164,1,0.0,False,0.0,0.0,0.0,0.0,0.0,0.0,0.0
1,164,2,0.0,False,0.0,0.0,0.0,0.0,0.0,0.0,0.0
1,164,3,0.0,False,0.0,0.0,0.0,0.0,0.0,0.0,0.0
1,165,0,0.9442173838615417,False,0.0,0.0,0.0,0.0,-0.0,0.0,0.0
1,165,1,0.0,False,0.0,0.0,0.0,0.0,0.0,0.0,0.0
1,165,2,0.0,False,0.0,0.0,0.0,0.0,0.0,0.0,0.0
1,165,3,0.0,False,0.0,0.0,0.0,0.0,0.0,0.0,0.0
1,166,0,0.944197416305542,False,0.0,0.0,0.0,0.0,-0.0,0.0,0.0
1,166,1,0.0,False,0.0,0.0,0.0,0.0,0.0,0.0,0.0
1,166,2,0.0,False,0.0,0.0,0.0,0.0,0.0,0.0,0.0
1,166,3,0.0,False,0.0,0.0,0.0,0.0,0.0,0.0,0.0
1,167,0,0.9441797733306885,False,0.0,0.0,0.0,0.0,-0.0,0.0,0.0
1,167,1,0.0,False,0.0,0.0,0.0,0.0,0.0,0.0,0.0
1,167,2,0.0,False,0.0,0.0,0.0,0.0,0.0,0.0,0.0
1,167,3,0.0,False,0.0,0.0,0.0,0.0,0.0,0.0,0.0
1,168,0,0.9441657662391663,False,0.0,0.0,0.0,0.0,-0.0,0.0,0.0
1,168,1,0.0,False,0.0,0.0,0.0,0.0,0.0,0.0,0.0
1,168,2,0.0,False,0.0,0.0,0.0,0.0,0.0,0.0,0.0
1,168,3,0.0,False,0.0,0.0,0.0,0.0,0.0,0.0,0.0
1,169,0,0.9441554546356201,False,0.0,0.0,0.0,0.0,0.0,0.0,0.0
1,169,1,0.0,False,0.0,0.0,0.0,0.0,0.0,0.0,0.0
1,169,2,0.0,False,0.0,0.0,0.0,0.0,0.0,0.0,0.0
1,169,3,0.0,False,0.0,0.0,0.0,0.0,0.0,0.0,0.0
1,170,0,0.9441466331481934,False,0.0,0.0,0.0,0.0,0.0,0.0,0.0
1,170,1,0.0,False,0.0,0.0,0.0,0.0,0.0,0.0,0.0
1,170,2,0.0,False,0.0,0.0,0.0,0.0,0.0,0.0,0.0
1,170,3,0.0,False,0.0,0.0,0.0,0.0,0.0,0.0,0.0
1,171,0,0.944139301776886,False,0.0,0.0,0.0,0.0,0.0,0.0,0.0
1,171,1,0.0,False,0.0,0.0,0.0,0.0,0.0,0.0,0.0
1,171,2,0.0,False,0.0,0.0,0.0,0.0,0.0,0.0,0.0
1,171,3,0.0,False,0.0,0.0,0.0,0.0,0.0,0.0,0.0
1,172,0,0.9441327452659607,False,0.0,0.0,0.0,0.0,0.0,0.0,0.0
1,172,1,0.0,False,0.0,0.0,0.0,0.0,0.0,0.0,0.0
1,172,2,0.0,False,0.0,0.0,0.0,0.0,0.0,0.0,0.0
1,172,3,0.0,False,0.0,0.0,0.0,0.0,0.0,0.0,0.0
1,173,0,0.94412761926651,False,0.0,0.0,0.0,0.0,0.0,0.0,0.0
1,173,1,0.0,False,0.0,0.0,0.0,0.0,0.0,0.0,0.0
1,173,2,0.0,False,0.0,0.0,0.0,0.0,0.0,0.0,0.0
1,173,3,0.0,False,0.0,0.0,0.0,0.0,0.0,0.0,0.0
1,174,0,0.9441236853599548,False,0.0,0.0,0.0,0.0,0.0,0.0,0.0
1,174,1,0.0,False,0.0,0.0,0.0,0.0,0.0,0.0,0.0
1,174,2,0.0,False,0.0,0.0,0.0,0.0,0.0,0.0,0.0
1,174,3,0.0,False,0.0,0.0,0.0,0.0,0.0,0.0,0.0
1,175,0,0.9441209435462952,False,0.0,0.0,0.0,0.0,0.0,0.0,0.0
1,175,1,0.0,False,0.0,0.0,0.0,0.0,0.0,0.0,0.0
1,175,2,0.0,False,0.0,0.0,0.0,0.0,0.0,0.0,0.0
1,175,3,0.0,False,0.0,0.0,0.0,0.0,-0.0,0.0,0.0
1,176,0,0.9441190958023071,False,0.0,0.0,0.0,0.0,0.0,0.0,0.0
1,176,1,0.0,False,0.0,0.0,0.0,0.0,0.0,0.0,0.0
1,176,2,0.0,False,0.0,0.0,0.0,0.0,0.0,0.0,0.0
1,176,3,0.0,False,0.0,0.0,0.0,0.0,-0.0,0.0,0.0
1,177,0,0.9441177845001221,False,0.0,0.0,0.0,0.0,0.0,0.0,0.0
1,177,1,0.0,False,0.0,0.0,0.0,0.0,0.0,0.0,0.0
1,177,2,0.0,False,0.0,0.0,0.0,0.0,0.0,0.0,0.0
1,177,3,0.0,False,0.0,0.0,0.0,0.0,-0.0,0.0,0.0
1,178,0,0.9441171884536743,False,0.0,0.0,0.0,0.0,0.0,0.0,0.0
1,178,1,0.0,False,0.0,0.0,0.0,0.0,0.0,0.0,0.0
1,178,2,0.0,False,0.0,0.0,0.0,0.0,0.0,0.0,0.0
1,178,3,0.0,False,0.0,0.0,0.0,0.0,-0.0,0.0,0.0
1,179,0,0.9441174864768982,False,0.0,0.0,0.0,0.0,0.0,0.0,0.0
1,179,1,0.0,False,0.0,0.0,0.0,0.0,0.0,0.0,0.0
1,179,2,0.0,False,0.0,0.0,0.0,0.0,0.0,0.0,0.0
1,179,3,0.0,False,0.0,0.0,0.0,0.0,-0.0,0.0,0.0
1,180,0,0.9441183805465698,False,0.0,0.0,0.0,0.0,0.0,0.0,0.0
1,180,1,0.0,False,0.0,0.0,0.0,0.0,0.0,0.0,0.0
1,180,2,0.0,False,0.0,0.0,0.0,0.0,0.0,0.0,0.0
1,180,3,0.0,False,0.0,0.0,0.0,0.0,-0.0,0.0,0.0
1,181,0,0.9441196322441101,False,0.0,0.0,0.0,0.0,0.0,0.0,0.0
1,181,1,0.0,False,0.0,0.0,0.0,0.0,0.0,0.0,0.0
1,181,2,0.0,False,0.0,0.0,0.0,0.0,0.0,0.0,0.0
1,181,3,0.0,False,0.0,0.0,0.0,0.0,-0.0,0.0,0.0
1,182,0,0.9441210031509399,False,0.0,0.0,0.0,0.0,0.0,0.0,0.0
1,182,1,0.0,False,0.0,0.0,0.0,0.0,0.0,0.0,0.0
1,182,2,0.0,False,0.0,0.0,0.0,0.0,0.0,0.0,0.0
1,182,3,0.0,False,0.0,0.0,0.0,0.0,-0.0,0.0,0.0
1,183,0,0.9441226124763489,False,0.0,0.0,0.0,0.0,0.0,0.0,0.0
1,183,1,0.0,False,0.0,0.0,0.0,0.0,0.0,0.0,0.0
1,183,2,0.0,False,0.0,0.0,0.0,0.0,-0.0,0.0,0.0
1,183,3,0.0,False,0.0,0.0,0.0,0.0,-0.0,0.0,0.0
1,184,0,0.9441242814064026,False,0.0,0.0,0.0,0.0,0.0,0.0,0.0
1,184,1,0.0,False,0.0,0.0,0.0,0.0,0.0,0.0,0.0
1,184,2,0.0,False,0.0,0.0,0.0,0.0,-0.0,0.0,0.0
1,184,3,0.0,False,0.0,0.0,0.0,0.0,-0.0,0.0,0.0
1,185,0,0.9441260695457458,False,0.0,0.0,0.0,0.0,0.0,0.0,0.0
1,185,1,0.0,False,0.0,0.0,0.0,0.0,0.0,0.0,0.0
1,185,2,0.0,False,0.0,0.0,0.0,0.0,-0.0,0.0,0.0
1,185,3,0.0,False,0.0,0.0,0.0,0.0,-0.0,0.0,0.0
1,186,0,0.9441278576850891,False,0.0,0.0,0.0,0.0,0.0,0.0,0.0
1,186,1,0.0,False,0.0,0.0,0.0,0.0,0.0,0.0,0.0
1,186,2,0.0,False,0.0,0.0,0.0,0.0,-0.0,0.0,0.0
1,186,3,0.0,False,0.0,0.0,0.0,0.0,-0.0,0.0,0.0
1,187,0,0.9441297054290771,False,0.0,0.0,0.0,0.0,0.0,0.0,0.0
1,187,1,0.0,False,0.0,0.0,0.0,0.0,0.0,0.0,0.0
1,187,2,0.0,False,0.0,0.0,0.0,0.0,-0.0,0.0,0.0
1,187,3,0.0,False,0.0,0.0,0.0,0.0,0.0,0.0,0.0
1,188,0,0.9441307783126831,False,0.0,0.0,0.0,0.0,0.0,0.0,0.0
1,188,1,0.0,False,0.0,0.0,0.0,0.0,0.0,0.0,0.0
1,188,2,0.0,False,0.0,0.0,0.0,0.0,-0.0,0.0,0.0
1,188,3,0.0,False,0.0,0.0,0.0,0.0,0.0,0.0,0.0
1,189,0,0.9441319704055786,False,0.0,0.0,0.0,0.0,0.0,0.0,0.0
1,189,1,0.0,False,0.0,0.0,0.0,0.0,0.0,0.0,0.0
1,189,2,0.0,False,0.0,0.0,0.0,0.0,-0.0,0.0,0.0
1,189,3,0.0,False,0.0,0.0,0.0,0.0,0.0,0.0,0.0
1,190,0,0.9441332221031189,False,0.0,0.0,0.0,0.0,0.0,0.0,0.0
1,190,1,0.0,False,0.0,0.0,0.0,0.0,0.0,0.0,0.0
1,190,2,0.0,False,0.0,0.0,0.0,0.0,-0.0,0.0,0.0
1,190,3,0.0,False,0.0,0.0,0.0,0.0,0.0,0.0,0.0
1,191,0,0.9441344738006592,False,0.0,0.0,0.0,0.0,0.0,0.0,0.0
1,191,1,0.0,False,0.0,0.0,0.0,0.0,0.0,0.0,0.0
1,191,2,0.0,False,0.0,0.0,0.0,0.0,0.0,0.0,0.0
1,191,3,0.0,False,0.0,0.0,0.0,0.0,0.0,0.0,0.0
1,192,0,0.9441357254981995,False,0.0,0.0,0.0,0.0,0.0,0.0,0.0
1,192,1,0.0,False,0.0,0.0,0.0,0.0,0.0,0.0,0.0
1,192,2,0.0,False,0.0,0.0,0.0,0.0,0.0,0.0,0.0
1,192,3,0.0,False,0.0,0.0,0.0,0.0,0.0,0.0,0.0
1,193,0,0.944136917591095,False,0.0,0.0,0.0,0.0,0.0,0.0,0.0
1,193,1,0.0,False,0.0,0.0,0.0,0.0,-0.0,0.0,0.0
1,193,2,0.0,False,0.0,0.0,0.0,0.0,0.0,0.0,0.0
1,193,3,0.0,False,0.0,0.0,0.0,0.0,0.0,0.0,0.0
1,194,0,0.9441379904747009,False,0.0,0.0,0.0,0.0,0.0,0.0,0.0
1,194,1,0.0,False,0.0,0.0,0.0,0.0,-0.0,0.0,0.0
1,194,2,0.0,False,0.0,0.0,0.0,0.0,0.0,0.0,0.0
1,194,3,0.0,False,0.0,0.0,0.0,0.0,0.0,0.0,0.0
1,195,0,0.9441390037536621,False,0.0,0.0,0.0,0.0,0.0,0.0,0.0
1,195,1,0.0,False,0.0,0.0,0.0,0.0,-0.0,0.0,0.0
1,195,2,0.0,False,0.0,0.0,0.0,0.0,0.0,0.0,0.0
1,195,3,0.0,False,0.0,0.0,0.0,0.0,0.0,0.0,0.0
1,196,0,0.9441398978233337,False,0.0,0.0,0.0,0.0,0.0,0.0,0.0
1,196,1,0.0,False,0.0,0.0,0.0,0.0,-0.0,0.0,0.0
1,196,2,0.0,False,0.0,0.0,0.0,0.0,0.0,0.0,0.0
1,196,3,0.0,False,0.0,0.0,0.0,0.0,0.0,0.0,0.0
1,197,0,0.9441407322883606,False,0.0,0.0,0.0,0.0,0.0,0.0,0.0
1,197,1,0.0,False,0.0,0.0,0.0,0.0,-0.0,0.0,0.0
1,197,2,0.0,False,0.0,0.0,0.0,0.0,0.0,0.0,0.0
1,197,3,0.0,False,0.0,0.0,0.0,0.0,0.0,0.0,0.0
1,198,0,0.9441414475440979,False,0.0,0.0,0.0,0.0,0.0,0.0,0.0
1,198,1,0.0,False,0.0,0.0,0.0,0.0,-0.0,0.0,0.0
1,198,2,0.0,False,0.0,0.0,0.0,0.0,0.0,0.0,0.0
1,198,3,0.0,False,0.0,0.0,0.0,0.0,0.0,0.0,0.0
1,199,0,0.9441421031951904,False,0.0,0.0,0.0,0.0,0.0,0.0,0.0
1,199,1,0.0,False,0.0,0.0,0.0,0.0,-0.0,0.0,0.0
1,199,2,0.0,False,0.0,0.0,0.0,0.0,0.0,0.0,0.0
1,199,3,0.0,False,0.0,0.0,0.0,0.0,0.0,0.0,0.0
1,200,0,0.9441426992416382,False,0.0,0.0,0.0,0.0,0.0,0.0,0.0
1,200,1,0.0,False,0.0,0.0,0.0,0.0,-0.0,0.0,0.0
1,200,2,0.0,False,0.0,0.0,0.0,0.0,0.0,0.0,0.0
1,200,3,0.0,False,0.0,0.0,0.0,0.0,0.0,0.0,0.0
1,201,0,0.9441432356834412,False,0.0,0.0,0.0,0.0,0.0,0.0,0.0
1,201,1,0.0,False,0.0,0.0,0.0,0.0,-0.0,0.0,0.0
1,201,2,0.0,False,0.0,0.0,0.0,0.0,0.0,0.0,0.0
1,201,3,0.0,False,0.0,0.0,0.0,0.0,0.0,0.0,0.0
1,202,0,0.9441436529159546,False,0.0,0.0,0.0,0.0,0.0,0.0,0.0
1,202,1,0.0,False,0.0,0.0,0.0,0.0,-0.0,0.0,0.0
1,202,2,0.0,False,0.0,0.0,0.0,0.0,0.0,0.0,0.0
1,202,3,0.0,False,0.0,0.0,0.0,0.0,0.0,0.0,0.0
1,203,0,0.944144070148468,False,0.0,0.0,0.0,0.0,0.0,0.0,0.0
1,203,1,0.0,False,0.0,0.0,0.0,0.0,-0.0,0.0,0.0
1,203,2,0.0,False,0.0,0.0,0.0,0.0,0.0,0.0,0.0
1,203,3,0.0,False,0.0,0.0,0.0,0.0,0.0,0.0,0.0
1,204,0,0.9441444277763367,False,0.0,0.0,0.0,0.0,0.0,0.0,0.0
1,204,1,0.0,False,0.0,0.0,0.0,0.0,-0.0,0.0,0.0
1,204,2,0.0,False,0.0,0.0,0.0,0.0,0.0,0.0,0.0
1,204,3,0.0,False,0.0,0.0,0.0,0.0,0.0,0.0,0.0
1,205,0,0.9441447257995605,False,0.0,0.0,0.0,0.0,0.0,0.0,0.0
1,205,1,0.0,False,0.0,0.0,0.0,0.0,-0.0,0.0,0.0
1,205,2,0.0,False,0.0,0.0,0.0,0.0,0.0,0.0,0.0
1,205,3,0.0,False,0.0,0.0,0.0,0.0,0.0,0.0,0.0
1,206,0,0.9441449642181396,False,0.0,0.0,0.0,0.0,-0.0,0.0,0.0
1,206,1,0.0,False,0.0,0.0,0.0,0.0,-0.0,0.0,0.0
1,206,2,0.0,False,0.0,0.0,0.0,0.0,0.0,0.0,0.0
1,206,3,0.0,False,0.0,0.0,0.0,0.0,0.0,0.0,0.0
1,207,0,0.944145143032074,False,0.0,0.0,0.0,0.0,-0.0,0.0,0.0
1,207,1,0.0,False,0.0,0.0,0.0,0.0,-0.0,0.0,0.0
1,207,2,0.0,False,0.0,0.0,0.0,0.0,0.0,0.0,0.0
1,207,3,0.0,False,0.0,0.0,0.0,0.0,0.0,0.0,0.0
1,208,0,0.9441453218460083,False,0.0,0.0,0.0,0.0,-0.0,0.0,0.0
1,208,1,0.0,False,0.0,0.0,0.0,0.0,-0.0,0.0,0.0
1,208,2,0.0,False,0.0,0.0,0.0,0.0,0.0,0.0,0.0
1,208,3,0.0,False,0.0,0.0,0.0,0.0,0.0,0.0,0.0
1,209,0,0.9441455006599426,False,0.0,0.0,0.0,0.0,-0.0,0.0,0.0
1,209,1,0.0,False,0.0,0.0,0.0,0.0,-0.0,0.0,0.0
1,209,2,0.0,False,0.0,0.0,0.0,0.0,0.0,0.0,0.0
1,209,3,0.0,False,0.0,0.0,0.0,0.0,0.0,0.0,0.0
1,210,0,0.9441455602645874,False,0.0,0.0,0.0,0.0,-0.0,0.0,0.0
1,210,1,0.0,False,0.0,0.0,0.0,0.0,-0.0,0.0,0.0
1,210,2,0.0,False,0.0,0.0,0.0,0.0,0.0,0.0,0.0
1,210,3,0.0,False,0.0,0.0,0.0,0.0,0.0,0.0,0.0
1,211,0,0.9441456198692322,False,0.0,0.0,0.0,0.0,-0.0,0.0,0.0
1,211,1,0.0,False,0.0,0.0,0.0,0.0,-0.0,0.0,0.0
1,211,2,0.0,False,0.0,0.0,0.0,0.0,0.0,0.0,0.0
1,211,3,0.0,False,0.0,0.0,0.0,0.0,0.0,0.0,0.0
1,212,0,0.944145679473877,False,0.0,0.0,0.0,0.0,-0.0,0.0,0.0
1,212,1,0.0,False,0.0,0.0,0.0,0.0,-0.0,0.0,0.0
1,212,2,0.0,False,0.0,0.0,0.0,0.0,0.0,0.0,0.0
1,212,3,0.0,False,0.0,0.0,0.0,0.0,0.0,0.0,0.0
1,213,0,0.944145679473877,False,0.0,0.0,0.0,0.0,-0.0,0.0,0.0
1,213,1,0.0,False,0.0,0.0,0.0,0.0,-0.0,0.0,0.0
1,213,2,0.0,False,0.0,0.0,0.0,0.0,0.0,0.0,0.0
1,213,3,0.0,False,0.0,0.0,0.0,0.0,0.0,0.0,0.0
1,214,0,0.944145679473877,False,0.0,0.0,0.0,0.0,-0.0,0.0,0.0
1,214,1,0.0,False,0.0,0.0,0.0,0.0,-0.0,0.0,0.0
1,214,2,0.0,False,0.0,0.0,0.0,0.0,0.0,0.0,0.0
1,214,3,0.0,False,0.0,0.0,0.0,0.0,0.0,0.0,0.0
1,215,0,0.9441456198692322,False,0.0,0.0,0.0,0.0,-0.0,0.0,0.0
1,215,1,0.0,False,0.0,0.0,0.0,0.0,-0.0,0.0,0.0
1,215,2,0.0,False,0.0,0.0,0.0,0.0,0.0,0.0,0.0
1,215,3,0.0,False,0.0,0.0,0.0,0.0,0.0,0.0,0.0
1,216,0,0.9441455602645874,False,0.0,0.0,0.0,0.0,-0.0,0.0,0.0
1,216,1,0.0,False,0.0,0.0,0.0,0.0,-0.0,0.0,0.0
1,216,2,0.0,False,0.0,0.0,0.0,0.0,0.0,0.0,0.0
1,216,3,0.0,False,0.0,0.0,0.0,0.0,0.0,0.0,0.0
1,217,0,0.9441455006599426,False,0.0,0.0,0.0,0.0,-0.0,0.0,0.0
1,217,1,0.0,False,0.0,0.0,0.0,0.0,-0.0,0.0,0.0
1,217,2,0.0,False,0.0,0.0,0.0,0.0,0.0,0.0,0.0
1,217,3,0.0,False,0.0,0.0,0.0,0.0,0.0,0.0,0.0
1,218,0,0.9441454410552979,False,0.0,0.0,0.0,0.0,-0.0,0.0,0.0
1,218,1,0.0,False,0.0,0.0,0.0,0.0,-0.0,0.0,0.0
1,218,2,0.0,False,0.0,0.0,0.0,0.0,0.0,0.0,0.0
1,218,3,0.0,False,0.0,0.0,0.0,0.0,0.0,0.0,0.0
1,219,0,0.9441453814506531,False,0.0,0.0,0.0,0.0,-0.0,0.0,0.0
1,219,1,0.0,False,0.0,0.0,0.0,0.0,-0.0,0.0,0.0
1,219,2,0.0,False,0.0,0.0,0.0,0.0,0.0,0.0,0.0
1,219,3,0.0,False,0.0,0.0,0.0,0.0,0.0,0.0,0.0
1,220,0,0.9441452622413635,False,0.0,0.0,0.0,0.0,-0.0,0.0,0.0
1,220,1,0.0,False,0.0,0.0,0.0,0.0,0.0,0.0,0.0
1,220,2,0.0,False,0.0,0.0,0.0,0.0,0.0,0.0,0.0
1,220,3,0.0,False,0.0,0.0,0.0,0.0,0.0,0.0,0.0
1,221,0,0.9441452026367188,False,0.0,0.0,0.0,0.0,-0.0,0.0,0.0
1,221,1,0.0,False,0.0,0.0,0.0,0.0,0.0,0.0,0.0
1,221,2,0.0,False,0.0,0.0,0.0,0.0,0.0,0.0,0.0
1,221,3,0.0,False,0.0,0.0,0.0,0.0,0.0,0.0,0.0
1,222,0,0.9441450834274292,False,0.0,0.0,0.0,0.0,-0.0,0.0,0.0
1,222,1,0.0,False,0.0,0.0,0.0,0.0,0.0,0.0,0.0
1,222,2,0.0,False,0.0,0.0,0.0,0.0,0.0,0.0,0.0
1,222,3,0.0,False,0.0,0.0,0.0,0.0,0.0,0.0,0.0
1,223,0,0.9441450238227844,False,0.0,0.0,0.0,0.0,-0.0,0.0,0.0
1,223,1,0.0,False,0.0,0.0,0.0,0.0,0.0,0.0,0.0
1,223,2,0.0,False,0.0,0.0,0.0,0.0,0.0,0.0,0.0
1,223,3,0.0,False,0.0,0.0,0.0,0.0,0.0,0.0,0.0
1,224,0,0.9441449046134949,False,0.0,0.0,0.0,0.0,-0.0,0.0,0.0
1,224,1,0.0,False,0.0,0.0,0.0,0.0,0.0,0.0,0.0
1,224,2,0.0,False,0.0,0.0,0.0,0.0,0.0,0.0,0.0
1,224,3,0.0,False,0.0,0.0,0.0,0.0,0.0,0.0,0.0
1,225,0,0.9441448450088501,False,0.0,0.0,0.0,0.0,-0.0,0.0,0.0
1,225,1,0.0,False,0.0,0.0,0.0,0.0,0.0,0.0,0.0
1,225,2,0.0,False,0.0,0.0,0.0,0.0,0.0,0.0,0.0
1,225,3,0.0,False,0.0,0.0,0.0,0.0,0.0,0.0,0.0
1,226,0,0.9441447854042053,False,0.0,0.0,0.0,0.0,-0.0,0.0,0.0
1,226,1,0.0,False,0.0,0.0,0.0,0.0,0.0,0.0,0.0
1,226,2,0.0,False,0.0,0.0,0.0,0.0,0.0,0.0,0.0
1,226,3,0.0,False,0.0,0.0,0.0,0.0,0.0,0.0,0.0
1,227,0,0.9441446661949158,False,0.0,0.0,0.0,0.0,-0.0,0.0,0.0
1,227,1,0.0,False,0.0,0.0,0.0,0.0,0.0,0.0,0.0
1,227,2,0.0,False,0.0,0.0,0.0,0.0,0.0,0.0,0.0
1,227,3,0.0,False,0.0,0.0,0.0,0.0,0.0,0.0,0.0
1,228,0,0.944144606590271,False,0.0,0.0,0.0,0.0,-0.0,0.0,0.0
1,228,1,0.0,False,0.0,0.0,0.0,0.0,0.0,0.0,0.0
1,228,2,0.0,False,0.0,0.0,0.0,0.0,0.0,0.0,0.0
1,228,3,0.0,False,0.0,0.0,0.0,0.0,0.0,0.0,0.0
1,229,0,0.9441445469856262,False,0.0,0.0,0.0,0.0,-0.0,0.0,0.0
1,229,1,0.0,False,0.0,0.0,0.0,0.0,0.0,0.0,0.0
1,229,2,0.0,False,0.0,0.0,0.0,0.0,0.0,0.0,0.0
1,229,3,0.0,False,0.0,0.0,0.0,0.0,0.0,0.0,0.0
1,230,0,0.9441445469856262,False,0.0,0.0,0.0,0.0,-0.0,0.0,0.0
1,230,1,0.0,False,0.0,0.0,0.0,0.0,0.0,0.0,0.0
1,230,2,0.0,False,0.0,0.0,0.0,0.0,0.0,0.0,0.0
1,230,3,0.0,False,0.0,0.0,0.0,0.0,0.0,0.0,0.0
1,231,0,0.9441444873809814,False,0.0,0.0,0.0,0.0,0.0,0.0,0.0
1,231,1,0.0,False,0.0,0.0,0.0,0.0,0.0,0.0,0.0
1,231,2,0.0,False,0.0,0.0,0.0,0.0,0.0,0.0,0.0
1,231,3,0.0,False,0.0,0.0,0.0,0.0,0.0,0.0,0.0
1,232,0,0.9441444277763367,False,0.0,0.0,0.0,0.0,0.0,0.0,0.0
1,232,1,0.0,False,0.0,0.0,0.0,0.0,0.0,0.0,0.0
1,232,2,0.0,False,0.0,0.0,0.0,0.0,0.0,0.0,0.0
1,232,3,0.0,False,0.0,0.0,0.0,0.0,0.0,0.0,0.0
1,233,0,0.9441444277763367,False,0.0,0.0,0.0,0.0,0.0,0.0,0.0
1,233,1,0.0,False,0.0,0.0,0.0,0.0,0.0,0.0,0.0
1,233,2,0.0,False,0.0,0.0,0.0,0.0,0.0,0.0,0.0
1,233,3,0.0,False,0.0,0.0,0.0,0.0,0.0,0.0,0.0
1,234,0,0.9441444277763367,False,0.0,0.0,0.0,0.0,0.0,0.0,0.0
1,234,1,0.0,False,0.0,0.0,0.0,0.0,0.0,0.0,0.0
1,234,2,0.0,False,0.0,0.0,0.0,0.0,0.0,0.0,0.0
1,234,3,0.0,False,0.0,0.0,0.0,0.0,0.0,0.0,0.0
1,235,0,0.9441444277763367,False,0.0,0.0,0.0,0.0,0.0,0.0,0.0
1,235,1,0.0,False,0.0,0.0,0.0,0.0,0.0,0.0,0.0
1,235,2,0.0,False,0.0,0.0,0.0,0.0,0.0,0.0,0.0
1,235,3,0.0,False,0.0,0.0,0.0,0.0,0.0,0.0,0.0
1,236,0,0.9441443681716919,False,0.0,0.0,0.0,0.0,0.0,0.0,0.0
1,236,1,0.0,False,0.0,0.0,0.0,0.0,0.0,0.0,0.0
1,236,2,0.0,False,0.0,0.0,0.0,0.0,0.0,0.0,0.0
1,236,3,0.0,False,0.0,0.0,0.0,0.0,0.0,0.0,0.0
1,237,0,0.9441444277763367,False,0.0,0.0,0.0,0.0,0.0,0.0,0.0
1,237,1,0.0,False,0.0,0.0,0.0,0.0,0.0,0.0,0.0
1,237,2,0.0,False,0.0,0.0,0.0,0.0,0.0,0.0,0.0
1,237,3,0.0,False,0.0,0.0,0.0,0.0,0.0,0.0,0.0
1,238,0,0.9441444277763367,False,0.0,0.0,0.0,0.0,0.0,0.0,0.0
1,238,1,0.0,False,0.0,0.0,0.0,0.0,0.0,0.0,0.0
1,238,2,0.0,False,0.0,0.0,0.0,0.0,0.0,0.0,0.0
1,238,3,0.0,False,0.0,0.0,0.0,0.0,-0.0,0.0,0.0
1,239,0,0.9441444277763367,False,0.0,0.0,0.0,0.0,0.0,0.0,0.0
1,239,1,0.0,False,0.0,0.0,0.0,0.0,0.0,0.0,0.0
1,239,2,0.0,False,0.0,0.0,0.0,0.0,0.0,0.0,0.0
1,239,3,0.0,False,0.0,0.0,0.0,0.0,-0.0,0.0,0.0
1,240,0,0.9441444277763367,False,0.0,0.0,0.0,0.0,0.0,0.0,0.0
1,240,1,0.0,False,0.0,0.0,0.0,0.0,0.0,0.0,0.0
1,240,2,0.0,False,0.0,0.0,0.0,0.0,0.0,0.0,0.0
1,240,3,0.0,False,0.0,0.0,0.0,0.0,-0.0,0.0,0.0
1,241,0,0.9441444277763367,False,0.0,0.0,0.0,0.0,0.0,0.0,0.0
1,241,1,0.0,False,0.0,0.0,0.0,0.0,0.0,0.0,0.0
1,241,2,0.0,False,0.0,0.0,0.0,0.0,0.0,0.0,0.0
1,241,3,0.0,False,0.0,0.0,0.0,0.0,-0.0,0.0,0.0
1,242,0,0.9441444873809814,False,0.0,0.0,0.0,0.0,0.0,0.0,0.0
1,242,1,0.0,False,0.0,0.0,0.0,0.0,0.0,0.0,0.0
1,242,2,0.0,False,0.0,0.0,0.0,0.0,0.0,0.0,0.0
1,242,3,0.0,False,0.0,0.0,0.0,0.0,-0.0,0.0,0.0
1,243,0,0.9441444873809814,False,0.0,0.0,0.0,0.0,0.0,0.0,0.0
1,243,1,0.0,False,0.0,0.0,0.0,0.0,0.0,0.0,0.0
1,243,2,0.0,False,0.0,0.0,0.0,0.0,0.0,0.0,0.0
1,243,3,0.0,False,0.0,0.0,0.0,0.0,0.0,0.0,0.0
1,244,0,0.9441444873809814,False,0.0,0.0,0.0,0.0,0.0,0.0,0.0
1,244,1,0.0,False,0.0,0.0,0.0,0.0,0.0,0.0,0.0
1,244,2,0.0,False,0.0,0.0,0.0,0.0,0.0,0.0,0.0
1,244,3,0.0,False,0.0,0.0,0.0,0.0,0.0,0.0,0.0
1,245,0,0.9441445469856262,False,0.0,0.0,0.0,0.0,0.0,0.0,0.0
1,245,1,0.0,False,0.0,0.0,0.0,0.0,0.0,0.0,0.0
1,245,2,0.0,False,0.0,0.0,0.0,0.0,0.0,0.0,0.0
1,245,3,0.0,False,0.0,0.0,0.0,0.0,0.0,0.0,0.0
1,246,0,0.9441445469856262,False,0.0,0.0,0.0,0.0,0.0,0.0,0.0
1,246,1,0.0,False,0.0,0.0,0.0,0.0,0.0,0.0,0.0
1,246,2,0.0,False,0.0,0.0,0.0,0.0,0.0,0.0,0.0
1,246,3,0.0,False,0.0,0.0,0.0,0.0,0.0,0.0,0.0
1,247,0,0.944144606590271,False,0.0,0.0,0.0,0.0,0.0,0.0,0.0
1,247,1,0.0,False,0.0,0.0,0.0,0.0,0.0,0.0,0.0
1,247,2,0.0,False,0.0,0.0,0.0,0.0,0.0,0.0,0.0
1,247,3,0.0,False,0.0,0.0,0.0,0.0,0.0,0.0,0.0
1,248,0,0.944144606590271,False,0.0,0.0,0.0,0.0,0.0,0.0,0.0
1,248,1,0.0,False,0.0,0.0,0.0,0.0,0.0,0.0,0.0
1,248,2,0.0,False,0.0,0.0,0.0,0.0,0.0,0.0,0.0
1,248,3,0.0,False,0.0,0.0,0.0,0.0,0.0,0.0,0.0
1,249,0,0.9441446661949158,False,0.0,0.0,0.0,0.0,0.0,0.0,0.0
1,249,1,0.0,False,0.0,0.0,0.0,0.0,0.0,0.0,0.0
1,249,2,0.0,False,0.0,0.0,0.0,0.0,-0.0,0.0,0.0
1,249,3,0.0,False,0.0,0.0,0.0,0.0,0.0,0.0,0.0
1,250,0,0.9441446661949158,False,0.0,0.0,0.0,0.0,0.0,0.0,0.0
1,250,1,0.0,False,0.0,0.0,0.0,0.0,0.0,0.0,0.0
1,250,2,0.0,False,0.0,0.0,0.0,0.0,-0.0,0.0,0.0
1,250,3,0.0,False,0.0,0.0,0.0,0.0,0.0,0.0,0.0
1,251,0,0.9441446661949158,False,0.0,0.0,0.0,0.0,0.0,0.0,0.0
1,251,1,0.0,False,0.0,0.0,0.0,0.0,0.0,0.0,0.0
1,251,2,0.0,False,0.0,0.0,0.0,0.0,0.0,0.0,0.0
1,251,3,0.0,False,0.0,0.0,0.0,0.0,0.0,0.0,0.0
1,252,0,0.9441447257995605,False,0.0,0.0,0.0,0.0,0.0,0.0,0.0
1,252,1,0.0,False,0.0,0.0,0.0,0.0,0.0,0.0,0.0
1,252,2,0.0,False,0.0,0.0,0.0,0.0,0.0,0.0,0.0
1,252,3,0.0,False,0.0,0.0,0.0,0.0,0.0,0.0,0.0
1,253,0,0.9441447257995605,False,0.0,0.0,0.0,0.0,0.0,0.0,0.0
1,253,1,0.0,False,0.0,0.0,0.0,0.0,-0.0,0.0,0.0
1,253,2,0.0,False,0.0,0.0,0.0,0.0,0.0,0.0,0.0
1,253,3,0.0,False,0.0,0.0,0.0,0.0,0.0,0.0,0.0
1,254,0,0.9441447257995605,False,0.0,0.0,0.0,0.0,0.0,0.0,0.0
1,254,1,0.0,False,0.0,0.0,0.0,0.0,-0.0,0.0,0.0
1,254,2,0.0,False,0.0,0.0,0.0,0.0,0.0,0.0,0.0
1,254,3,0.0,False,0.0,0.0,0.0,0.0,0.0,0.0,0.0
1,255,0,0.9441447854042053,False,0.0,0.0,0.0,0.0,0.0,0.0,0.0
1,255,1,0.0,False,0.0,0.0,0.0,0.0,-0.0,0.0,0.0
1,255,2,0.0,False,0.0,0.0,0.0,0.0,0.0,0.0,0.0
1,255,3,0.0,False,0.0,0.0,0.0,0.0,0.0,0.0,0.0
1,256,0,0.9441447854042053,False,0.0,0.0,0.0,0.0,0.0,0.0,0.0
1,256,1,0.0,False,0.0,0.0,0.0,0.0,-0.0,0.0,0.0
1,256,2,0.0,False,0.0,0.0,0.0,0.0,0.0,0.0,0.0
1,256,3,0.0,False,0.0,0.0,0.0,0.0,0.0,0.0,0.0
1,257,0,0.9441447854042053,False,0.0,0.0,0.0,0.0,0.0,0.0,0.0
1,257,1,0.0,False,0.0,0.0,0.0,0.0,-0.0,0.0,0.0
1,257,2,0.0,False,0.0,0.0,0.0,0.0,0.0,0.0,0.0
1,257,3,0.0,False,0.0,0.0,0.0,0.0,0.0,0.0,0.0
1,258,0,0.9441447854042053,False,0.0,0.0,0.0,0.0,0.0,0.0,0.0
1,258,1,0.0,False,0.0,0.0,0.0,0.0,-0.0,0.0,0.0
1,258,2,0.0,False,0.0,0.0,0.0,0.0,0.0,0.0,0.0
1,258,3,0.0,False,0.0,0.0,0.0,0.0,0.0,0.0,0.0
1,259,0,0.9441447854042053,False,0.0,0.0,0.0,0.0,0.0,0.0,0.0
1,259,1,0.0,False,0.0,0.0,0.0,0.0,-0.0,0.0,0.0
1,259,2,0.0,False,0.0,0.0,0.0,0.0,0.0,0.0,0.0
1,259,3,0.0,False,0.0,0.0,0.0,0.0,0.0,0.0,0.0
1,260,0,0.9441447854042053,False,0.0,0.0,0.0,0.0,0.0,0.0,0.0
1,260,1,0.0,False,0.0,0.0,0.0,0.0,-0.0,0.0,0.0
1,260,2,0.0,False,0.0,0.0,0.0,0.0,0.0,0.0,0.0
1,260,3,0.0,False,0.0,0.0,0.0,0.0,0.0,0.0,0.0
1,261,0,0.9441448450088501,False,0.0,0.0,0.0,0.0,0.0,0.0,0.0
1,261,1,0.0,False,0.0,0.0,0.0,0.0,-0.0,0.0,0.0
1,261,2,0.0,False,0.0,0.0,0.0,0.0,0.0,0.0,0.0
1,261,3,0.0,False,0.0,0.0,0.0,0.0,0.0,0.0,0.0
1,262,0,0.9441448450088501,False,0.0,0.0,0.0,0.0,0.0,0.0,0.0
1,262,1,0.0,False,0.0,0.0,0.0,0.0,-0.0,0.0,0.0
1,262,2,0.0,False,0.0,0.0,0.0,0.0,0.0,0.0,0.0
1,262,3,0.0,False,0.0,0.0,0.0,0.0,0.0,0.0,0.0
1,263,0,0.9441448450088501,False,0.0,0.0,0.0,0.0,0.0,0.0,0.0
1,263,1,0.0,False,0.0,0.0,0.0,0.0,-0.0,0.0,0.0
1,263,2,0.0,False,0.0,0.0,0.0,0.0,0.0,0.0,0.0
1,263,3,0.0,False,0.0,0.0,0.0,0.0,0.0,0.0,0.0
1,264,0,0.9441448450088501,False,0.0,0.0,0.0,0.0,0.0,0.0,0.0
1,264,1,0.0,False,0.0,0.0,0.0,0.0,-0.0,0.0,0.0
1,264,2,0.0,False,0.0,0.0,0.0,0.0,0.0,0.0,0.0
1,264,3,0.0,False,0.0,0.0,0.0,0.0,0.0,0.0,0.0
1,265,0,0.9441448450088501,False,0.0,0.0,0.0,0.0,0.0,0.0,0.0
1,265,1,0.0,False,0.0,0.0,0.0,0.0,-0.0,0.0,0.0
1,265,2,0.0,False,0.0,0.0,0.0,0.0,0.0,0.0,0.0
1,265,3,0.0,False,0.0,0.0,0.0,0.0,0.0,0.0,0.0
1,266,0,0.9441448450088501,False,0.0,0.0,0.0,0.0,0.0,0.0,0.0
1,266,1,0.0,False,0.0,0.0,0.0,0.0,-0.0,0.0,0.0
1,266,2,0.0,False,0.0,0.0,0.0,0.0,0.0,0.0,0.0
1,266,3,0.0,False,0.0,0.0,0.0,0.0,0.0,0.0,0.0
1,267,0,0.9441448450088501,False,0.0,0.0,0.0,0.0,0.0,0.0,0.0
1,267,1,0.0,False,0.0,0.0,0.0,0.0,-0.0,0.0,0.0
1,267,2,0.0,False,0.0,0.0,0.0,0.0,0.0,0.0,0.0
1,267,3,0.0,False,0.0,0.0,0.0,0.0,0.0,0.0,0.0
1,268,0,0.9441448450088501,False,0.0,0.0,0.0,0.0,0.0,0.0,0.0
1,268,1,0.0,False,0.0,0.0,0.0,0.0,-0.0,0.0,0.0
1,268,2,0.0,False,0.0,0.0,0.0,0.0,0.0,0.0,0.0
1,268,3,0.0,False,0.0,0.0,0.0,0.0,0.0,0.0,0.0
1,269,0,0.9441448450088501,False,0.0,0.0,0.0,0.0,0.0,0.0,0.0
1,269,1,0.0,False,0.0,0.0,0.0,0.0,-0.0,0.0,0.0
1,269,2,0.0,False,0.0,0.0,0.0,0.0,0.0,0.0,0.0
1,269,3,0.0,False,0.0,0.0,0.0,0.0,0.0,0.0,0.0
1,270,0,0.9441448450088501,False,0.0,0.0,0.0,0.0,0.0,0.0,0.0
1,270,1,0.0,False,0.0,0.0,0.0,0.0,-0.0,0.0,0.0
1,270,2,0.0,False,0.0,0.0,0.0,0.0,0.0,0.0,0.0
1,270,3,0.0,False,0.0,0.0,0.0,0.0,0.0,0.0,0.0
1,271,0,0.9441448450088501,False,0.0,0.0,0.0,0.0,0.0,0.0,0.0
1,271,1,0.0,False,0.0,0.0,0.0,0.0,-0.0,0.0,0.0
1,271,2,0.0,False,0.0,0.0,0.0,0.0,0.0,0.0,0.0
1,271,3,0.0,False,0.0,0.0,0.0,0.0,0.0,0.0,0.0
1,272,0,0.9441448450088501,False,0.0,0.0,0.0,0.0,0.0,0.0,0.0
1,272,1,0.0,False,0.0,0.0,0.0,0.0,-0.0,0.0,0.0
1,272,2,0.0,False,0.0,0.0,0.0,0.0,0.0,0.0,0.0
1,272,3,0.0,False,0.0,0.0,0.0,0.0,0.0,0.0,0.0
1,273,0,0.9441448450088501,False,0.0,0.0,0.0,0.0,0.0,0.0,0.0
1,273,1,0.0,False,0.0,0.0,0.0,0.0,-0.0,0.0,0.0
1,273,2,0.0,False,0.0,0.0,0.0,0.0,0.0,0.0,0.0
1,273,3,0.0,False,0.0,0.0,0.0,0.0,0.0,0.0,0.0
1,274,0,0.9441448450088501,False,0.0,0.0,0.0,0.0,0.0,0.0,0.0
1,274,1,0.0,False,0.0,0.0,0.0,0.0,-0.0,0.0,0.0
1,274,2,0.0,False,0.0,0.0,0.0,0.0,0.0,0.0,0.0
1,274,3,0.0,False,0.0,0.0,0.0,0.0,0.0,0.0,0.0
1,275,0,0.9441447854042053,False,0.0,0.0,0.0,0.0,0.0,0.0,0.0
1,275,1,0.0,False,0.0,0.0,0.0,0.0,-0.0,0.0,0.0
1,275,2,0.0,False,0.0,0.0,0.0,0.0,0.0,0.0,0.0
1,275,3,0.0,False,0.0,0.0,0.0,0.0,0.0,0.0,0.0
1,276,0,0.9441447854042053,False,0.0,0.0,0.0,0.0,0.0,0.0,0.0
1,276,1,0.0,False,0.0,0.0,0.0,0.0,-0.0,0.0,0.0
1,276,2,0.0,False,0.0,0.0,0.0,0.0,0.0,0.0,0.0
1,276,3,0.0,False,0.0,0.0,0.0,0.0,0.0,0.0,0.0
1,277,0,0.9441447854042053,False,0.0,0.0,0.0,0.0,0.0,0.0,0.0
1,277,1,0.0,False,0.0,0.0,0.0,0.0,0.0,0.0,0.0
1,277,2,0.0,False,0.0,0.0,0.0,0.0,0.0,0.0,0.0
1,277,3,0.0,False,0.0,0.0,0.0,0.0,0.0,0.0,0.0
1,278,0,0.9441447854042053,False,0.0,0.0,0.0,0.0,0.0,0.0,0.0
1,278,1,0.0,False,0.0,0.0,0.0,0.0,0.0,0.0,0.0
1,278,2,0.0,False,0.0,0.0,0.0,0.0,0.0,0.0,0.0
1,278,3,0.0,False,0.0,0.0,0.0,0.0,0.0,0.0,0.0
1,279,0,0.9441447854042053,False,0.0,0.0,0.0,0.0,0.0,0.0,0.0
1,279,1,0.0,False,0.0,0.0,0.0,0.0,0.0,0.0,0.0
1,279,2,0.0,False,0.0,0.0,0.0,0.0,0.0,0.0,0.0
1,279,3,0.0,False,0.0,0.0,0.0,0.0,0.0,0.0,0.0
1,280,0,0.9441447854042053,False,0.0,0.0,0.0,0.0,0.0,0.0,0.0
1,280,1,0.0,False,0.0,0.0,0.0,0.0,0.0,0.0,0.0
1,280,2,0.0,False,0.0,0.0,0.0,0.0,0.0,0.0,0.0
1,280,3,0.0,False,0.0,0.0,0.0,0.0,0.0,0.0,0.0
1,281,0,0.9441447854042053,False,0.0,0.0,0.0,0.0,0.0,0.0,0.0
1,281,1,0.0,False,0.0,0.0,0.0,0.0,0.0,0.0,0.0
1,281,2,0.0,False,0.0,0.0,0.0,0.0,0.0,0.0,0.0
1,281,3,0.0,False,0.0,0.0,0.0,0.0,0.0,0.0,0.0
1,282,0,0.9441447854042053,False,0.0,0.0,0.0,0.0,0.0,0.0,0.0
1,282,1,0.0,False,0.0,0.0,0.0,0.0,0.0,0.0,0.0
1,282,2,0.0,False,0.0,0.0,0.0,0.0,0.0,0.0,0.0
1,282,3,0.0,False,0.0,0.0,0.0,0.0,0.0,0.0,0.0
1,283,0,0.9441447854042053,False,0.0,0.0,0.0,0.0,0.0,0.0,0.0
1,283,1,0.0,False,0.0,0.0,0.0,0.0,0.0,0.0,0.0
1,283,2,0.0,False,0.0,0.0,0.0,0.0,0.0,0.0,0.0
1,283,3,0.0,False,0.0,0.0,0.0,0.0,0.0,0.0,0.0
1,284,0,0.9441447854042053,False,0.0,0.0,0.0,0.0,0.0,0.0,0.0
1,284,1,0.0,False,0.0,0.0,0.0,0.0,0.0,0.0,0.0
1,284,2,0.0,False,0.0,0.0,0.0,0.0,0.0,0.0,0.0
1,284,3,0.0,False,0.0,0.0,0.0,0.0,0.0,0.0,0.0
1,285,0,0.9441447854042053,False,0.0,0.0,0.0,0.0,0.0,0.0,0.0
1,285,1,0.0,False,0.0,0.0,0.0,0.0,0.0,0.0,0.0
1,285,2,0.0,False,0.0,0.0,0.0,0.0,0.0,0.0,0.0
1,285,3,0.0,False,0.0,0.0,0.0,0.0,0.0,0.0,0.0
1,286,0,0.9441447854042053,False,0.0,0.0,0.0,0.0,0.0,0.0,0.0
1,286,1,0.0,False,0.0,0.0,0.0,0.0,0.0,0.0,0.0
1,286,2,0.0,False,0.0,0.0,0.0,0.0,0.0,0.0,0.0
1,286,3,0.0,False,0.0,0.0,0.0,0.0,0.0,0.0,0.0
1,287,0,0.9441447854042053,False,0.0,0.0,0.0,0.0,0.0,0.0,0.0
1,287,1,0.0,False,0.0,0.0,0.0,0.0,0.0,0.0,0.0
1,287,2,0.0,False,0.0,0.0,0.0,0.0,0.0,0.0,0.0
1,287,3,0.0,False,0.0,0.0,0.0,0.0,0.0,0.0,0.0
1,288,0,0.9441447854042053,False,0.0,0.0,0.0,0.0,0.0,0.0,0.0
1,288,1,0.0,False,0.0,0.0,0.0,0.0,0.0,0.0,0.0
1,288,2,0.0,False,0.0,0.0,0.0,0.0,0.0,0.0,0.0
1,288,3,0.0,False,0.0,0.0,0.0,0.0,0.0,0.0,0.0
1,289,0,0.9441447854042053,False,0.0,0.0,0.0,0.0,0.0,0.0,0.0
1,289,1,0.0,False,0.0,0.0,0.0,0.0,0.0,0.0,0.0
1,289,2,0.0,False,0.0,0.0,0.0,0.0,0.0,0.0,0.0
1,289,3,0.0,False,0.0,0.0,0.0,0.0,0.0,0.0,0.0
1,290,0,0.9441447854042053,False,0.0,0.0,0.0,0.0,0.0,0.0,0.0
1,290,1,0.0,False,0.0,0.0,0.0,0.0,0.0,0.0,0.0
1,290,2,0.0,False,0.0,0.0,0.0,0.0,0.0,0.0,0.0
1,290,3,0.0,False,0.0,0.0,0.0,0.0,0.0,0.0,0.0
1,291,0,0.9441447854042053,False,0.0,0.0,0.0,0.0,0.0,0.0,0.0
1,291,1,0.0,False,0.0,0.0,0.0,0.0,0.0,0.0,0.0
1,291,2,0.0,False,0.0,0.0,0.0,0.0,0.0,0.0,0.0
1,291,3,0.0,False,0.0,0.0,0.0,0.0,0.0,0.0,0.0
1,292,0,0.9441447854042053,False,0.0,0.0,0.0,0.0,0.0,0.0,0.0
1,292,1,0.0,False,0.0,0.0,0.0,0.0,0.0,0.0,0.0
1,292,2,0.0,False,0.0,0.0,0.0,0.0,0.0,0.0,0.0
1,292,3,0.0,False,0.0,0.0,0.0,0.0,0.0,0.0,0.0
1,293,0,0.9441447854042053,False,0.0,0.0,0.0,0.0,0.0,0.0,0.0
1,293,1,0.0,False,0.0,0.0,0.0,0.0,0.0,0.0,0.0
1,293,2,0.0,False,0.0,0.0,0.0,0.0,0.0,0.0,0.0
1,293,3,0.0,False,0.0,0.0,0.0,0.0,0.0,0.0,0.0
1,294,0,0.9441447854042053,False,0.0,0.0,0.0,0.0,0.0,0.0,0.0
1,294,1,0.0,False,0.0,0.0,0.0,0.0,0.0,0.0,0.0
1,294,2,0.0,False,0.0,0.0,0.0,0.0,0.0,0.0,0.0
1,294,3,0.0,False,0.0,0.0,0.0,0.0,0.0,0.0,0.0
1,295,0,0.9441447854042053,False,0.0,0.0,0.0,0.0,0.0,0.0,0.0
1,295,1,0.0,False,0.0,0.0,0.0,0.0,0.0,0.0,0.0
1,295,2,0.0,False,0.0,0.0,0.0,0.0,0.0,0.0,0.0
1,295,3,0.0,False,0.0,0.0,0.0,0.0,0.0,0.0,0.0
1,296,0,0.9441447854042053,False,0.0,0.0,0.0,0.0,0.0,0.0,0.0
1,296,1,0.0,False,0.0,0.0,0.0,0.0,0.0,0.0,0.0
1,296,2,0.0,False,0.0,0.0,0.0,0.0,0.0,0.0,0.0
1,296,3,0.0,False,0.0,0.0,0.0,0.0,0.0,0.0,0.0
1,297,0,0.9441447854042053,False,0.0,0.0,0.0,0.0,0.0,0.0,0.0
1,297,1,0.0,False,0.0,0.0,0.0,0.0,0.0,0.0,0.0
1,297,2,0.0,False,0.0,0.0,0.0,0.0,0.0,0.0,0.0
1,297,3,0.0,False,0.0,0.0,0.0,0.0,0.0,0.0,0.0
1,298,0,0.9441447854042053,False,0.0,0.0,0.0,0.0,0.0,0.0,0.0
1,298,1,0.0,False,0.0,0.0,0.0,0.0,0.0,0.0,0.0
1,298,2,0.0,False,0.0,0.0,0.0,0.0,0.0,0.0,0.0
1,298,3,0.0,False,0.0,0.0,0.0,0.0,0.0,0.0,0.0
1,299,0,0.9441447854042053,False,0.0,0.0,0.0,0.0,0.0,0.0,0.0
1,299,1,0.0,False,0.0,0.0,0.0,0.0,0.0,0.0,0.0
1,299,2,0.0,False,0.0,0.0,0.0,0.0,0.0,0.0,0.0
1,299,3,0.0,False,0.0,0.0,0.0,0.0,0.0,0.0,0.0
