step,cbf_initial,mpc_status,controller_used,mpc_iterations,control_input,predicted_h
0,0.9557045698165894,Solved_To_Acceptable_Level,MPC,14,"[[-0.6518659496389007, -0.8181647801092871], [-0.4241313263134756, -0.32836755596702694], [-0.18432650418921362, -0.013842918703516673]]","[0.9683492183685303, 0.9733210206031799, 0.97357577085495]"
1,0.968291163444519,Solve_Succeeded,MPC,16,"[[-0.5009601464910339, -0.6019545188723885], [-0.2536967235617407, -0.049476680682797626], [-0.04959496560905963, 0.0009322323769326872]]","[0.9759047627449036, 0.9761973023414612, 0.9763044118881226]"
2,0.9792816638946533,Solved_To_Acceptable_Level,MPC,6,"[[-0.2576013918022354, -0.08190626332145834], [-0.049499767998792174, 0.00018328619912049213], [-0.0010558806573053633, 0.001920517782014499]]","[0.9771910905838013, 0.9771983027458191, 0.9769788384437561]"
3,0.9822269678115845,Solve_Succeeded,MPC,28,"[[-0.11430474457919965, 0.16185331147372514], [-0.010756856224366554, 0.009663280640385755], [0.0019024615361504442, 0.003645959709651363]]","[0.9761248826980591, 0.9749741554260254, 0.9722388386726379]"
4,0.9826308488845825,Solved_To_Acceptable_Level,MPC,27,"[[-0.2022188769331834, 0.18134876805468295], [-0.035198357498279396, 0.010191084209324052], [0.0016426759366231908, 0.004189520886333796]]","[0.974457323551178, 0.9714133143424988, 0.9633728265762329]"
5,0.982526421546936,Solve_Succeeded,MPC,30,"[[-0.28544739109646433, 0.18534590419333302], [-0.07105467395196105, 0.010428671601218867], [-0.00609907995853634, 0.003909525138465447]]","[0.97227543592453, 0.965976893901825, 0.9524901509284973]"
6,0.9819744825363159,Solve_Succeeded,MPC,32,"[[-0.30682308173609113, 0.1958135469066621], [-0.08850452568648395, 0.011084110782185552], [-0.009291645752798205, 0.003973226490361455]]","[0.9677129983901978, 0.956342875957489, 0.935001790523529]"
7,0.9800851345062256,Solve_Succeeded,MPC,28,"[[-0.27896393987814283, 0.20190542409009132], [-0.06988071087500773, 0.04531491024765717], [-0.01957859322444704, -0.05161325548279655]]","[0.9562174677848816, 0.9352962374687195, 0.911069929599762]"
8,0.9756317734718323,fail: Maximum_Iterations_Exceeded,SAFE_QP,100,"[1.0000000000600702, -0.5243958440898352]",[0.9608462452888489]
9,0.9768207669258118,Solve_Succeeded,MPC,17,"[[0.28787931013784956, 0.6760956113960794], [-0.4042337368201297, 0.04108098242500196], [-0.2498495001297674, 0.00791252176569049]]","[0.9426992535591125, 0.9194595813751221, 0.900525689125061]"
10,0.9646115303039551,Solve_Succeeded,MPC,17,"[[0.0018313955380103982, 0.3507115430628398], [-0.18998874608589292, 0.02476150960632386], [-0.024561534329193873, 0.009331193098545684]]","[0.930377721786499, 0.913832426071167, 0.894723117351532]"
11,0.9500746726989746,Solved_To_Acceptable_Level,MPC,22,"[[-0.16554253286698575, 0.11620353095057306], [-0.010313868420150673, 0.048565624124369086], [0.03332680434089445, -0.05960386389097144]]","[0.9181268811225891, 0.9007474780082703, 0.8792228698730469]"
12,0.9322794675827026,Solve_Succeeded,MPC,16,"[[-0.039306432243335826, 0.053531475740786844], [0.036770747747365905, -0.0055557118700266545], [-0.2949368773970816, 0.0037834682583916725]]","[0.9009369015693665, 0.8816138505935669, 0.8587791323661804]"
13,0.9154734015464783,Solved_To_Acceptable_Level,MPC,17,"[[0.11446523526094002, 0.03695084027045277], [-0.5263535293510099, 0.0028855098307203103], [0.12135027407773764, 0.043029249973053026]]","[0.8749011158943176, 0.859912097454071, 0.854559063911438]"
14,0.8969678282737732,Solved_To_Acceptable_Level,MPC,18,"[[-0.6245238404485743, 0.05079383660940918], [0.2838799195464412, 0.04884493255907058], [0.24757947572574757, 0.03998167951708883]]","[0.8567352890968323, 0.8513686656951904, 0.8477965593338013]"
15,0.8653284311294556,Solved_To_Acceptable_Level,MPC,62,"[[0.12346635071397663, 0.07667415002911948], [0.1947182364520736, 0.048383120567031014], [0.13777321940633874, 0.0199629185224595]]","[0.844602644443512, 0.8253191709518433, 0.8081368207931519]"
16,0.8630261421203613,Solved_To_Acceptable_Level,MPC,11,"[[0.22457942325629238, 0.08613328199848283], [0.1011470834077906, 0.018653960109696773], [0.05868829587691897, 0.023056081228790017]]","[0.8027017712593079, 0.7864778637886047, 0.7757444977760315]"
17,0.8616825938224792,Solve_Succeeded,MPC,7,"[[0.040601663404219786, 0.009008030595269062], [0.03537548474635964, 0.005807757164898831], [0.031164798395318757, -0.00712815989144256]]","[0.7804854512214661, 0.7676785588264465, 0.7534711360931396]"
18,0.8598199486732483,Solve_Succeeded,MPC,10,"[[-0.07284369508052989, -0.0043424786708086026], [-0.026091551250363224, 0.010351931460456553], [-0.04957992229706751, -0.0007058880704850575]]","[0.7749919891357422, 0.7611590027809143, 0.7422690391540527]"
19,0.8526519536972046,Maximum_Iterations_Exceeded_FeasibleRestored,MPC,100,"[[-0.14307649818992557, 0.0158242612319484], [-0.03135867454108281, 0.01512087509084783], [-0.16200380142368137, -0.025517394065879564]]","[0.7637495398521423, 0.7499669790267944, 0.7295701503753662]"
20,0.8407331109046936,Solved_To_Acceptable_Level,MPC,13,"[[-0.1120050151099549, 0.003150782109101694], [-0.1330143973633145, 0.02289021536542719], [-0.17179350236663693, -0.025141446616783688]]","[0.7422094941139221, 0.7259535789489746, 0.7051684856414795]"
21,0.8278239369392395,Solved_To_Acceptable_Level,MPC,7,"[[-0.16159530002335953, 0.01820053316755353], [-0.18136746764924494, -0.007486008551027567], [-0.023285237835063834, 0.012362777843521867]]","[0.7164384126663208, 0.696433961391449, 0.6837334632873535]"
22,0.8201772570610046,Solve_Succeeded,MPC,8,"[[-0.19519691735444925, 0.01271559056054452], [-0.05459672060964385, 0.012322918131341778], [-0.005665888907482123, -0.005900963444856476]]","[0.6894442439079285, 0.6727127432823181, 0.6554588675498962]"
23,0.804251492023468,Maximum_Iterations_Exceeded_FeasibleRestored,MPC,100,"[[-0.11944022966469436, 0.056428951694913895], [-0.004959973369446152, -0.034172281930088186], [-0.023462659350521525, -0.007935689330065793]]","[0.6647351980209351, 0.6489582061767578, 0.6340917944908142]"
24,0.789894700050354,Solved_To_Acceptable_Level,MPC,7,"[[-0.01953532247351716, -0.02642338017231547], [-0.026464125519560528, -0.001209465094733056], [-0.01741489637530603, -0.000996914866398978]]","[0.6308513283729553, 0.6145367622375488, 0.5969154834747314]"
25,0.7799838781356812,Solved_To_Acceptable_Level,MPC,7,"[[-0.03843542389496301, -0.001550786020152237], [-0.014444202538066412, 0.000741052033378458], [-0.008612809407573562, 0.007700513839345066]]","[0.6081851720809937, 0.5932573676109314, 0.5771979689598083]"
26,0.7645418643951416,Solved_To_Acceptable_Level,MPC,6,"[[-0.028123376755750676, 0.013165328077793984], [-0.023185196904125335, 0.02089493975423143], [-0.015772894113595424, 0.0006805480468131464]]","[0.5832051634788513, 0.5664603114128113, 0.5489351749420166]"
27,0.7462541460990906,Solve_Succeeded,MPC,15,"[[-0.016660238926941216, 0.021676099973653138], [-0.02428735785918705, 0.013744346592888531], [-0.057701635386618995, 0.007454244867685257]]","[0.5535154938697815, 0.5355842709541321, 0.5163376927375793]"
28,0.7303001880645752,Solve_Succeeded,MPC,9,"[[-0.013216706548191902, 0.01976342740146896], [-0.059672543867110184, 0.020616407363820644], [-0.11641856652566764, -0.023238448953288988]]","[0.5181375741958618, 0.5014970898628235, 0.48335787653923035]"
29,0.7160714864730835,Solve_Succeeded,MPC,10,"[[-0.05027409306029467, 0.0308534487528398], [-0.19834049175618332, 0.003963642831173175], [-0.10183146238915981, -0.03155260487132387]]","[0.4780353605747223, 0.46192699670791626, 0.47952035069465637]"
30,0.689996063709259,Solved_To_Acceptable_Level,MPC,9,"[[-0.21310195790632447, 0.021838046720864476], [-0.1290454055717384, -0.03992996024521441], [-0.03231118644425274, -0.0013407263740541813]]","[0.4330404996871948, 0.45966869592666626, 0.5117936134338379]"
31,0.6690245270729065,Solved_To_Acceptable_Level,MPC,11,"[[-0.1286685539828244, -0.030061790972100415], [-0.035926972074174675, -0.0006691411699511114], [-0.010685488341082506, 0.004372548568709978]]","[0.4372650384902954, 0.5011382699012756, 0.5730053782463074]"
32,0.6877760887145996,Solved_To_Acceptable_Level,MPC,13,"[[-0.018268317651979872, 0.00778921281666989], [0.002998967561542456, 0.007798120754333067], [0.003793232372379896, 0.0073478438428445265]]","[0.47701260447502136, 0.5376849174499512, 0.6223974823951721]"
33,0.6893070340156555,Solved_To_Acceptable_Level,MPC,5,"[[0.023796868616698472, 0.023435755042089907], [0.012357510893889551, 0.0058878723523651385], [0.006313795534267756, 0.0043216859883041785]]","[0.47821590304374695, 0.5603857636451721, 0.6361342668533325]"
34,0.7001944780349731,Solved_To_Acceptable_Level,MPC,10,"[[0.012501377699545313, 0.019830852258093883], [0.011704277445424884, 0.0055176119848496935], [0.0037426591718635925, 0.003834458045047417]]","[0.5382570624351501, 0.6271948218345642, 0.6861718893051147]"
35,0.7386415600776672,Solved_To_Acceptable_Level,MPC,14,"[[0.0008108262005883393, 0.015558583373716467], [0.013896246346424966, 0.003712685485166718], [0.002834010633317505, 0.005992862670546234]]","[0.5985374450683594, 0.677855372428894, 0.7358301877975464]"
36,0.8189091086387634,Solved_To_Acceptable_Level,MPC,9,"[[0.009414604992108338, 0.014333518472768944], [0.007363740582383483, 0.005685214576132029], [0.006105875115195075, 0.004550566988707955]]","[0.7361562252044678, 0.8292815089225769, 0.8713787198066711]"
37,0.8324145078659058,Solve_Succeeded,MPC,12,"[[0.013785165060993912, 0.015328201592865284], [0.01401983293847925, 0.005641740150651262], [0.007880246655245154, 0.00434141902967657]]","[0.7594394683837891, 0.8193137645721436, 0.8503960371017456]"
38,0.8478644490242004,Solved_To_Acceptable_Level,MPC,11,"[[0.023569710572420646, 0.016303518690334882], [0.017956766758096838, 0.005905491328404679], [0.008996358675189397, 0.004505552520261747]]","[0.8180034756660461, 0.8495580554008484, 0.8704416751861572]"
39,0.864883303642273,Solve_Succeeded,MPC,5,"[[0.03478997746141618, 0.017767965950486228], [0.024512299367796808, 0.006085164957662214], [0.014172649586027982, 0.0046370706873705494]]","[0.8484917879104614, 0.86822909116745, 0.8853716254234314]"
40,0.8830313086509705,Solved_To_Acceptable_Level,MPC,11,"[[0.04802737620982447, 0.017069082731100846], [0.0387637410198109, 0.006739193397539683], [0.017074554385179987, 0.004651957729080365]]","[0.8661352396011353, 0.8833774328231812, 0.8958817720413208]"
41,0.8967854380607605,Solved_To_Acceptable_Level,MPC,11,"[[0.06839533983610568, 0.01765135428019881], [0.041550621074764496, 0.006615794381427284], [0.02237000395067668, 0.005143301822701496]]","[0.8810984492301941, 0.8932678699493408, 0.9027647972106934]"
42,0.9013041853904724,Solve_Succeeded,MPC,6,"[[0.07612110342574997, 0.019148269189141757], [0.05318042650410701, 0.007612398768448808], [0.02734612173308374, 0.005420823801103932]]","[0.8910106420516968, 0.9004510045051575, 0.9066117405891418]"
43,0.9045684933662415,Solved_To_Acceptable_Level,MPC,10,"[[0.09018690910613027, 0.01821573661445809], [0.06267957527140175, 0.007205732626928946], [0.024731875114525407, 0.0060023333354052265]]","[0.8985294699668884, 0.9059007167816162, 0.9107891321182251]"
44,0.9083690643310547,Solved_To_Acceptable_Level,MPC,10,"[[0.09206140808980343, 0.018949973465448765], [0.06934838046313795, 0.008080043183581825], [0.03197778827437184, 0.005526512321291006]]","[0.9044813513755798, 0.9098610281944275, 0.9153378009796143]"
45,0.9119269251823425,Solve_Succeeded,MPC,8,"[[0.10385682222014203, 0.018312278305233617], [0.06489669757991824, 0.01011802930952837], [0.030627701328187228, 0.00529717803912159]]","[0.9094572067260742, 0.9152765274047852, 0.9182482361793518]"
46,0.91529381275177,Solve_Succeeded,MPC,5,"[[0.10422792348929454, 0.020178454273038524], [0.0689160414369418, 0.009291385129323369], [0.03261086138586866, 0.0065688863666253155]]","[0.9150184392929077, 0.9183995127677917, 0.9222550392150879]"
47,0.9197582602500916,Solve_Succeeded,MPC,4,"[[0.10665277847342534, 0.0204548074204807], [0.06729313329377526, 0.010134900452483846], [0.0310198962640037, 0.007073132906509806]]","[0.9187310934066772, 0.9229822158813477, 0.9302598237991333]"
48,0.9243489503860474,Solve_Succeeded,MPC,4,"[[0.10418819939570464, 0.02109034646535165], [0.06656706048694562, 0.011124377282834037], [0.031755036702972035, 0.007338575299673595]]","[0.9233065843582153, 0.9306267499923706, 0.9392113089561462]"
49,0.9293774962425232,Solve_Succeeded,MPC,4,"[[0.10127227692097407, 0.02221321535037783], [0.06510317030636796, 0.012335026126242174], [0.03148474358322368, 0.008022917734660866]]","[0.930906355381012, 0.9394826889038086, 0.9474156498908997]"
50,0.9366751313209534,Solve_Succeeded,MPC,4,"[[0.09794213577861155, 0.024046758218323055], [0.06280075199597497, 0.014448294741638562], [0.03062917125290441, 0.009620976435285563]]","[0.9396791458129883, 0.9475376605987549, 0.9530614614486694]"
51,0.9455302357673645,Solve_Succeeded,MPC,4,"[[0.09370982270271265, 0.02643747911135111], [0.059567857359550135, 0.017778183515739208], [0.02895927830491884, 0.011688304577958535]]","[0.9478052854537964, 0.9531163573265076, 0.9567869305610657]"
52,0.9521623253822327,Solve_Succeeded,MPC,3,"[[0.08889359549711884, 0.03312279101738387], [0.05551750859841842, 0.023135855342737335], [0.025652883329427455, 0.013559219996030821]]","[0.9532067179679871, 0.9565349221229553, 0.9581806659698486]"
53,0.9566040635108948,Solve_Succeeded,MPC,3,"[[0.08301621207532897, 0.04142427801544907], [0.05175162815204868, 0.02922421291498947], [0.024370200896495626, 0.016626904661436574]]","[0.956510603427887, 0.9577364921569824, 0.9589517116546631]"
54,0.9590911269187927,Solve_Succeeded,MPC,3,"[[0.07671502366302622, 0.05428900321173997], [0.04781480314093158, 0.03916626191927594], [0.02274514432410362, 0.021739203172161027]]","[0.9575799107551575, 0.95839524269104, 0.959645688533783]"
55,0.9597360491752625,Solve_Succeeded,MPC,3,"[[0.06996604169685455, 0.06910710644636657], [0.04409714971919715, 0.049143425890358826], [0.02059346523047153, 0.02630811420585659]]","[0.9582310318946838, 0.9591069221496582, 0.9599175453186035]"
56,0.9599030613899231,Solve_Succeeded,MPC,3,"[[0.06341610881920196, 0.08229276847108032], [0.039204398824436784, 0.05668144659493066], [0.01849057259201109, 0.02960068837330991]]","[0.9588679075241089, 0.959216833114624, 0.9598992466926575]"
57,0.9599989652633667,Solve_Succeeded,MPC,3,"[[0.05669020484052227, 0.09172094994879425], [0.034851503473064135, 0.061597485042217404], [0.016381994049146184, 0.03167318792657453]]","[0.9589636325836182, 0.9591072797775269, 0.9595395922660828]"
58,0.9600284099578857,Solve_Succeeded,MPC,3,"[[0.04991446567431672, 0.09768263516327727], [0.03083400245892901, 0.06501182696827305], [0.014619631448485602, 0.03241814018021187]]","[0.9587962627410889, 0.9587132930755615, 0.95904541015625]"
59,0.9599937200546265,Solve_Succeeded,MPC,3,"[[0.04399565889414394, 0.1015210567051667], [0.026416263079641133, 0.0659447142052301], [0.012591354398061626, 0.03326777054210419]]","[0.9584093689918518, 0.9581653475761414, 0.9582663178443909]"
60,0.959615170955658,Solve_Succeeded,MPC,3,"[[0.03773177254431558, 0.10295289335487416], [0.022869216614010642, 0.06672351081765443], [0.010635079825377064, 0.032845014861197876]]","[0.9578534960746765, 0.9573785066604614, 0.957253634929657]"
61,0.9591062068939209,Solve_Succeeded,MPC,3,"[[0.03197311020171744, 0.10263368283098243], [0.01878881278720626, 0.06543644074846583], [0.009976090119724782, 0.0332209927921296]]","[0.9570858478546143, 0.9564539194107056, 0.9563013911247253]"
62,0.9584247469902039,Solve_Succeeded,MPC,3,"[[0.02691518156601115, 0.10130408014565895], [0.01610532575651979, 0.06490584640179077], [0.007066389697253184, 0.03132670637469938]]","[0.9561853408813477, 0.9554910659790039, 0.9553258419036865]"
63,0.9574748277664185,Solve_Succeeded,MPC,3,"[[0.02187826361156545, 0.0984062265162051], [0.01298908391484782, 0.06267192973102992], [0.006219642894167975, 0.03058074900182043]]","[0.9552456736564636, 0.9545252323150635, 0.9542827606201172]"
64,0.9564874172210693,Solve_Succeeded,MPC,3,"[[0.017509491385087974, 0.09472334558054836], [0.010295029995002794, 0.05987732221560118], [0.004857235266168025, 0.029042471698727538]]","[0.9542840123176575, 0.9535031318664551, 0.953227698802948]"
65,0.9554786086082458,Solve_Succeeded,MPC,3,"[[0.01349333393479639, 0.09001839482483356], [0.007963328142454484, 0.05664197877336846], [0.0036687173648150676, 0.027211635369930452]]","[0.9532666802406311, 0.9524988532066345, 0.9522097110748291]"
66,0.9543976187705994,Solve_Succeeded,MPC,3,"[[0.01003402957299077, 0.0846371688352454], [0.005649683270091892, 0.052995648755904144], [0.0028001897440964466, 0.02503103772379297]]","[0.952273428440094, 0.9514942169189453, 0.9511881470680237]"
67,0.9532925486564636,Solve_Succeeded,MPC,3,"[[0.006923461909475516, 0.07853628602854944], [0.003804365932740892, 0.04891072035019898], [0.001812410278103039, 0.023203719467146628]]","[0.9512733817100525, 0.9505342245101929, 0.9502343535423279]"
68,0.9522364139556885,Solve_Succeeded,MPC,3,"[[0.004240999501445302, 0.07216511214139695], [0.0021439008679722802, 0.04469585758945555], [0.0010137951088114436, 0.021072262232105374]]","[0.9503326416015625, 0.9496244788169861, 0.9493155479431152]"
69,0.9511745572090149,Solve_Succeeded,MPC,3,"[[0.001687585056029166, 0.06515585210009252], [0.0005888296689355655, 0.04015083742157327], [0.0010733844542758781, 0.01967864754790114]]","[0.9494436979293823, 0.9488081932067871, 0.9485064744949341]"
70,0.9502012729644775,Solve_Succeeded,MPC,3,"[[-1.6047719177780006e-05, 0.05909828668204565], [-0.00047483028311464233, 0.03616889830159636], [-9.058494925673856e-05, 0.016847204718143955]]","[0.9486404657363892, 0.9480382204055786, 0.9477384090423584]"
71,0.9492701888084412,Solve_Succeeded,MPC,3,"[[-0.0016887444023658887, 0.052571641991955326], [-0.0014168071239864044, 0.03209046952045289], [-0.0005218654426563093, 0.014699358566871615]]","[0.9478853344917297, 0.947309136390686, 0.9470130801200867]"
72,0.9484507441520691,Solve_Succeeded,MPC,3,"[[-0.00297744326940519, 0.04615329201434387], [-0.002210571858914432, 0.02810069816589334], [-0.0009739285898203317, 0.0127831421945075]]","[0.9471701383590698, 0.9466244578361511, 0.9463317394256592]"
73,0.9476677775382996,Solve_Succeeded,MPC,3,"[[-0.0040291895154581205, 0.04003294887372636], [-0.0028170511690559365, 0.02424124904857928], [-0.0012341474064925448, 0.011104799091744907]]","[0.9464975595474243, 0.946078360080719, 0.9458755850791931]"
74,0.9469320774078369,Solve_Succeeded,MPC,3,"[[-0.004740544746246227, 0.03421769207184831], [-0.0032683998012158727, 0.020607924760395354], [-0.0016528291570175391, 0.009501682952038223]]","[0.9460065364837646, 0.9456959366798401, 0.94551020860672]"
75,0.9462454915046692,Solve_Succeeded,MPC,3,"[[-0.005341368966818696, 0.02888671787518687], [-0.0035693065896299295, 0.017241508016974254], [-0.00186845787320184, 0.00789240230412364]]","[0.9456380009651184, 0.9453720450401306, 0.9451980590820312]"
76,0.9458240270614624,Solve_Succeeded,MPC,3,"[[-0.005986932924645389, 0.024355564223866057], [-0.0033638634685063435, 0.013805854105942466], [-0.0016801211020403513, 0.00606695527287942]]","[0.9453181624412537, 0.945085346698761, 0.9449240565299988]"
77,0.9454644918441772,Solve_Succeeded,MPC,3,"[[-0.005942949694340662, 0.019380829417837135], [-0.0038619512526907613, 0.011323617063271275], [-0.00198126781542296, 0.004892245499544918]]","[0.9450375437736511, 0.9448235630989075, 0.9446717500686646]"
78,0.94515460729599,Solve_Succeeded,MPC,3,"[[-0.0059933367318060395, 0.015130587672934664], [-0.0039028847901955706, 0.008754146363183841], [-0.0019824236829076467, 0.003893886288523123]]","[0.944785475730896, 0.9445943832397461, 0.9444524049758911]"
79,0.9448785185813904,Solve_Succeeded,MPC,2,"[[-0.00582903944014352, 0.011281014755098809], [-0.0037295765125734464, 0.006313583153611778], [-0.0019309321731260452, 0.0027993575139577953]]","[0.9445631504058838, 0.9443959593772888, 0.9442702531814575]"
80,0.944634199142456,Solve_Succeeded,MPC,2,"[[-0.0056335475420101686, 0.008314583826954587], [-0.003645834378671571, 0.0044007550997454195], [-0.0018842119659022286, 0.0018716767638700213]]","[0.9443656802177429, 0.9442237615585327, 0.9441097974777222]"
81,0.9444185495376587,Solve_Succeeded,MPC,2,"[[-0.0056029326419639374, 0.005383199707076178], [-0.003523509093174486, 0.002723922819308601], [-0.0018075573320008543, 0.00104954998014176]]","[0.9441999793052673, 0.9440763592720032, 0.9439745545387268]"
82,0.944235622882843,Solve_Succeeded,MPC,2,"[[-0.005362354069865163, 0.002980624986991975], [-0.0033531979412164954, 0.0012848006873964828], [-0.0017111690416254867, 0.0003493606452951215]]","[0.9440558552742004, 0.9439502358436584, 0.9438603520393372]"
83,0.9440769553184509,Solve_Succeeded,MPC,2,"[[-0.005058272901352046, 0.0008398049656125907], [-0.003142668014304071, -1.1138418103574255e-05], [-0.0015924756358877978, -0.00030471647217020687]]","[0.9439342021942139, 0.9438462853431702, 0.9437686204910278]"
84,0.9439428448677063,Solve_Succeeded,MPC,2,"[[-0.004709137160495585, -0.0008918795678012625], [-0.0029106826374102907, -0.0010317008058068284], [-0.0014684395517344628, -0.0007994715879958512]]","[0.9438328742980957, 0.9437608122825623, 0.9436943531036377]"
85,0.943831205368042,Solve_Succeeded,MPC,2,"[[-0.004335649397616067, -0.00231933501309613], [-0.002665816782682883, -0.0018638947712668304], [-0.0013385801649393153, -0.00119532227085257]]","[0.9437505602836609, 0.9436929821968079, 0.9436370134353638]"
86,0.9437402486801147,Solve_Succeeded,MPC,2,"[[-0.003949935992317131, -0.0034708438854947564], [-0.0024158195918580145, -0.002526956803110046], [-0.0012140853041789018, -0.001506517334792675]]","[0.9436855316162109, 0.9436411261558533, 0.9436019659042358]"
87,0.9436682462692261,Solve_Succeeded,MPC,2,"[[-0.0035619092940807535, -0.004371410733302759], [-0.002173050346810094, -0.003036987183103802], [-0.0010830972618943958, -0.0017397204721830769]]","[0.9436361193656921, 0.9436140060424805, 0.9435908794403076]"
88,0.9436132907867432,Solve_Succeeded,MPC,2,"[[-0.0031849330142029605, -0.005047078219796267], [-0.00192903279566713, -0.0034096946094352124], [-0.0009602100927969639, -0.00190527113918408]]","[0.9436132907867432, 0.9436062574386597, 0.9435937404632568]"
89,0.9435757398605347,Solve_Succeeded,MPC,2,"[[-0.002809581074160865, -0.005522325380451396], [-0.0016958927812576604, -0.0036618204726007763], [-0.0008371823393009044, -0.0020100506915379105]]","[0.9436073303222656, 0.9436133503913879, 0.9436092972755432]"
90,0.9435676336288452,Solve_Succeeded,MPC,2,"[[-0.0024506778217128567, -0.005756697675199735], [-0.0014675244414289847, -0.0037467585141183657], [-0.0007145047333437903, -0.0019934409120296666]]","[0.9436162710189819, 0.9436293840408325, 0.9436294436454773]"
91,0.9435710906982422,Solve_Succeeded,MPC,2,"[[-0.002105561757428819, -0.0059175650404584825], [-0.0012525799611425165, -0.0038121746290434174], [-0.0006058820467474736, -0.002005853670050363]]","[0.9436340928077698, 0.9436520338058472, 0.9436562061309814]"
92,0.9435890913009644,Solve_Succeeded,MPC,2,"[[-0.0017808267601457479, -0.0059538226760216814], [-0.0010507568194561153, -0.00380207416164835], [-0.000503561797174454, -0.0019830537132309017]]","[0.9436575174331665, 0.9436792135238647, 0.9436867237091064]"
93,0.943613588809967,Solve_Succeeded,MPC,2,"[[-0.0014783757568189323, -0.00588022207336441], [-0.0008638368476479888, -0.0037272601853376975], [-0.00040920236516584976, -0.001929437226846931]]","[0.9436852931976318, 0.9437097311019897, 0.9437199234962463]"
94,0.9436430335044861,Solve_Succeeded,MPC,2,"[[-0.0011998951728170353, -0.005715327494424892], [-0.0006926051340339606, -0.003599255160140529], [-0.00032322694305709674, -0.0018507479369285595]]","[0.943716287612915, 0.9437432289123535, 0.9437559247016907]"
95,0.9436760544776917,Solve_Succeeded,MPC,2,"[[-0.0010686817854073825, -0.005632300251105853], [-0.0005348750170317939, -0.003428261016842713], [-0.0002445902071828116, -0.0017527805434231793]]","[0.9437522292137146, 0.9437814950942993, 0.9437959790229797]"
96,0.9437128901481628,Solve_Succeeded,MPC,2,"[[-0.0006931758031474702, -0.005151172938452385], [-0.00038378528177017, -0.00320852212411665], [-0.00016975834082928672, -0.0016301586119373793]]","[0.943788468837738, 0.9438179135322571, 0.9438332319259644]"
97,0.9437510371208191,Solve_Succeeded,MPC,2,"[[-0.0004892985445602633, -0.004814364341817414], [-0.0002599618619309107, -0.002982850059046354], [-0.00010842604356126828, -0.0015074773539814634]]","[0.9438253045082092, 0.9438545107841492, 0.9438704252243042]"
98,0.9437905550003052,Solve_Succeeded,MPC,2,"[[-0.00031444182860711694, -0.004454958818775895], [-0.00015471162490543879, -0.0027461558807746096], [-5.676702486125102e-05, -0.0013804852573725578]]","[0.9438614249229431, 0.9438899159431458, 0.9439060091972351]"
99,0.9438298344612122,Solve_Succeeded,MPC,2,"[[-0.0001642620253470749, -0.0040795847902468825], [-6.497100289201627e-05, -0.0025021798931837863], [-1.311814106137266e-05, -0.0012510898539669032]]","[0.9438964128494263, 0.9439238905906677, 0.9439398646354675]"
100,0.943868100643158,Solve_Succeeded,MPC,2,"[[-3.558233338245324e-05, -0.003695170967576573], [1.1327318726476071e-05, -0.002254962281955914], [2.363400971443251e-05, -0.0011212577177345615]]","[0.9439300298690796, 0.9439561367034912, 0.9439717531204224]"
101,0.9439049959182739,Solve_Succeeded,MPC,2,"[[7.364032372059398e-05, -0.003308816461006838], [7.55387984544106e-05, -0.002008654841487075], [5.423456377608038e-05, -0.0009929935715435434]]","[0.9439619183540344, 0.9439864158630371, 0.9440014958381653]"
102,0.9439401030540466,Solve_Succeeded,MPC,2,"[[0.000164723290597454, -0.002927391117034088], [0.0001285563908757369, -0.0017672688430838276], [7.918794855591749e-05, -0.0008682216707127568]]","[0.9439918398857117, 0.9440146088600159, 0.944028913974762]"
103,0.9439729452133179,Solve_Succeeded,MPC,2,"[[0.00023871385293521355, -0.0025570453860905037], [0.00017108891054377608, -0.0015343788801877698], [9.889363489120564e-05, -0.0007486386808767451]]","[0.9440195560455322, 0.9440404772758484, 0.9440539479255676]"
104,0.9440034627914429,Solve_Succeeded,MPC,4,"[[0.00032742000592494086, -0.0022536848811345435], [0.00021913064465135516, -0.0013619629342852975], [9.576801300280139e-05, -0.0006283588853209966]]","[0.9440454840660095, 0.9440649151802063, 0.9440773129463196]"
105,0.9440319538116455,Solve_Succeeded,MPC,4,"[[0.0003646383877451545, -0.0018995470474776667], [0.00023971997403420485, -0.0011387113467401654], [0.00010386461314857756, -0.0005210870176341658]]","[0.9440687298774719, 0.9440870881080627, 0.9440990090370178]"
106,0.9440576434135437,Solve_Succeeded,MPC,4,"[[0.00037017356311126905, -0.001572713040094574], [0.000244446901899528, -0.0009368812047479652], [0.00012046665395303727, -0.00041834652903176354]]","[0.9440909028053284, 0.9441074132919312, 0.944118082523346]"
107,0.9440810680389404,Solve_Succeeded,MPC,4,"[[0.00038683422066642954, -0.0012737591489486429], [0.00025376125217086874, -0.0007493683142502817], [0.00012263363962395995, -0.00032902777214063763]]","[0.9441106915473938, 0.9441249370574951, 0.9441344141960144]"
108,0.9441030025482178,Solve_Succeeded,MPC,4,"[[0.0003953183484081684, -0.001012877096328583], [0.00025641223328664914, -0.0005918312102634082], [0.00012232826662935949, -0.0002623383087450771]]","[0.9441277980804443, 0.9441400766372681, 0.944148600101471]"
109,0.9441221952438354,Solve_Succeeded,MPC,4,"[[0.0003959119190040391, -0.0007691093721051825], [0.0002546866187142058, -0.00044145409189832926], [0.0001206057309276817, -0.00019141737879309055]]","[0.9441422820091248, 0.9441526532173157, 0.9441600441932678]"
110,0.9441385269165039,Solve_Succeeded,MPC,4,"[[0.0003888440370648784, -0.000552463849187449], [0.00024848528225119535, -0.0003081976013056607], [0.0001173344329128912, -0.00013029029078659137]]","[0.9441544413566589, 0.9441630244255066, 0.9441693425178528]"
111,0.944152295589447,Solve_Succeeded,MPC,4,"[[0.0003748176383795359, -0.00036218757521397637], [0.0002384148788649156, -0.00019195729826707763], [0.00011362632218580023, -7.774582190323995e-05]]","[0.9441644549369812, 0.9441713690757751, 0.9441767334938049]"
112,0.9441636800765991,Solve_Succeeded,MPC,4,"[[0.0003551883974513685, -0.0001980563883737387], [0.00022525294063159462, -9.2044537511908e-05], [0.00011011398260536308, -3.214317204266014e-05]]","[0.9441724419593811, 0.9441778659820557, 0.9441823363304138]"
113,0.9441728591918945,Solve_Succeeded,MPC,4,"[[0.0003328995424839269, -5.921031442087481e-05], [0.000210147196918267, -7.757589410447772e-06], [0.00010575921998335764, 8.149431056094574e-06]]","[0.9441786408424377, 0.9441827535629272, 0.9441863894462585]"
114,0.9441800713539124,Solve_Succeeded,MPC,4,"[[0.00030980355432931063, 5.7287734462766954e-05], [0.0001941182628038911, 6.212592410795794e-05], [9.916585575172087e-05, 4.27630723269481e-05]]","[0.9441832900047302, 0.9441862106323242, 0.9441890716552734]"
115,0.9441854953765869,Solve_Succeeded,MPC,4,"[[0.00028575177079865445, 0.00015399692782312182], [0.00017777890200434943, 0.00011920608372680455], [9.085462965284325e-05, 7.094376163956647e-05]]","[0.9441865682601929, 0.9441884756088257, 0.9441906213760376]"
116,0.9441893696784973,Solve_Succeeded,MPC,4,"[[0.0002607784501315475, 0.00023238238096032413], [0.00016131467251730372, 0.0001648244287882834], [8.190533731259432e-05, 9.290473397510402e-05]]","[0.94418865442276, 0.9441896080970764, 0.9441911578178406]"
117,0.9441918134689331,Solve_Succeeded,MPC,4,"[[0.00023535207443890367, 0.0002938329764025402], [0.0001448396068831001, 0.00020002792141856303], [7.292812938780457e-05, 0.0001093051058154154]]","[0.9441896080970764, 0.9441898465156555, 0.9441908597946167]"
118,0.9441931247711182,Solve_Succeeded,MPC,4,"[[0.0002099965465384121, 0.00033991984340755777], [0.00012856099969307496, 0.00022580780483270944], [6.420092006412703e-05, 0.00012085165826699923]]","[0.9441896677017212, 0.9441892504692078, 0.9441897869110107]"
119,0.9441933631896973,Solve_Succeeded,MPC,4,"[[0.00018517068657701948, 0.0003723187682623455], [0.00011272026896033274, 0.00024320053629432495], [5.586083102407947e-05, 0.00012820413975168926]]","[0.9441889524459839, 0.9441880583763123, 0.9441881775856018]"
120,0.9441927671432495,Solve_Succeeded,MPC,4,"[[0.00016124500317197757, 0.0003927199770280467], [9.753269278791525e-05, 0.0002532719174774474], [4.798691249252741e-05, 0.00013197474549186234]]","[0.9441876411437988, 0.9441863298416138, 0.9441860914230347]"
121,0.9441914558410645,Solve_Succeeded,MPC,4,"[[0.00013850454361260175, 0.00040279129769389124], [8.316639166233106e-05, 0.00025705640371962416], [4.062902146805563e-05, 0.00013272831168310913]]","[0.9441858530044556, 0.9441841840744019, 0.9441837072372437]"
122,0.9441896080970764,Solve_Succeeded,MPC,4,"[[0.0001171548080518193, 0.0004040934952249962], [6.974202183459148e-05, 0.0002555548866900057], [3.381603659718506e-05, 0.0001309709951069677]]","[0.9441836476325989, 0.9441817402839661, 0.9441810846328735]"
123,0.944187343120575,Solve_Succeeded,MPC,4,"[[9.733560741083726e-05, 0.00039809140883968796], [5.733787988605597e-05, 0.0002496755600744214], [2.7562236043969064e-05, 0.0001271735187236711]]","[0.9441812038421631, 0.944179117679596, 0.9441782832145691]"
124,0.9441847205162048,Solve_Succeeded,MPC,4,"[[7.913385577314254e-05, 0.0003861259807967543], [4.599961061869054e-05, 0.00024025066797107392], [2.1870022803301696e-05, 0.00012174727665528295]]","[0.9441785216331482, 0.9441763758659363, 0.9441754221916199]"
125,0.9441818594932556,Solve_Succeeded,MPC,4,"[[6.259306197364978e-05, 0.00036940009340233305], [3.574728811503863e-05, 0.00022804771941718624], [1.673231067449027e-05, 0.00011505187882764731]]","[0.9441757798194885, 0.9441735744476318, 0.9441725015640259]"
126,0.9441788792610168,Solve_Succeeded,MPC,4,"[[4.772183928907926e-05, 0.0003490048828203311], [2.6578607969771046e-05, 0.00021372638365276154], [1.2134677775305604e-05, 0.00010742136147870462]]","[0.9441729784011841, 0.9441707730293274, 0.9441697001457214]"
127,0.9441758394241333,Solve_Succeeded,MPC,4,"[[3.4500341847321295e-05, 0.0003259161519802312], [1.847542939847204e-05, 0.00019788459910259493], [8.055970369820263e-06, 9.91330503370073e-05]]","[0.9441701769828796, 0.9441680312156677, 0.944166898727417]"
128,0.9441727995872498,Solve_Succeeded,MPC,4,"[[2.288347010837876e-05, 0.00030098263372587656], [1.1406156575511729e-05, 0.0001810538262932623], [4.4695504365402534e-06, 9.043028800997485e-05]]","[0.9441674947738647, 0.9441654086112976, 0.9441642761230469]"
129,0.944169819355011,Solve_Succeeded,MPC,4,"[[1.2805815363936455e-05, 0.00027495450602952974], [5.328138151161559e-06, 0.0001636861480916797], [1.3441127255492537e-06, 8.152384900190734e-05]]","[0.9441648125648499, 0.9441628456115723, 0.9441617727279663]"
130,0.9441669583320618,Solve_Succeeded,MPC,4,"[[4.185082409028362e-06, 0.00024848483987128183], [1.9104826746696772e-07, 0.00014616752599537199], [-1.355777139180955e-06, 7.258401031616415e-05]]","[0.9441623091697693, 0.944160521030426, 0.9441595673561096]"
131,0.9441642165184021,Solve_Succeeded,MPC,4,"[[2.2436408500314674e-05, 0.00021661272351020407], [3.4276854941397303e-06, 0.00013441985776646676], [-2.359715566100597e-05, 6.434066279493373e-05]]","[0.9441601037979126, 0.9441584944725037, 0.9441574811935425]"
132,0.9441616535186768,Solve_Succeeded,MPC,4,"[[1.574974948105484e-05, 0.000193060077914457], [-1.0185868151308813e-05, 0.00011779013994123297], [-2.5435480663611472e-05, 5.61746310583899e-05]]","[0.944158136844635, 0.9441565871238708, 0.9441556334495544]"
133,0.9441594481468201,Solve_Succeeded,MPC,4,"[[3.5346848140754706e-06, 0.00016848874192961115], [-1.739859472731834e-05, 0.0001024927878720573], [-2.7184084335631295e-05, 4.800916579625883e-05]]","[0.944156289100647, 0.9441547989845276, 0.9441538453102112]"
134,0.9441573619842529,Solve_Succeeded,MPC,4,"[[-5.995720114722407e-06, 0.00014550891429652838], [-2.465313648312996e-05, 8.783979204415595e-05], [-2.8468585696689294e-05, 4.0223640612230456e-05]]","[0.9441545009613037, 0.9441531300544739, 0.9441522359848022]"
135,0.9441554546356201,Solve_Succeeded,MPC,4,"[[-1.3694370479566668e-05, 0.00012340431225935284], [-2.991059674200038e-05, 7.377179313458432e-05], [-2.854866444935185e-05, 3.335774635326514e-05]]","[0.9441528916358948, 0.9441516399383545, 0.9441508054733276]"
136,0.9441536664962769,Solve_Succeeded,MPC,4,"[[-1.9710158218498896e-05, 0.0001023247287487742], [-3.375470243223479e-05, 6.0950022123823435e-05], [-2.7878665756281226e-05, 2.7264047575246553e-05]]","[0.9441514015197754, 0.9441502690315247, 0.9441495537757874]"
137,0.9441520571708679,Solve_Succeeded,MPC,4,"[[-2.448437803637853e-05, 8.2656223168983e-05], [-3.626669882673309e-05, 4.9340072763192476e-05], [-2.644060146427483e-05, 2.2026672926147668e-05]]","[0.9441500902175903, 0.9441491365432739, 0.9441484212875366]"
138,0.9441506266593933,Solve_Succeeded,MPC,4,"[[-2.8641765648587424e-05, 6.436045839082192e-05], [-3.752785969192068e-05, 3.924289724329229e-05], [-2.4487523194131896e-05, 1.7735327533040564e-05]]","[0.9441489577293396, 0.944148063659668, 0.9441474676132202]"
139,0.944149374961853,Solve_Succeeded,MPC,4,"[[-3.244737985567155e-05, 4.757109138814065e-05], [-3.7627874628218806e-05, 3.083385735438988e-05], [-2.2241754248513218e-05, 1.4358747402974284e-05]]","[0.9441480040550232, 0.9441472291946411, 0.9441466927528381]"
140,0.9441483020782471,Solve_Succeeded,MPC,4,"[[-3.5898221510822096e-05, 3.247737745143195e-05], [-3.664481848899404e-05, 2.4148542807493936e-05], [-1.9992521636557484e-05, 1.1810624204255536e-05]]","[0.9441471695899963, 0.9441465139389038, 0.9441460371017456]"
141,0.9441473484039307,Solve_Succeeded,MPC,4,"[[-3.85664572883314e-05, 1.9342110531215943e-05], [-3.4990796592129366e-05, 1.904534200719219e-05], [-1.7970789105959692e-05, 9.902640944567265e-06]]","[0.9441465139389038, 0.9441459774971008, 0.9441455006599426]"
142,0.9441466331481934,Solve_Succeeded,MPC,4,"[[-4.017315478701075e-05, 8.35637951079113e-06], [-3.287088815664168e-05, 1.5187173480765368e-05], [-1.596938473564228e-05, 8.419662799640644e-06]]","[0.9441459774971008, 0.9441455006599426, 0.944145143032074]"
143,0.9441459774971008,Solve_Succeeded,MPC,4,"[[-4.102317899535061e-05, -5.63331596632625e-07], [-2.9881872207277252e-05, 1.2243867345465131e-05], [-1.4087016629802274e-05, 7.280117115789306e-06]]","[0.9441456198692322, 0.9441452026367188, 0.9441449046134949]"
144,0.9441455602645874,Solve_Succeeded,MPC,4,"[[-4.005130305335221e-05, -7.788601674205044e-06], [-2.7300831347093268e-05, 1.016949991430034e-05], [-1.2682274089733369e-05, 6.427450591084787e-06]]","[0.9441453218460083, 0.9441450238227844, 0.9441447854042053]"
145,0.9441452026367188,Solve_Succeeded,MPC,4,"[[-3.8402335872417704e-05, -1.2763227277224153e-05], [-2.4574343446602608e-05, 8.280043696749788e-06], [-1.1199526094339836e-05, 5.438062768919642e-06]]","[0.944145143032074, 0.9441449046134949, 0.9441447854042053]"
146,0.9441449642181396,Solve_Succeeded,MPC,4,"[[-3.250100156946217e-05, -1.5143887735037269e-05], [-2.0114949353370846e-05, 4.617848074553352e-06], [-1.255546513518365e-05, 4.787147444183956e-06]]","[0.9441450834274292, 0.9441449046134949, 0.9441447854042053]"
147,0.9441448450088501,Solve_Succeeded,MPC,4,"[[-8.259879340140557e-06, -1.4115224499327973e-05], [-1.8151637786162963e-05, -2.0952553119348058e-06], [-2.0865530012183584e-05, 3.205231070825342e-06]]","[0.9441450238227844, 0.9441449046134949, 0.9441448450088501]"
148,0.9441447854042053,Solve_Succeeded,MPC,4,"[[2.157257161039292e-06, -1.1665464824011476e-05], [-5.77305861534888e-06, -1.0630047966686734e-05], [-2.6592910160541856e-05, 3.797539491430647e-06]]","[0.9441449046134949, 0.9441449046134949, 0.9441447854042053]"
149,0.9441446661949158,Solve_Succeeded,MPC,4,"[[-1.2392110524418835e-05, -1.1065753033531696e-05], [-5.576801065691761e-06, -1.5379029546431883e-05], [-3.169916217210248e-05, 2.210313186224387e-06]]","[0.9441447854042053, 0.9441448450088501, 0.9441447854042053]"
150,0.944144606590271,Solve_Succeeded,MPC,4,"[[-8.09938957545124e-06, -1.5527648349899466e-05], [-1.962548977406223e-06, -1.7324630415828144e-05], [-3.017384048354113e-05, 1.9132027015669608e-06]]","[0.9441447257995605, 0.9441448450088501, 0.9441447257995605]"
151,0.944144606590271,Solve_Succeeded,MPC,4,"[[-9.865145411758045e-06, -1.731591499041286e-05], [-1.70319227437703e-06, -1.907120580348569e-05], [-3.038554006947812e-05, 1.2560836112321727e-06]]","[0.9441447854042053, 0.9441448450088501, 0.9441447854042053]"
152,0.944144606590271,Solve_Succeeded,MPC,4,"[[-6.3564877959081344e-06, -1.9089225542583914e-05], [4.640952317987889e-07, -1.9907976930117322e-05], [-2.9280729529132875e-05, 1.0647371301568002e-06]]","[0.9441447854042053, 0.9441449642181396, 0.9441449046134949]"
153,0.9441446661949158,Solve_Succeeded,MPC,4,"[[-5.147167673923914e-06, -1.9496098881821738e-05], [1.847172275543323e-06, -2.0386088333803062e-05], [-2.8661905890058722e-05, 8.847083230224626e-07]]","[0.9441449046134949, 0.9441450834274292, 0.9441450238227844]"
154,0.9441447854042053,Solve_Succeeded,MPC,4,"[[-3.386794959849287e-06, -1.955439738400666e-05], [3.213230991122752e-06, -2.0409172337695703e-05], [-2.7959763052141158e-05, 8.903088786660753e-07]]","[0.9441450238227844, 0.9441452026367188, 0.9441452026367188]"
155,0.9441449046134949,Solve_Succeeded,MPC,4,"[[-2.294573822038284e-06, -1.9194778218839965e-05], [4.195511727736766e-06, -2.0212214343509158e-05], [-2.7453634282121773e-05, 9.752848115556264e-07]]","[0.944145143032074, 0.9441453218460083, 0.9441453218460083]"
156,0.9441450238227844,Solve_Succeeded,MPC,4,"[[-1.3881329412960734e-06, -1.866032500612251e-05], [4.929454135283688e-06, -1.9846494302636328e-05], [-2.7051723718516663e-05, 1.1336289339950256e-06]]","[0.9441453218460083, 0.9441455006599426, 0.9441454410552979]"
157,0.944145143032074,Solve_Succeeded,MPC,4,"[[-7.060307644701474e-07, -1.7981549422606955e-05], [5.4474295687329506e-06, -1.9377760123415845e-05], [-2.6748960364711524e-05, 1.3402021367672838e-06]]","[0.9441454410552979, 0.9441456198692322, 0.9441456198692322]"
158,0.9441452622413635,Solve_Succeeded,MPC,4,"[[-1.3081215011766416e-07, -1.7185818202940048e-05], [5.825699862887953e-06, -1.8818306520029697e-05], [-2.6507844454651295e-05, 1.571879078318439e-06]]","[0.9441455602645874, 0.9441457390785217, 0.9441457390785217]"
159,0.9441454410552979,Solve_Succeeded,MPC,4,"[[3.642019205971493e-07, -1.6275733327381742e-05], [6.106460616046051e-06, -1.8181511008863822e-05], [-2.631018843441602e-05, 1.8209165696582618e-06]]","[0.944145679473877, 0.9441458582878113, 0.9441458582878113]"
160,0.9441455602645874,Solve_Succeeded,MPC,4,"[[7.973453609360827e-07, -1.5261996948842804e-05], [6.314901648276028e-06, -1.747453645067766e-05], [-2.6145171411623595e-05, 2.0806827545495026e-06]]","[0.9441457986831665, 0.9441459774971008, 0.9441459774971008]"
161,0.944145679473877,Solve_Succeeded,MPC,4,"[[1.1697364638611975e-06, -1.4157957223640098e-05], [6.4537351669936506e-06, -1.671058301737116e-05], [-2.6010445539347996e-05, 2.3450405958717294e-06]]","[0.944145917892456, 0.9441460967063904, 0.9441460967063904]"
162,0.9441458582878113,Solve_Succeeded,MPC,4,"[[1.4791801488580085e-06, -1.2993304506101877e-05], [6.5237886906551795e-06, -1.589999679727579e-05], [-2.5907311326856345e-05, 2.605642746670174e-06]]","[0.9441460371017456, 0.9441462159156799, 0.9441462159156799]"
163,0.9441459774971008,Solve_Succeeded,MPC,4,"[[1.7196577109809492e-06, -1.180218207001531e-05], [6.522702889727083e-06, -1.5061128501506208e-05], [-2.583804168344331e-05, 2.863019048270432e-06]]","[0.9441461563110352, 0.9441462755203247, 0.9441462755203247]"
164,0.9441460967063904,Solve_Succeeded,MPC,4,"[[1.8945122453747224e-06, -1.0609810062444804e-05], [6.448531414726036e-06, -1.4213077970848808e-05], [-2.5802630613078955e-05, 3.115108295508671e-06]]","[0.9441462755203247, 0.9441463947296143, 0.9441463947296143]"
165,0.9441461563110352,Solve_Succeeded,MPC,4,"[[2.010950403974028e-06, -9.435944262966594e-06], [6.303862970009343e-06, -1.3371382001723274e-05], [-2.5799043072137733e-05, 3.3553938618047344e-06]]","[0.9441463351249695, 0.944146454334259, 0.944146454334259]"
166,0.9441462755203247,Solve_Succeeded,MPC,4,"[[2.071951085817985e-06, -8.307614008076522e-06], [6.099599473936839e-06, -1.2547018506271108e-05], [-2.582413985093031e-05, 3.5876400155385064e-06]]","[0.9441463947296143, 0.9441465735435486, 0.9441465139389038]"
167,0.9441463947296143,Solve_Succeeded,MPC,4,"[[2.084863866658317e-06, -7.227365314346101e-06], [5.8384817120676625e-06, -1.1753146724149702e-05], [-2.587422335188072e-05, 3.805972862588258e-06]]","[0.9441465139389038, 0.9441466331481934, 0.9441465735435486]"
168,0.944146454334259,Solve_Succeeded,MPC,4,"[[2.0592608667497432e-06, -6.210309498044087e-06], [5.535617539288575e-06, -1.099169884972021e-05], [-2.5944220751798583e-05, 4.007887598774282e-06]]","[0.9441465735435486, 0.9441466331481934, 0.9441466331481934]"
169,0.9441465139389038,Solve_Succeeded,MPC,4,"[[1.9956678208386926e-06, -5.261087599771955e-06], [5.197974303154996e-06, -1.0271026175379256e-05], [-2.6030897717661818e-05, 4.196240039469605e-06]]","[0.9441466331481934, 0.9441466927528381, 0.9441466927528381]"
170,0.9441465735435486,Solve_Succeeded,MPC,4,"[[1.9046235723096396e-06, -4.380623531522721e-06], [4.834427876478343e-06, -9.599884705626344e-06], [-2.6129107282769948e-05, 4.373262950380355e-06]]","[0.9441466331481934, 0.9441467523574829, 0.9441467523574829]"
171,0.9441466331481934,Solve_Succeeded,MPC,4,"[[1.7904162471202617e-06, -3.5684174167063497e-06], [4.453932349496077e-06, -8.972698731743688e-06], [-2.6235684902583607e-05, 4.528375700720181e-06]]","[0.9441466927528381, 0.9441467523574829, 0.9441467523574829]"
172,0.9441466927528381,Solve_Succeeded,MPC,4,"[[1.6542737345743434e-06, -2.8335814420263703e-06], [4.0651578093495165e-06, -8.396127194110271e-06], [-2.634777198881134e-05, 4.672904973202072e-06]]","[0.9441466927528381, 0.9441468119621277, 0.9441467523574829]"
173,0.9441466927528381,Solve_Succeeded,MPC,4,"[[1.5021544518086323e-06, -2.1691015109662565e-06], [3.6744111822703382e-06, -7.8708130005865e-06], [-2.6462528268382033e-05, 4.801790377725459e-06]]","[0.9441467523574829, 0.9441468119621277, 0.9441468119621277]"
174,0.9441467523574829,Solve_Succeeded,MPC,4,"[[1.3386666352053413e-06, -1.574486315242299e-06], [3.288471070714032e-06, -7.393385319330057e-06], [-2.6577327728044928e-05, 4.913357980665768e-06]]","[0.9441467523574829, 0.9441468119621277, 0.9441468119621277]"
175,0.9441467523574829,Solve_Succeeded,MPC,4,"[[1.1671904885490578e-06, -1.047614936259347e-06], [2.9118634780321727e-06, -6.968119294103271e-06], [-2.6690214984204894e-05, 5.012056628633759e-06]]","[0.9441467523574829, 0.9441468119621277, 0.9441468119621277]"
176,0.9441467523574829,Solve_Succeeded,MPC,4,"[[9.926958944859106e-07, -5.853926883481948e-07], [2.5503629077230506e-06, -6.59625598411857e-06], [-2.679890976270749e-05, 5.10049673151272e-06]]","[0.9441467523574829, 0.9441468119621277, 0.9441468119621277]"
177,0.9441467523574829,Solve_Succeeded,MPC,4,"[[8.157019397059237e-07, -1.8702964802725386e-07], [2.2103074955506117e-06, -6.269822000389044e-06], [-2.69027061917138e-05, 5.174763261266498e-06]]","[0.9441467523574829, 0.9441468119621277, 0.9441468119621277]"
178,0.9441467523574829,Solve_Succeeded,MPC,4,"[[6.393275912142342e-07, 1.5381206371542824e-07], [1.8920902096823886e-06, -5.9875346909615265e-06], [-2.700055830250154e-05, 5.234762868025186e-06]]","[0.9441467523574829, 0.9441468119621277, 0.9441467523574829]"
179,0.9441467523574829,Solve_Succeeded,MPC,4,"[[4.692689601797137e-07, 4.3937864106548984e-07], [1.5998901054294166e-06, -5.7517681001221824e-06], [-2.709064034839945e-05, 5.287874473251334e-06]]","[0.9441467523574829, 0.9441468119621277, 0.9441467523574829]"
180,0.9441467523574829,Solve_Succeeded,MPC,4,"[[3.064069903004386e-07, 6.770434809886938e-07], [1.3357760942193117e-06, -5.557658521783317e-06], [-2.7172809782107844e-05, 5.329911955814865e-06]]","[0.9441467523574829, 0.9441468119621277, 0.9441467523574829]"
181,0.9441467523574829,Solve_Succeeded,MPC,4,"[[1.5209164544565378e-07, 8.67062528867684e-07], [1.1016305602336416e-06, -5.39668540302e-06], [-2.7246904606252552e-05, 5.359578189822698e-06]]","[0.9441467523574829, 0.9441467523574829, 0.9441467523574829]"
182,0.9441467523574829,Solve_Succeeded,MPC,4,"[[7.649868282051924e-09, 1.0140439788795489e-06], [8.971253905800805e-07, -5.270529211870248e-06], [-2.7312825245094816e-05, 5.382016985572425e-06]]","[0.9441466927528381, 0.9441467523574829, 0.9441466927528381]"
183,0.9441467523574829,Solve_Succeeded,MPC,4,"[[-1.240840768109519e-07, 1.1232235117197277e-06], [7.239016987355222e-07, -5.174010325361388e-06], [-2.736978789583777e-05, 5.397040455919916e-06]]","[0.9441466927528381, 0.9441467523574829, 0.9441466927528381]"
184,0.9441466927528381,Solve_Succeeded,MPC,4,"[[-2.4250433802326267e-07, 1.2005669733763513e-06], [5.788574774190617e-07, -5.1091084678836335e-06], [-2.7418100429538557e-05, 5.408017612882528e-06]]","[0.9441466927528381, 0.9441466927528381, 0.9441466927528381]"
185,0.9441466927528381,Solve_Succeeded,MPC,4,"[[-3.4554585799712e-07, 1.2487792136566992e-06], [4.64307766962631e-07, -5.0676372874956284e-06], [-2.745781008053126e-05, 5.410485181902518e-06]]","[0.9441466331481934, 0.9441466927528381, 0.9441466331481934]"
186,0.9441466927528381,Solve_Succeeded,MPC,4,"[[-4.365432316685341e-07, 1.268574144745529e-06], [3.776082804853696e-07, -5.046020089813495e-06], [-2.7489832553422867e-05, 5.408963544397649e-06]]","[0.9441466331481934, 0.9441466927528381, 0.9441466331481934]"
187,0.9441466331481934,Solve_Succeeded,MPC,4,"[[-5.116879993779601e-07, 1.2690064650236736e-06], [3.152537888835073e-07, -5.047015710939637e-06], [-2.7513706727140638e-05, 5.404679295212955e-06]]","[0.9441466331481934, 0.9441466331481934, 0.9441466331481934]"
188,0.9441466331481934,Solve_Succeeded,MPC,4,"[[-5.71487749133749e-07, 1.2498529532916303e-06], [2.7895869622184114e-07, -5.061634770488644e-06], [-2.753022919440734e-05, 5.393854387764989e-06]]","[0.9441465735435486, 0.9441466331481934, 0.9441466331481934]"
189,0.9441466331481934,Solve_Succeeded,MPC,4,"[[-6.190572094043812e-07, 1.2136752223367481e-06], [2.63561479522883e-07, -5.092543984289059e-06], [-2.754016594646932e-05, 5.384276077551166e-06]]","[0.9441465735435486, 0.9441466331481934, 0.9441465735435486]"
190,0.9441465735435486,Solve_Succeeded,MPC,4,"[[-6.516081366541638e-07, 1.1663278532906971e-06], [2.6842412073193486e-07, -5.135876293633828e-06], [-2.7543243728355803e-05, 5.372527443076264e-06]]","[0.9441465735435486, 0.9441466331481934, 0.9441465735435486]"
191,0.9441465735435486,Solve_Succeeded,MPC,4,"[[-6.723783067424701e-07, 1.1080921676049453e-06], [2.9125620937011956e-07, -5.18608815447316e-06], [-2.7541015202607774e-05, 5.356989504607686e-06]]","[0.9441465735435486, 0.9441465735435486, 0.9441465735435486]"
192,0.9441465735435486,Solve_Succeeded,MPC,4,"[[-6.816331782347962e-07, 1.041290935394512e-06], [3.290870606041951e-07, -5.243241893866019e-06], [-2.753381878757117e-05, 5.340804904290662e-06]]","[0.9441465139389038, 0.9441465735435486, 0.9441465139389038]"
193,0.9441465139389038,Solve_Succeeded,MPC,4,"[[-6.798066340397051e-07, 9.682618985434396e-07], [3.8033482040535924e-07, -5.306828780425906e-06], [-2.752195815236317e-05, 5.325552465471379e-06]]","[0.9441465139389038, 0.9441465735435486, 0.9441465139389038]"
194,0.9441465139389038,Solve_Succeeded,MPC,4,"[[-6.680329405042506e-07, 8.933337419474875e-07], [4.414365345176037e-07, -5.37679130614473e-06], [-2.7506058447862653e-05, 5.310839801425608e-06]]","[0.9441465139389038, 0.9441465735435486, 0.9441465139389038]"
195,0.9441465139389038,Solve_Succeeded,MPC,4,"[[-6.466177205198179e-07, 8.165464446823651e-07], [5.11293253006281e-07, -5.448099918894982e-06], [-2.748672051341812e-05, 5.294934555886927e-06]]","[0.9441465139389038, 0.9441465139389038, 0.9441465139389038]"
196,0.9441465139389038,Solve_Succeeded,MPC,4,"[[-6.194760413618038e-07, 7.380455534679402e-07], [5.879810469360992e-07, -5.515702686501404e-06], [-2.746536569817585e-05, 5.275342945298706e-06]]","[0.944146454334259, 0.9441465139389038, 0.9441465139389038]"
197,0.9441465139389038,Solve_Succeeded,MPC,4,"[[-5.865290116289291e-07, 6.579845743005548e-07], [6.690563860152082e-07, -5.584738238373076e-06], [-2.7442172327015853e-05, 5.259548024993562e-06]]","[0.944146454334259, 0.9441465139389038, 0.9441465139389038]"
198,0.944146454334259,Solve_Succeeded,MPC,4,"[[-5.474461694858782e-07, 5.826634756501855e-07], [7.522322543570693e-07, -5.654049803460666e-06], [-2.7417030504781252e-05, 5.244069518558403e-06]]","[0.944146454334259, 0.9441465139389038, 0.9441465139389038]"
199,0.944146454334259,Solve_Succeeded,MPC,4,"[[-5.0476110932691e-07, 5.079063785562653e-07], [8.378918394617929e-07, -5.720628167430731e-06], [-2.7391091363307557e-05, 5.229603320998994e-06]]","[0.944146454334259, 0.9441465139389038, 0.9441465139389038]"
200,0.944146454334259,Solve_Succeeded,MPC,4,"[[-4.591239389010836e-07, 4.4030910877546263e-07], [9.208741642563863e-07, -5.7873598762797525e-06], [-2.736461217876376e-05, 5.215653840831248e-06]]","[0.944146454334259, 0.9441465139389038, 0.944146454334259]"
201,0.944146454334259,Solve_Succeeded,MPC,4,"[[-4.1121954652457565e-07, 3.72401832274424e-07], [1.0053709317783596e-06, -5.848331069333199e-06], [-2.7338037789296413e-05, 5.2022541755883275e-06]]","[0.944146454334259, 0.9441465139389038, 0.944146454334259]"
202,0.944146454334259,Solve_Succeeded,MPC,4,"[[-3.653500654471233e-07, 3.0889860641377845e-07], [1.0860319009408856e-06, -5.904412755906245e-06], [-2.73125852987165e-05, 5.189233975019723e-06]]","[0.944146454334259, 0.9441465139389038, 0.944146454334259]"
203,0.944146454334259,Solve_Succeeded,MPC,4,"[[-3.172065579673054e-07, 2.5099461747817733e-07], [1.163348674332788e-06, -5.957910205326189e-06], [-2.7287303988524235e-05, 5.177750953592797e-06]]","[0.944146454334259, 0.9441465139389038, 0.944146454334259]"
204,0.944146454334259,Solve_Succeeded,MPC,4,"[[-2.702913582964456e-07, 1.967857364320502e-07], [1.2373069046708321e-06, -6.0077674809887975e-06], [-2.726311882555612e-05, 5.168655363124604e-06]]","[0.944146454334259, 0.9441465139389038, 0.944146454334259]"
205,0.944146454334259,Solve_Succeeded,MPC,4,"[[-2.2546800722039569e-07, 1.4765873834025532e-07], [1.3068800556955696e-06, -6.051582019260005e-06], [-2.724036751667654e-05, 5.1588924870496465e-06]]","[0.944146454334259, 0.9441465139389038, 0.944146454334259]"
206,0.944146454334259,Solve_Succeeded,MPC,4,"[[-1.8203850631481492e-07, 1.0435761572503362e-07], [1.370396608628704e-06, -6.092185142959758e-06], [-2.7218957531973053e-05, 5.150340585982831e-06]]","[0.944146454334259, 0.9441465139389038, 0.944146454334259]"
207,0.944146454334259,Solve_Succeeded,MPC,4,"[[-1.4051355119549398e-07, 6.452066163060073e-08], [1.429747667102516e-06, -6.128957575896914e-06], [-2.719896825102363e-05, 5.144674217732198e-06]]","[0.944146454334259, 0.9441465139389038, 0.944146454334259]"
208,0.944146454334259,Solve_Succeeded,MPC,4,"[[-1.0306514262649101e-07, 2.9692760629040812e-08], [1.483466267929405e-06, -6.159928510430611e-06], [-2.718104150894403e-05, 5.137889871065702e-06]]","[0.944146454334259, 0.9441465139389038, 0.944146454334259]"
209,0.944146454334259,Solve_Succeeded,MPC,4,"[[-6.79682503702604e-08, -5.312643580761862e-10], [1.5314049224631326e-06, -6.187232757266383e-06], [-2.7164710993678584e-05, 5.132670230508656e-06]]","[0.944146454334259, 0.9441465139389038, 0.944146454334259]"
210,0.944146454334259,Solve_Succeeded,MPC,4,"[[-3.612564619701312e-08, -2.696565040591141e-08], [1.5743217486695478e-06, -6.2096913773344505e-06], [-2.7150243505789133e-05, 5.127493585617316e-06]]","[0.944146454334259, 0.9441465139389038, 0.9441465139389038]"
211,0.944146454334259,Solve_Succeeded,MPC,4,"[[-6.876282079582301e-09, -4.7329400013200454e-08], [1.6102691158764296e-06, -6.231148692234365e-06], [-2.713741992242052e-05, 5.124388537145483e-06]]","[0.944146454334259, 0.9441465139389038, 0.9441465139389038]"
212,0.944146454334259,Solve_Succeeded,MPC,4,"[[1.9456368127264074e-08, -6.558167210312334e-08], [1.6425686467657743e-06, -6.248879938707227e-06], [-2.712620575561796e-05, 5.122408226346589e-06]]","[0.944146454334259, 0.9441465139389038, 0.9441465139389038]"
213,0.944146454334259,Solve_Succeeded,MPC,4,"[[4.0055624283521115e-08, -8.157344346410995e-08], [1.670094211215827e-06, -6.2584097254457855e-06], [-2.7117318615009625e-05, 5.11786766553555e-06]]","[0.944146454334259, 0.9441465139389038, 0.9441465139389038]"
214,0.944146454334259,Solve_Succeeded,MPC,4,"[[5.8106656943984975e-08, -9.362874501304413e-08], [1.6915985060669748e-06, -6.267500536221163e-06], [-2.7109890037588336e-05, 5.116418149070207e-06]]","[0.944146454334259, 0.9441465139389038, 0.9441465139389038]"
215,0.944146454334259,Solve_Succeeded,MPC,4,"[[7.454904297142688e-08, -1.0235014397836007e-07], [1.7095439823541392e-06, -6.2755408616803955e-06], [-2.710358584806024e-05, 5.116770441990298e-06]]","[0.944146454334259, 0.9441465139389038, 0.9441465139389038]"
216,0.944146454334259,Solve_Succeeded,MPC,4,"[[8.739678190108119e-08, -1.0711072214369993e-07], [1.7227871403086186e-06, -6.280684757768529e-06], [-2.7098836749206097e-05, 5.116410285510917e-06]]","[0.944146454334259, 0.9441465139389038, 0.9441465139389038]"
217,0.944146454334259,Solve_Succeeded,MPC,4,"[[9.776012284365898e-08, -1.0996345474537346e-07], [1.7322833599565547e-06, -6.283435095436952e-06], [-2.7095396264685874e-05, 5.116241475625767e-06]]","[0.944146454334259, 0.9441465139389038, 0.9441465139389038]"
218,0.944146454334259,Solve_Succeeded,MPC,4,"[[1.0514458871668963e-07, -1.1094977033875076e-07], [1.738080910980698e-06, -6.283785278547675e-06], [-2.709324377854264e-05, 5.115840871622466e-06]]","[0.944146454334259, 0.9441465139389038, 0.9441465139389038]"
219,0.944146454334259,Solve_Succeeded,MPC,4,"[[1.1025837705154558e-07, -1.1047053853691268e-07], [1.7408116285115047e-06, -6.282829251409353e-06], [-2.7092215575182563e-05, 5.11624907497773e-06]]","[0.944146454334259, 0.9441465139389038, 0.9441465139389038]"
220,0.944146454334259,Solve_Succeeded,MPC,4,"[[1.1314368905144019e-07, -1.0836522117431565e-07], [1.740784494393132e-06, -6.2806149560264555e-06], [-2.7092159455974704e-05, 5.116989635991481e-06]]","[0.944146454334259, 0.9441465139389038, 0.9441465139389038]"
221,0.944146454334259,Solve_Succeeded,MPC,4,"[[1.1408155899225141e-07, -1.0495252612010954e-07], [1.7383468609208765e-06, -6.2772484429508385e-06], [-2.7092954806268813e-05, 5.117928373635969e-06]]","[0.944146454334259, 0.9441465139389038, 0.9441465139389038]"
222,0.944146454334259,Solve_Succeeded,MPC,4,"[[1.1350957624448633e-07, -1.0037004039260115e-07], [1.733591175979309e-06, -6.275185730886535e-06], [-2.7094344653669938e-05, 5.1212957018726455e-06]]","[0.944146454334259, 0.9441465139389038, 0.9441465139389038]"
223,0.944146454334259,Solve_Succeeded,MPC,4,"[[1.115400223467234e-07, -9.393967636845386e-08], [1.7275419293179522e-06, -6.271358307494822e-06], [-2.7096382122112364e-05, 5.122634468706149e-06]]","[0.944146454334259, 0.9441465139389038, 0.9441465139389038]"
224,0.944146454334259,Solve_Succeeded,MPC,4,"[[1.077266301717241e-07, -8.798549845443668e-08], [1.7197587990856384e-06, -6.266011275454549e-06], [-2.709910119021855e-05, 5.123687461577362e-06]]","[0.944146454334259, 0.9441465139389038, 0.9441465139389038]"
225,0.944146454334259,Solve_Succeeded,MPC,4,"[[1.030891910121469e-07, -8.134905959033089e-08], [1.710744382297983e-06, -6.259174218375105e-06], [-2.7102198553485393e-05, 5.123800186081393e-06]]","[0.944146454334259, 0.9441465735435486, 0.9441465139389038]"
226,0.944146454334259,Solve_Succeeded,MPC,4,"[[9.742049992199722e-08, -7.550676320357879e-08], [1.7010434076987557e-06, -6.25249096420076e-06], [-2.7105682069872345e-05, 5.1249315914574365e-06]]","[0.9441465139389038, 0.9441465735435486, 0.9441465139389038]"
227,0.9441465139389038,Solve_Succeeded,MPC,4,"[[9.102556453707558e-08, -6.909366669770636e-08], [1.6906443191181618e-06, -6.245963531372368e-06], [-2.710933268268281e-05, 5.126353368598623e-06]]","[0.9441465139389038, 0.9441465735435486, 0.9441465139389038]"
228,0.9441465139389038,Solve_Succeeded,MPC,4,"[[8.437288592998195e-08, -6.240809613726415e-08], [1.6799853985534005e-06, -6.239441167645602e-06], [-2.7113081792065064e-05, 5.127747194869437e-06]]","[0.9441465139389038, 0.9441465735435486, 0.9441465139389038]"
229,0.9441465139389038,Solve_Succeeded,MPC,4,"[[7.728899001767847e-08, -5.5707785812338914e-08], [1.66908050619808e-06, -6.232949432855954e-06], [-2.7116922606756597e-05, 5.129086773246664e-06]]","[0.9441465139389038, 0.9441465735435486, 0.9441465139389038]"
230,0.9441465139389038,Solve_Succeeded,MPC,4,"[[7.028706761602479e-08, -4.904677091275397e-08], [1.657947632969965e-06, -6.228589391978334e-06], [-2.7120640405522186e-05, 5.132345092655703e-06]]","[0.9441465139389038, 0.9441465735435486, 0.9441465139389038]"
231,0.9441465139389038,Solve_Succeeded,MPC,4,"[[6.323309933802058e-08, -4.209836528984155e-08], [1.6473475512143454e-06, -6.223155031657826e-06], [-2.7124328981744963e-05, 5.133696089074252e-06]]","[0.9441465139389038, 0.9441465735435486, 0.9441465139389038]"
232,0.9441465139389038,Solve_Succeeded,MPC,4,"[[5.567524582747077e-08, -3.601730775586304e-08], [1.6367112660597158e-06, -6.217494795891937e-06], [-2.712809934831749e-05, 5.134723870991308e-06]]","[0.9441465139389038, 0.9441465735435486, 0.9441465139389038]"
233,0.9441465139389038,Solve_Succeeded,MPC,4,"[[4.861780532615201e-08, -2.9903474497248024e-08], [1.626439884681289e-06, -6.211164868917632e-06], [-2.713166788508673e-05, 5.13463017921873e-06]]","[0.9441465139389038, 0.9441465735435486, 0.9441465139389038]"
234,0.9441465139389038,Solve_Succeeded,MPC,4,"[[4.155376777740505e-08, -2.5137158479246053e-08], [1.6166929413116967e-06, -6.205767852737534e-06], [-2.7135148558539826e-05, 5.1354583850417e-06]]","[0.9441465139389038, 0.9441465735435486, 0.9441465139389038]"
235,0.9441465139389038,Solve_Succeeded,MPC,4,"[[3.4924688381767354e-08, -2.0434763781536874e-08], [1.6076446522141257e-06, -6.200973287015529e-06], [-2.713836234469215e-05, 5.136392844827761e-06]]","[0.9441465139389038, 0.9441465735435486, 0.9441465139389038]"
236,0.9441465139389038,Solve_Succeeded,MPC,4,"[[2.860853042010492e-08, -1.5963156006065506e-08], [1.5991827222279314e-06, -6.196594404877748e-06], [-2.7141360745496124e-05, 5.137237375255765e-06]]","[0.9441465139389038, 0.9441465735435486, 0.9441465139389038]"
237,0.9441465139389038,Solve_Succeeded,MPC,4,"[[2.2764602715016336e-08, -1.1851841230362175e-08], [1.5914023067436977e-06, -6.192591016425378e-06], [-2.7144110508092335e-05, 5.137992692317261e-06]]","[0.9441465139389038, 0.9441465735435486, 0.9441465139389038]"
238,0.9441465139389038,Solve_Succeeded,MPC,4,"[[1.7332283012285263e-08, -8.130808646032694e-09], [1.5842826342048694e-06, -6.1889730327945075e-06], [-2.714662530415741e-05, 5.138664263457765e-06]]","[0.9441465139389038, 0.9441465735435486, 0.9441465139389038]"
239,0.9441465139389038,Solve_Succeeded,MPC,4,"[[1.2371144519161674e-08, -4.8149350779361545e-09], [1.5778598294687436e-06, -6.185747240798622e-06], [-2.714889176768633e-05, 5.139258837251318e-06]]","[0.9441465139389038, 0.9441465735435486, 0.9441465139389038]"
240,0.9441465139389038,Solve_Succeeded,MPC,4,"[[7.866802371409367e-09, -1.8944791391406956e-09], [1.5721220823286498e-06, -6.1829104399727555e-06], [-2.7150915474530194e-05, 5.1397764446126555e-06]]","[0.9441465139389038, 0.9441465735435486, 0.9441465139389038]"
241,0.9441465139389038,Solve_Succeeded,MPC,4,"[[3.839440553457919e-09, 6.433187106486795e-10], [1.567069378059123e-06, -6.180449684841891e-06], [-2.715269566501976e-05, 5.140220268973357e-06]]","[0.9441465139389038, 0.9441465735435486, 0.9441465139389038]"
242,0.9441465139389038,Solve_Succeeded,MPC,4,"[[2.786442857959787e-10, 2.819316285906307e-09], [1.5626798904275521e-06, -6.178346804735593e-06], [-2.7154240138930575e-05, 5.140593489125272e-06]]","[0.9441465139389038, 0.9441465735435486, 0.9441465139389038]"
243,0.9441465139389038,Solve_Succeeded,MPC,4,"[[-2.8195379347717473e-09, 4.65495644390903e-09], [1.558931301887471e-06, -6.176580500849828e-06], [-2.7155556383610554e-05, 5.140901079382203e-06]]","[0.9441465139389038, 0.9441465735435486, 0.9441465139389038]"
244,0.9441465139389038,Solve_Succeeded,MPC,4,"[[-5.473233532017922e-09, 6.173647826819095e-09], [1.5557907482277073e-06, -6.175128240976214e-06], [-2.715665610105108e-05, 5.141148011885073e-06]]","[0.9441465139389038, 0.9441465735435486, 0.9441465139389038]"
245,0.9441465139389038,Solve_Succeeded,MPC,4,"[[-7.701130002146349e-09, 7.398405417537472e-09], [1.5532230362582846e-06, -6.173966855091476e-06], [-2.7157551785529334e-05, 5.141339636110189e-06]]","[0.9441465139389038, 0.9441465735435486, 0.9441465139389038]"
246,0.9441465139389038,Solve_Succeeded,MPC,4,"[[-9.528382883734776e-09, 8.35266610171143e-09], [1.5511881016496031e-06, -6.17307293293872e-06], [-2.7158257862310606e-05, 5.14148108095892e-06]]","[0.9441465139389038, 0.9441465735435486, 0.9441465139389038]"
247,0.9441465139389038,Solve_Succeeded,MPC,4,"[[-1.0900195549665646e-08, 9.641292204987215e-09], [1.5494608616649784e-06, -6.17154001907211e-06], [-2.7158781221010896e-05, 5.1404611438206414e-06]]","[0.9441465139389038, 0.9441465735435486, 0.9441465139389038]"
248,0.9441465139389038,Solve_Succeeded,MPC,4,"[[-1.2033225442062096e-08, 9.690539619123823e-09], [1.5482814197007992e-06, -6.1708251416024995e-06], [-2.7159202406380595e-05, 5.140373477667665e-06]]","[0.9441465139389038, 0.9441465735435486, 0.9441465139389038]"
249,0.9441465139389038,Solve_Succeeded,MPC,4,"[[-1.2839033260359152e-08, 9.826219072562009e-09], [1.54758355483042e-06, -6.17055514804341e-06], [-2.7159442365179107e-05, 5.14041916113738e-06]]","[0.9441465139389038, 0.9441465735435486, 0.9441465139389038]"
250,0.9441465139389038,Solve_Succeeded,MPC,4,"[[-1.3375080949369641e-08, 9.907057387647392e-09], [1.547239898774235e-06, -6.170505370444205e-06], [-2.715955127317088e-05, 5.140424390353952e-06]]","[0.9441465139389038, 0.9441465735435486, 0.9441465139389038]"
251,0.9441465139389038,Solve_Succeeded,MPC,4,"[[-1.3625124910147727e-08, 9.859843063434413e-09], [1.5472262392015286e-06, -6.170601197593146e-06], [-2.7159540198631106e-05, 5.140390911063839e-06]]","[0.9441465139389038, 0.9441465735435486, 0.9441465139389038]"
252,0.9441465139389038,Solve_Succeeded,MPC,4,"[[-1.3658165931190497e-08, 9.68341773148907e-09], [1.547482578892343e-06, -6.170820914635185e-06], [-2.7159433821888862e-05, 5.140330989204601e-06]]","[0.9441465139389038, 0.9441465735435486, 0.9441465139389038]"
253,0.9441465139389038,Solve_Succeeded,MPC,4,"[[-1.3489171282472897e-08, 9.390212486595285e-09], [1.5479784330637588e-06, -6.171149272517218e-06], [-2.7159242978487183e-05, 5.140252952301575e-06]]","[0.9441465139389038, 0.9441465735435486, 0.9441465139389038]"
254,0.9441465139389038,Solve_Succeeded,MPC,4,"[[-1.3157177911798435e-08, 9.001089315311078e-09], [1.5486702483622183e-06, -6.171569370297894e-06], [-2.7158983734032574e-05, 5.140159776141154e-06]]","[0.9441465139389038, 0.9441465735435486, 0.9441465139389038]"
255,0.9441465139389038,Solve_Succeeded,MPC,4,"[[-1.2682500841726244e-08, 8.534943658652342e-09], [1.549525343208699e-06, -6.172062747425771e-06], [-2.7158667409147387e-05, 5.140054724587966e-06]]","[0.9441465139389038, 0.9441465735435486, 0.9441465139389038]"
256,0.9441465139389038,Solve_Succeeded,MPC,4,"[[-1.2093107826840468e-08, 8.010723996082892e-09], [1.550508266128934e-06, -6.172611579173962e-06], [-2.7158306601694333e-05, 5.139940593872988e-06]]","[0.9441465139389038, 0.9441465735435486, 0.9441465139389038]"
257,0.9441465139389038,Solve_Succeeded,MPC,4,"[[-1.1410096404790835e-08, 7.444756742186606e-09], [1.5515890671932742e-06, -6.173199557035432e-06], [-2.715791176825422e-05, 5.1398204701041125e-06]]","[0.9441465139389038, 0.9441465735435486, 0.9441465139389038]"
258,0.9441465139389038,Solve_Succeeded,MPC,4,"[[-1.0737405425464822e-08, 6.270137591727351e-09], [1.5529224193688154e-06, -6.174695289343505e-06], [-2.715750122491468e-05, 5.140813237366192e-06]]","[0.9441465139389038, 0.9441465735435486, 0.9441465139389038]"
259,0.9441465139389038,Solve_Succeeded,MPC,4,"[[-9.90670924958469e-09, 6.0964080217561155e-09], [1.554199432883111e-06, -6.175605891017547e-06], [-2.7157018963832614e-05, 5.140832519218116e-06]]","[0.9441465139389038, 0.9441465735435486, 0.9441465139389038]"
