episode,step,agent_id,pos_x,pos_y,vel_x,vel_y,goal_x,goal_y,goal_vel_x,goal_vel_y
1,0,0,2.3,2.0,0.0,0.0,3.0,3.7,0.0,0.0
1,0,1,2.0,2.3,0.0,0.0,3.5,3.0,0.0,0.0
1,0,2,3.0,3.2,0.0,0.0,2.6,3.5,0.0,0.0
1,0,3,2.0,3.5,0.0,0.0,3.5,3.5,0.0,0.0
1,1,0,2.3,2.0,0.2300319906703797,0.2671693733015061,3.0,3.7,0.0,0.0
1,1,1,2.0,2.3,0.26463102439736125,0.23077335889216694,3.5,3.0,0.0,0.0
1,1,2,3.0,3.2,-0.19255931841709015,0.15679764025454904,2.6,3.5,0.0,0.0
1,1,3,2.0,3.5,0.26461953445109465,3.4744546431657777e-06,3.5,3.5,0.0,0.0
1,2,0,2.306900959720111,2.008015081199045,0.4946797407444896,0.35680129336751953,3.0,3.7,0.0,0.0
1,2,1,2.0079389307319206,2.306923200766765,0.5340955231914432,0.31508339040274247,3.5,3.0,0.0,0.0
1,2,2,2.9942232204474872,3.2047039292076365,-0.2516277447841455,0.19885363656463448,2.6,3.5,0.0,0.0
1,2,3,2.007938586033533,3.5000001042336395,0.5341056667008778,-0.09006251822593062,3.5,3.5,0.0,0.0
1,3,0,2.3217413519424457,2.0187191200000707,0.623645155066925,0.27457650387998334,3.0,3.7,0.0,0.0
1,3,1,2.023961796427664,2.316375702478847,0.6332329662726346,0.2634874240664785,3.5,3.0,0.0,0.0
1,3,2,2.986674388103963,3.2106695383045754,-0.23796347870541226,0.19380835074956534,2.6,3.5,0.0,0.0
1,3,3,2.0239617560345593,3.4972982286868617,0.6331879442205858,-0.18014453062865116,3.5,3.5,0.0,0.0
1,4,0,2.3404507065944533,2.0269564151164703,0.6566850163793769,0.19944627176393862,3.0,3.7,0.0,0.0
1,4,1,2.042958785415843,2.3242803252008413,0.6607587369230793,0.19269247870435144,3.5,3.0,0.0,0.0
1,4,2,2.9795354837428007,3.216483788827062,-0.18639901097533476,0.1645085577244809,2.6,3.5,0.0,0.0
1,4,3,2.042957394361177,3.4918938927680023,0.6605566008941972,-0.25793940854942554,3.5,3.5,0.0,0.0
1,5,0,2.3601512570858345,2.0329398032693886,0.6693558530924069,0.2021882912696207,3.0,3.7,0.0,0.0
1,5,1,2.0627815475235356,2.3300610995619717,0.6766022500180051,0.18748979463858537,3.5,3.0,0.0,0.0
1,5,2,2.973943513413541,3.2214190455587963,-0.17250885127639895,0.15145930180865344,2.6,3.5,0.0,0.0
1,5,3,2.0627740923880027,3.4841557105115197,0.6765837490653791,-0.30441943693284357,3.5,3.5,0.0,0.0
1,6,0,2.3802319326786066,2.039005452007477,0.6716505224193574,0.2540630145542402,3.0,3.7,0.0,0.0
1,6,1,2.083079615024076,2.3356857934011295,0.6820291061543898,0.2330483049183453,3.5,3.0,0.0,0.0
1,6,2,2.9687682478752486,3.225962824613056,-0.20109436452389393,0.16971854027288383,2.6,3.5,0.0,0.0
1,6,3,2.0830716048599642,3.4750231274035346,0.682261959336882,-0.3236101774004716,3.5,3.5,0.0,0.0
1,7,0,2.400381448351187,2.0466273424441046,0.6619546530567068,0.3200024170905623,3.0,3.7,0.0,0.0
1,7,1,2.1035404882087074,2.34267724254868,0.6737309214316753,0.2977518699915125,3.5,3.0,0.0,0.0
1,7,2,2.9627354169395317,3.2310543808212424,-0.2555584219843253,0.21436268360066565,2.6,3.5,0.0,0.0
1,7,3,2.103539463640071,3.4653148220815204,0.6737504582169317,-0.30777778954862495,3.5,3.5,0.0,0.0
1,8,0,2.4202400879428883,2.0562274149568216,0.6415998250436942,0.37809847634389304,3.0,3.7,0.0,0.0
1,8,1,2.1237524158516576,2.3516097986484255,0.6537490362127883,0.3585986815931017,3.5,3.0,0.0,0.0
1,8,2,2.955068664280002,3.237485261329262,-0.3188431102597493,0.27257769479007044,2.6,3.5,0.0,0.0
1,8,3,2.1237519773865787,3.4560814883950615,0.6537924632512304,-0.27419837424319493,3.5,3.5,0.0,0.0
1,9,0,2.439488082694199,2.0675703692471386,0.6141621488829473,0.4211477674665084,3.0,3.7,0.0,0.0
1,9,1,2.1433648869380413,2.3623677590962187,0.6265927376523062,0.4048069791677914,3.5,3.0,0.0,0.0
1,9,2,2.9455033709722094,3.2456625921729643,-0.3774353104536986,0.3327981145248122,2.6,3.5,0.0,0.0
1,9,3,2.1433657512841156,3.4478555371677655,0.6266294794896287,-0.22233066827948011,3.5,3.5,0.0,0.0
1,10,0,2.4579129471606875,2.0802048022711337,0.5836908846854587,0.4517143289384461,3.0,3.7,0.0,0.0
1,10,1,2.1621626690676106,2.3745119684712526,0.5965988866512407,0.4296586524528817,3.5,3.0,0.0,0.0
1,10,2,2.9341803116585985,3.2556465356087085,-0.41893502214323997,0.3835784193129429,2.6,3.5,0.0,0.0
1,10,3,2.1621646356688045,3.4411856171193813,0.5963862019628666,-0.16671951023244627,3.5,3.5,0.0,0.0
1,11,0,2.4754236737012514,2.093756232139287,0.5541210155324842,0.4737936058392428,3.0,3.7,0.0,0.0
1,11,1,2.180060635667148,2.387401728044839,0.5751310933320953,0.34247803236515106,3.5,3.0,0.0,0.0
1,11,2,2.9216122609943014,3.267153888188097,-0.4439623283530698,0.41968158178581416,2.6,3.5,0.0,0.0
1,11,3,2.1800562217276904,3.4361840318124077,0.5662999920818036,-0.11106173260546567,3.5,3.5,0.0,0.0
1,12,0,2.492047304167226,2.107970040314464,0.5304439856095317,0.489549916700465,3.0,3.7,0.0,0.0
1,12,1,2.1973145684671107,2.3976760690157937,0.43298245194419005,0.47114605966571477,3.5,3.0,0.0,0.0
1,12,2,2.9082933911437094,3.2797443356416713,-0.45931677746733457,0.44159993880364845,2.6,3.5,0.0,0.0
1,12,3,2.1970452214901446,3.432852179834244,0.5425213279523203,-0.0628874409067835,3.5,3.5,0.0,0.0
1,13,0,2.507960623735512,2.122656537815478,0.5136286898177268,0.5003755602964646,3.0,3.7,0.0,0.0
1,13,1,2.2103040420254363,2.411810450805765,0.3131653247207703,0.5164583051203503,3.5,3.0,0.0,0.0
1,13,2,2.894513887819689,3.2929923338057807,-0.4699393994525002,0.45357855127895363,2.6,3.5,0.0,0.0
1,13,3,2.213320861328714,3.4309655566070405,0.5259120355178459,-0.022892121585140646,3.5,3.5,0.0,0.0
1,14,0,2.523369484430044,2.137667804624372,0.50221045920961,0.5070594636567042,3.0,3.7,0.0,0.0
1,14,1,2.2196990017670593,2.4273041999593756,0.21953049186951434,0.5100473251497203,3.5,3.0,0.0,0.0
1,14,2,2.880415705836114,3.3065996903441492,-0.47746658899875416,0.4607524731030098,2.6,3.5,0.0,0.0
1,14,3,2.2290982223942493,3.4302787929594865,0.5144858763873402,0.014316209967558946,3.5,3.5,0.0,0.0
1,15,0,2.538435798206332,2.152879588534073,0.4944504751489962,0.5105821602342415,3.0,3.7,0.0,0.0
1,15,1,2.2262849165231446,2.4426056197138672,0.1743860558048694,0.49817970176373394,3.5,3.0,0.0,0.0
1,15,2,2.8660917081661514,3.3204222645372394,-0.4822006624035585,0.4655208353000989,2.6,3.5,0.0,0.0
1,15,3,2.2445327986858694,3.4307082792585133,0.5070938754079329,0.04633456489433324,3.5,3.5,0.0,0.0
1,16,0,2.553269312460802,2.1681970533411,0.4896469228386826,0.5119909475732702,3.0,3.7,0.0,0.0
1,16,1,2.2315164981972906,2.457551010766779,0.14453524605094314,0.50130707503996,3.5,3.0,0.0,0.0
1,16,2,2.8516256882940447,3.3343878895962424,-0.48418173420202104,0.4672391089894602,2.6,3.5,0.0,0.0
1,16,3,2.259745614948107,3.432098316205343,0.5024890869681131,0.07348763001097461,3.5,3.5,0.0,0.0
1,17,0,2.5679587201459624,2.1835567817682984,0.3837225525821394,0.5157351684085313,3.0,3.7,0.0,0.0
1,17,1,2.235852555578819,2.4725902230179777,0.10678374127093007,0.5009564299807076,3.5,3.0,0.0,0.0
1,17,2,2.8371002362679842,3.3484050628659263,-0.4841601017987289,0.4657870867192335,2.6,3.5,0.0,0.0
1,17,3,2.2748202875571506,3.434302945105672,0.4997262008938882,0.09076988830983151,3.5,3.5,0.0,0.0
1,18,0,2.5794703967234267,2.1990288368205544,0.41507843881895823,0.5156243461988217,3.0,3.7,0.0,0.0
1,18,1,2.239056067816947,2.487618915917399,0.0809005082637702,0.5070455106850217,3.5,3.0,0.0,0.0
1,18,2,2.8225754332140225,3.3623786754675034,-0.4827132123470782,0.4606954586809128,2.6,3.5,0.0,0.0
1,18,3,2.2898120735839673,3.437026041754967,0.4985140417168331,0.10970449646322059,3.5,3.5,0.0,0.0
1,19,0,2.5919227498879955,2.2144975672065192,0.4971259225711161,0.4266770861222061,3.0,3.7,0.0,0.0
1,19,1,2.24148308306486,2.5028302812379497,0.05616329601396114,0.5042831499692284,3.5,3.0,0.0,0.0
1,19,2,2.80809403684361,3.376199539227931,-0.4801722856626818,0.4498264254218135,2.6,3.5,0.0,0.0
1,19,3,2.304767494835472,3.4403171766488634,0.4981896522933098,0.12529895874468722,3.5,3.5,0.0,0.0
1,20,0,2.606836527565129,2.2272978797901852,0.5327599961069037,0.23920089557713223,3.0,3.7,0.0,0.0
1,20,1,2.243167981945279,2.5179587757370268,0.038348650144876956,0.5109908386609193,3.5,3.0,0.0,0.0
1,20,2,2.7936888682737298,3.3896943319905852,-0.47730039422358717,0.43394070219743763,2.6,3.5,0.0,0.0
1,20,3,2.3197131844042715,3.444076145411204,0.4983377448280203,0.1358173984218988,3.5,3.5,0.0,0.0
1,21,0,2.622819327448336,2.2344739066574992,0.5324712448597997,-0.05485465246255988,3.0,3.7,0.0,0.0
1,21,1,2.244318441449625,2.5332885008968544,0.01867404102993507,0.5046660244185746,3.5,3.0,0.0,0.0
1,21,2,2.779369856447022,3.4027125530565083,-0.4737040161836569,0.4138820566448371,2.6,3.5,0.0,0.0
1,21,3,2.334663316749112,3.4481506673638607,0.4987446932045074,0.14082771874706626,3.5,3.5,0.0,0.0
1,22,0,2.6387934647941296,2.2328282670836224,0.5010801186402638,0.13337778155561916,3.0,3.7,0.0,0.0
1,22,1,2.2448786626805233,2.548428481629412,0.011096972361315321,0.49952789527085795,3.5,3.0,0.0,0.0
1,22,2,2.7651587359615126,3.4151290147558533,-0.4695105347378218,0.39048024539741455,2.6,3.5,0.0,0.0
1,22,3,2.349625657545247,3.4523754989262727,0.4992661953496167,0.1426998086543151,3.5,3.5,0.0,0.0
1,23,0,2.6538258683533376,2.236829600530291,0.4342974883669113,0.4462084322432849,3.0,3.7,0.0,0.0
1,23,1,2.2452115718513626,2.5634143184875375,0.009855415442634158,0.49934711530146614,3.5,3.0,0.0,0.0
1,23,2,2.751073419919378,3.4268434221177757,-0.463479917772341,0.3648881695276496,2.6,3.5,0.0,0.0
1,23,3,2.3646036434057356,3.456656493185902,0.49977925604898976,0.14139711090341148,3.5,3.5,0.0,0.0
1,24,0,2.6668547930043447,2.2502158534975893,0.5050931425988318,0.3114874301487467,3.0,3.7,0.0,0.0
1,24,1,2.2455072343146414,2.5783947319465814,0.010752145352325465,0.5013637088422275,3.5,3.0,0.0,0.0
1,24,2,2.7371690223862077,3.437790067203605,-0.4558473077655062,0.33784017950782774,2.6,3.5,0.0,0.0
1,24,3,2.3795970210872053,3.4608984065130044,0.5001709769208267,0.14015212957872755,3.5,3.5,0.0,0.0
1,25,0,2.6820075872823095,2.2595604764020516,0.5341863213522196,0.2081277545150891,3.0,3.7,0.0,0.0
1,25,1,2.245829798675211,2.593435643211848,0.006793747420729232,0.49682208278387885,3.5,3.0,0.0,0.0
1,25,2,2.7234936031532424,3.44792527258884,-0.4502091577573243,0.3113994177107474,2.6,3.5,0.0,0.0
1,25,3,2.3946021503948303,3.465102970400366,0.500421104027335,0.1388421335097978,3.5,3.5,0.0,0.0
1,26,0,2.698033176922876,2.265804309037504,0.5164880413691989,0.31205582111489205,3.0,3.7,0.0,0.0
1,26,1,2.246033611097833,2.6083403056953647,-0.009306663454270336,0.47922949080155897,3.5,3.0,0.0,0.0
1,26,2,2.7099873284205227,3.4572672551201626,-0.3641972693280332,0.02267578887563987,2.6,3.5,0.0,0.0
1,26,3,2.4096147835156505,3.4692682344056602,0.5006628696557773,0.13319326266031428,3.5,3.5,0.0,0.0
1,27,0,2.713527818163952,2.275165983670951,0.500824202772529,0.44593827862669955,3.0,3.7,0.0,0.0
1,27,1,2.2457544111942047,2.6227171904194115,-0.01085344537273969,0.4926778458173956,3.5,3.0,0.0,0.0
1,27,2,2.699061410340682,3.457947528786432,-0.39490025118102334,-0.008328140425841637,2.6,3.5,0.0,0.0
1,27,3,2.424634669605324,3.4732640322854698,0.5006102730870446,0.12865878621372864,3.5,3.5,0.0,0.0
1,28,0,2.728552544247128,2.288544132029752,0.4826177700107941,0.4722169167577216,3.0,3.7,0.0,0.0
1,28,1,2.2454288078330227,2.6374975257939335,-0.015089959840119141,0.4936580708651218,3.5,3.0,0.0,0.0
1,28,2,2.687214402805251,3.4576976845736564,-0.13548982920215064,0.08267985609364006,2.6,3.5,0.0,0.0
1,28,3,2.439652977797935,3.4771237958718815,0.5266818123084253,0.06617478124690518,3.5,3.5,0.0,0.0
1,29,0,2.7430310773474518,2.3027106395324837,0.4808567575390361,0.4619725476906107,3.0,3.7,0.0,0.0
1,29,1,2.244976109037819,2.652307267919887,-0.02250262412886625,0.4999499626577718,3.5,3.0,0.0,0.0
1,29,2,2.6831497079291866,3.4601780802564654,0.013978930118112354,0.10246596191778454,2.6,3.5,0.0,0.0
1,29,3,2.455453432167188,3.4791090393092885,0.5274113233359432,0.011923419533461294,3.5,3.5,0.0,0.0
1,30,0,2.757456780073623,2.3165698159632018,0.483104308626096,0.46385079189545186,3.0,3.7,0.0,0.0
1,30,1,2.2443010303139532,2.6673057667996205,-0.03357550080955814,0.441897070992349,3.5,3.0,0.0,0.0
1,30,2,2.68356907583273,3.463252059113999,0.0681621701877412,0.2144354278292869,2.6,3.5,0.0,0.0
1,30,3,2.4712757718672664,3.4794667418952923,0.4960895752874247,0.0500363190360788,3.5,3.5,0.0,0.0
1,31,0,2.771949909332406,2.3304853397200653,0.4830252426451366,0.47770305451078265,3.0,3.7,0.0,0.0
1,31,1,2.2432937652896663,2.680562678929391,-0.008216356674045744,0.43122888696078854,3.5,3.0,0.0,0.0
1,31,2,2.6856139409383624,3.4696851219488773,0.0064081853450907444,0.16369488051152373,2.6,3.5,0.0,0.0
1,31,3,2.486158459125889,3.4809678314663746,0.8002954330302018,-0.2469072751062308,3.5,3.5,0.0,0.0
1,32,0,2.7864406666117603,2.344816431355389,0.479563927120883,0.4928625791490693,3.0,3.7,0.0,0.0
1,32,1,2.2430472745894448,2.6934995455382147,0.24352785233695096,0.4896885719780987,3.5,3.0,0.0,0.0
1,32,2,2.685806186498715,3.474595968364223,-0.005897890123705507,0.1253688785561507,2.6,3.5,0.0,0.0
1,32,3,2.510167322116795,3.4735606132131878,0.5886080795185135,-0.2221942840067323,3.5,3.5,0.0,0.0
1,33,0,2.8008275844253867,2.359602308729861,0.4761928151787518,0.5027143652339864,3.0,3.7,0.0,0.0
1,33,1,2.250353110159553,2.7081902026975575,0.4306412645249592,0.49001096626094076,3.5,3.0,0.0,0.0
1,33,2,2.685629249795004,3.4783570347209074,0.18947211108563716,0.141309390993112,2.6,3.5,0.0,0.0
1,33,3,2.5278255645023506,3.4668947846929856,0.2905715071248334,0.08248796620728435,3.5,3.5,0.0,0.0
1,34,0,2.8151133688807493,2.3746837396868807,0.4718204861120271,0.5074480973232336,3.0,3.7,0.0,0.0
1,34,1,2.2632723480953016,2.7228905316853855,0.4480067104698535,0.48086666886049945,3.5,3.0,0.0,0.0
1,34,2,2.691313413127573,3.482596316450701,0.367615675382567,0.26901559637546324,2.6,3.5,0.0,0.0
1,34,3,2.5365427097160955,3.469369423679204,-0.004384844110624592,-0.21369594149517,3.5,3.5,0.0,0.0
1,35,0,2.82926798346411,2.389907182606578,0.46774613941370635,0.5090297089055907,3.0,3.7,0.0,0.0
1,35,1,2.2767125494093974,2.7373165317512007,0.4240922749892706,0.4749189506074626,3.5,3.0,0.0,0.0
1,35,2,2.70234188338905,3.4906667843419648,0.24783393596827522,0.22339790868390638,2.6,3.5,0.0,0.0
1,35,3,2.536411164392777,3.462958545434349,0.261112414129831,-0.15978908757283636,3.5,3.5,0.0,0.0
1,36,0,2.843300367646521,2.4051780738737456,0.46322340104662174,0.5090787325705985,3.0,3.7,0.0,0.0
1,36,1,2.2894353176590756,2.7515641002694244,0.4312815190171835,0.4728369514477784,3.5,3.0,0.0,0.0
1,36,2,2.709776901468098,3.497368721602482,0.15226481092284383,0.19575062992741107,2.6,3.5,0.0,0.0
1,36,3,2.544244536816672,3.458164872807164,0.5084766008704174,-0.09344331334985317,3.5,3.5,0.0,0.0
1,37,0,2.8571970696779196,2.4204504358508636,0.456371287202329,0.5086787644928619,3.0,3.7,0.0,0.0
1,37,1,2.3023737632295913,2.7657492088128577,0.4595164649079342,0.47344688581308925,3.5,3.0,0.0,0.0
1,37,2,2.7143448457957833,3.503241240500304,0.2633757714058939,0.34971715718375784,2.6,3.5,0.0,0.0
1,37,3,2.5594988348427843,3.4553615734066683,0.21725115115331253,0.20346472166679583,3.5,3.5,0.0,0.0
1,38,0,2.8708882082939895,2.4357107987856494,0.4465466504842719,0.507879432905863,3.0,3.7,0.0,0.0
1,38,1,2.3161592571768295,2.7799526153872502,0.4867763873333817,0.4738007424662566,3.5,3.0,0.0,0.0
1,38,2,2.72224611893796,3.513732755215817,0.1500035839512584,0.27104629824008397,2.6,3.5,0.0,0.0
1,38,3,2.5660163693773836,3.461465515056672,0.3596526391304039,0.24860932525429655,3.5,3.5,0.0,0.0
1,39,0,2.884284607808518,2.4509471817728254,0.43280043334809304,0.5068569577748132,3.0,3.7,0.0,0.0
1,39,1,2.330762548796831,2.7941666376612377,0.5035627511964966,0.4737811603202339,3.5,3.0,0.0,0.0
1,39,2,2.726746226456498,3.5218641441630196,0.3460471079468165,0.31958686503259115,2.6,3.5,0.0,0.0
1,39,3,2.576805948551296,3.468923794814301,0.2323351867879482,0.33849427778808716,3.5,3.5,0.0,0.0
1,40,0,2.8972686208089606,2.46615289050607,0.41422216307824067,0.5058009548399535,3.0,3.7,0.0,0.0
1,40,1,2.345869431332726,2.8083800724708445,0.5109486506803853,0.4721494893217022,3.5,3.0,0.0,0.0
1,40,2,2.7371276396949025,3.5314517501139973,0.5045310831870689,0.229526441877852,2.6,3.5,0.0,0.0
1,40,3,2.5837760041549345,3.4790786231479434,0.3441500623089502,0.30278983932751313,3.5,3.5,0.0,0.0
1,41,0,2.9096952857013076,2.4813269191512686,0.3923493621951497,0.50488647371028,3.0,3.7,0.0,0.0
1,41,1,2.3611978908531377,2.8225445571504957,0.5131241902543815,0.4694803402643485,3.5,3.0,0.0,0.0
1,41,2,2.7522635721905147,3.538337543370333,0.3666964803770367,0.21372006495356224,2.6,3.5,0.0,0.0
1,41,3,2.594100506024203,3.4881623183277686,0.463275646961676,0.2347904890405336,3.5,3.5,0.0,0.0
1,42,0,2.921465766567162,2.496473513362577,0.36826088757201625,0.5040602261558752,3.0,3.7,0.0,0.0
1,42,1,2.376591616560769,2.836628967358426,0.5128544699459943,0.4649526903097517,3.5,3.0,0.0,0.0
1,42,2,2.7632644666018256,3.54474914531894,0.09010143115335592,0.08974936393537464,2.6,3.5,0.0,0.0
1,42,3,2.607998775433053,3.4952060329989845,0.16298952256697882,-0.06431823138809242,3.5,3.5,0.0,0.0
1,43,0,2.9325135931943227,2.511595320147253,0.34279784599408925,0.5033745716088578,3.0,3.7,0.0,0.0
1,43,1,2.391977250659149,2.8505775480677187,0.5117243134117708,0.45952402753042876,3.5,3.0,0.0,0.0
1,43,2,2.7659675095364262,3.547441626237001,0.08044318758667733,0.06339527230255845,2.6,3.5,0.0,0.0
1,43,3,2.6128884611100625,3.4932764860573418,0.11761162621371676,-0.034165992308299684,3.5,3.5,0.0,0.0
1,44,0,2.9427975285741454,2.526696557295519,0.3164855677642502,0.5028492974358842,3.0,3.7,0.0,0.0
1,44,1,2.407328980061502,2.8643632688936314,0.5098915957196323,0.4534727689089513,3.5,3.0,0.0,0.0
1,44,2,2.7683808051640266,3.549343484406078,0.0129385221565841,0.03835969105763007,2.6,3.5,0.0,0.0
1,44,3,2.616416809896474,3.4922515062880928,0.4218356859134462,-0.32019518353155807,3.5,3.5,0.0,0.0
1,45,0,2.952292095607073,2.541782036218595,0.28959614674514567,0.5023859024846671,3.0,3.7,0.0,0.0
1,45,1,2.4226257279330907,2.8779674519608998,0.5081636978201817,0.44170740693537924,3.5,3.0,0.0,0.0
1,45,2,2.7687689608287243,3.550494275137807,-0.0697682894921289,0.2538076933085973,2.6,3.5,0.0,0.0
1,45,3,2.6290718804738775,3.482645650782146,0.12992366829015276,-0.6088869917275358,3.5,3.5,0.0,0.0
1,46,0,2.9609799800094274,2.556853613293135,0.2625697099513401,0.502016608466674,3.0,3.7,0.0,0.0
1,46,1,2.4378706388676963,2.891218674168961,0.5062679856481825,0.42613756836788064,3.5,3.0,0.0,0.0
1,46,2,2.7666759121439606,3.5581085059370645,-0.13510979532645748,0.18340036789901024,2.6,3.5,0.0,0.0
1,46,3,2.632969590522582,3.46437904103032,0.3129257767385176,-0.29789478455923146,3.5,3.5,0.0,0.0
1,47,0,2.968857071307968,2.5719141115471356,0.23578178272262346,0.5017286826231432,3.0,3.7,0.0,0.0
1,47,1,2.4530586784371415,2.904002801219997,0.5045787255828151,0.406225697441578,3.5,3.0,0.0,0.0
1,47,2,2.762622618284167,3.563610516974035,-0.18703343918413098,0.12551677044840312,2.6,3.5,0.0,0.0
1,47,3,2.6423573638247375,3.455442197493543,0.4682252289290736,-0.17239070364539263,3.5,3.5,0.0,0.0
1,48,0,2.9759305247896464,2.58696597202583,0.20951158342811563,0.5014949365421734,3.0,3.7,0.0,0.0
1,48,1,2.468196040204626,2.9161895721432445,0.5031654957666917,0.3831375490591371,3.5,3.0,0.0,0.0
1,48,2,2.757011615108643,3.567376020087487,-0.2744210752837203,0.09228956712280409,2.6,3.5,0.0,0.0
1,48,3,2.65640412069261,3.450270476384181,0.4854388281120837,-0.28055980231498,3.5,3.5,0.0,0.0
1,49,0,2.98221587229249,2.602010820122095,0.18407395607849197,0.5012900433551986,3.0,3.7,0.0,0.0
1,49,1,2.4832910050776267,2.9276836986150188,0.5020331220819964,0.35825160540420176,3.5,3.0,0.0,0.0
1,49,2,2.7487789828501312,3.5701447071011714,-0.30556383998671865,0.03186077074816043,2.6,3.5,0.0,0.0
1,49,3,2.6709672855359723,3.441853682314732,0.4579575514134808,-0.34324387427873837,3.5,3.5,0.0,0.0
1,50,0,2.9877380909748448,2.617049521422751,0.15974527499220306,0.501102819607102,3.0,3.7,0.0,0.0
1,50,1,2.4983519987400866,2.938431246777145,0.5013952888560509,0.3286614349252712,3.5,3.0,0.0,0.0
1,50,2,2.73961206765053,3.571100530223616,-0.3262279839347155,-0.014701574487406013,2.6,3.5,0.0,0.0
1,50,3,2.684706012078377,3.4315563660863697,0.45436102833433645,-0.3013816521224253,3.5,3.5,0.0,0.0
1,51,0,2.9925304492246108,2.632082606010964,0.13677716065618906,0.5009246718708306,3.0,3.7,0.0,0.0
1,51,1,2.513393857405768,2.9482910898249033,0.5005225158711353,0.2981575418179636,3.5,3.0,0.0,0.0
1,51,2,2.7298252281324884,3.5706594829889937,-0.34107807687009273,-0.04827623519985045,2.6,3.5,0.0,0.0
1,51,3,2.698336842928407,3.422514916522697,0.46457091553793484,-0.2318413713439885,3.5,3.5,0.0,0.0
1,52,0,2.9966337640442964,2.647110346167089,0.11541697611262634,0.5007580390172945,3.0,3.7,0.0,0.0
1,52,1,2.528409532881902,2.957235816079442,0.4999246890414164,0.2721234330100527,3.5,3.0,0.0,0.0
1,52,2,2.7195928858263856,3.5692111959329984,-0.35078659321950556,-0.07174300791581159,2.6,3.5,0.0,0.0
1,52,3,2.712273970394545,3.415559675382377,0.48068199672955303,-0.22856107576908222,3.5,3.5,0.0,0.0
1,53,0,3.0000962733276753,2.6621330873376077,0.0956184456361297,0.5005895987701494,3.0,3.7,0.0,0.0
1,53,1,2.5434072735531448,2.9653995190697438,0.4997702844189539,0.24507891324926492,3.5,3.0,0.0,0.0
1,53,2,2.7090692880298004,3.567058905695524,-0.3544897491404464,-0.08995706888826188,2.6,3.5,0.0,0.0
1,53,3,2.7266944302964315,3.4087028431093045,0.5082068257386739,-0.24762278954494713,3.5,3.5,0.0,0.0
1,54,0,3.002964826696759,2.677150775300712,0.07751882370912466,0.5004272844506236,3.0,3.7,0.0,0.0
1,54,1,2.5584003820857135,2.9727518864672215,0.4994820993467769,0.21814883653932068,3.5,3.0,0.0,0.0
1,54,2,2.698434595555587,3.5643601936288762,-0.3526385426147195,-0.10512543927184137,2.6,3.5,0.0,0.0
1,54,3,2.741940635068592,3.401274159422956,0.501057722050814,-0.15826519395592994,3.5,3.5,0.0,0.0
1,55,0,3.0052903914080327,2.692163593834231,0.06112513495207987,0.5002477690398439,3.0,3.7,0.0,0.0
1,55,1,2.573384845066117,2.9792963515634012,0.49892980245282936,0.19324014261706404,3.5,3.0,0.0,0.0
1,55,2,2.687855439277145,3.561206430450721,-0.3449025526428313,-0.1183490256057364,2.6,3.5,0.0,0.0
1,55,3,2.7569723667301163,3.396526203604278,0.4993941384047932,-0.07654115132494071,3.5,3.5,0.0,0.0
1,56,0,3.007124145456595,2.707171026905426,0.048757766255089305,0.4998482504771601,3.0,3.7,0.0,0.0
1,56,1,2.588352739139702,2.985093555841913,0.4993390804583103,0.16875371870493125,3.5,3.0,0.0,0.0
1,56,2,2.67750836269786,3.557655959682549,-0.332541766634288,-0.12926819122570765,2.6,3.5,0.0,0.0
1,56,3,2.7719541908822602,3.3942299690645297,0.5005759459765315,-0.008121950680941098,3.5,3.5,0.0,0.0
1,57,0,3.0085868784442478,2.722166474419741,0.03532126047021139,0.49986567254513936,3.0,3.7,0.0,0.0
1,57,1,2.6033329115534514,2.990156167403061,0.49872866880462796,0.14402097902795594,3.5,3.0,0.0,0.0
1,57,2,2.6675321096988314,3.553777913945778,-0.31624993630854514,-0.1373970330213758,2.6,3.5,0.0,0.0
1,57,3,2.786971469261556,3.3939863105441015,0.5013198545877177,0.041111502663367855,3.5,3.5,0.0,0.0
1,58,0,3.0096465162583543,2.737162444596095,0.025278998558310534,0.49952806664187765,3.0,3.7,0.0,0.0
1,58,1,2.6182947716175904,2.9944767967739,0.4982903519847762,0.12057638415280375,3.5,3.0,0.0,0.0
1,58,2,2.658044611609575,3.5496560029551367,-0.29664647879298156,-0.14263844672758502,2.6,3.5,0.0,0.0
1,58,3,2.8020110648991876,3.3952196556240026,0.5006779048341481,0.08515796251107308,3.5,3.5,0.0,0.0
1,59,0,3.010404886215104,2.7521482865953515,0.01463299057543696,0.4994663650902512,3.0,3.7,0.0,0.0
1,59,1,2.6332434821771336,2.998094088298484,0.49812729963058533,0.09959236614518122,3.5,3.0,0.0,0.0
1,59,2,2.6491452172457852,3.545376849553309,-0.2753860151847436,-0.14498252295223055,2.6,3.5,0.0,0.0
1,59,3,2.817031402044212,3.3977743944993346,0.499951826417255,0.11900290947474818,3.5,3.5,0.0,0.0
1,60,0,3.010843875932367,2.767132277548059,0.006948087830512525,0.49916268878247827,3.0,3.7,0.0,0.0
1,60,1,2.6481873011660513,3.0010818592828397,0.4979873203558023,0.08101283462702466,3.5,3.0,0.0,0.0
1,60,2,2.640883636790243,3.5410273738647424,-0.2525760089198359,-0.14422113851171053,2.6,3.5,0.0,0.0
1,60,3,2.8320299568367298,3.401344481783577,0.49811425829988265,0.14843607646842524,3.5,3.5,0.0,0.0
1,61,0,3.0110523185672826,2.782107158211533,0.00036408287476785706,0.4989711020582839,3.0,3.7,0.0,0.0
1,61,1,2.663126920776725,3.00351224432165,0.4977941457259746,0.06459853257024772,3.5,3.0,0.0,0.0
1,61,2,2.633306356522648,3.5367007397093913,-0.22935907229717614,-0.14102369405538523,2.6,3.5,0.0,0.0
1,61,3,2.846973384585726,3.4057975640776297,0.49670566070326616,0.17242895286933144,3.5,3.5,0.0,0.0
1,62,0,3.0110632410535256,2.7970762912732816,-0.005110903163662556,0.49878144175194283,3.0,3.7,0.0,0.0
1,62,1,2.6780607451485046,3.0054502002987578,0.4975610609868536,0.05011735957656274,3.5,3.0,0.0,0.0
1,62,2,2.6264255843537327,3.5324700288877295,-0.20624986709939822,-0.13596255588398076,2.6,3.5,0.0,0.0
1,62,3,2.8618745544068243,3.4109704326637096,0.49574281857731795,0.1913782219270668,3.5,3.5,0.0,0.0
1,63,0,3.0109099139586157,2.81203973452584,-0.009583718903169183,0.4985491605218574,3.0,3.7,0.0,0.0
1,63,1,2.69298757697811,3.0069537210860546,0.49731450071060923,0.037231293775589536,3.5,3.0,0.0,0.0
1,63,2,2.620238088340751,3.52839115221121,-0.1833240750781551,-0.1292639308446694,2.6,3.5,0.0,0.0
1,63,3,2.8767468389641437,3.4167117793215214,0.49517353513984386,0.20177900247922828,3.5,3.5,0.0,0.0
1,64,0,3.0106224023915207,2.826996209341496,-0.0131600359169953,0.4983253316482209,3.0,3.7,0.0,0.0
1,64,1,2.7079070119994286,3.0080706598993223,0.49706824285575,0.02605623361875707,3.5,3.0,0.0,0.0
1,64,2,2.6147383660884063,3.52451323428587,-0.16096477248369176,-0.1215132135486303,2.6,3.5,0.0,0.0
1,64,3,2.891602045018339,3.4227651493958984,0.4944134619928383,0.20720798059546894,3.5,3.5,0.0,0.0
1,65,0,3.010227601314011,2.8419459692909426,-0.016006926528617058,0.4981149814649546,3.0,3.7,0.0,0.0
1,65,1,2.722819059285101,3.008852346907885,0.4968232402100311,0.016335394986155494,3.5,3.0,0.0,0.0
1,65,2,2.6099094229138955,3.520867837879411,-0.13955163932257728,-0.11296861385863825,2.6,3.5,0.0,0.0
1,65,3,2.9064344488781244,3.4289813888137624,0.493700704939135,0.20910257186380551,3.5,3.5,0.0,0.0
1,66,0,3.0097473935181527,2.856889418734891,-0.018246831403811684,0.4979025520850727,3.0,3.7,0.0,0.0
1,66,1,2.737723756491402,3.00934240875747,0.4965751623978829,0.008120463338785397,3.5,3.0,0.0,0.0
1,66,2,2.605722873734218,3.517478779463652,-0.11937660199068523,-0.10395164363485354,2.6,3.5,0.0,0.0
1,66,3,2.9212454700262986,3.4352544659696767,0.4931034373593596,0.20802601273475427,3.5,3.5,0.0,0.0
1,67,0,3.0091999885760385,2.871826495297443,-0.03077527677449733,0.49779333378687496,3.0,3.7,0.0,0.0
1,67,1,2.7526210113633383,3.009586022657633,0.4961333518112553,7.573981501488025e-05,3.5,3.0,0.0,0.0
1,67,2,2.6021415756744974,3.5143602301546064,-0.10042414142269313,-0.09470174751322158,2.6,3.5,0.0,0.0
1,67,3,2.9360385731470795,3.441495246351719,0.49259204964360204,0.20405037317190702,3.5,3.5,0.0,0.0
1,68,0,3.0082767302728035,2.886760295311049,-0.07223279267665647,0.4992885345657254,3.0,3.7,0.0,0.0
1,68,1,2.767505011917676,3.0095882948520836,0.4960699675917257,-0.005579797972797562,3.5,3.0,0.0,0.0
1,68,2,2.5991288514318165,3.51151917772921,-0.0830343753925046,-0.08544672521287829,2.6,3.5,0.0,0.0
1,68,3,2.9508163346363876,3.4476167575468764,0.4928430717007303,0.20012365960410985,3.5,3.5,0.0,0.0
1,69,0,3.0061097464925037,2.9017389513480207,0.10098156951006602,0.49745566235231264,3.0,3.7,0.0,0.0
1,69,1,2.782387110945428,3.0094209009129,0.4334035446877741,-0.004939587898337663,3.5,3.0,0.0,0.0
1,69,2,2.5966378201700415,3.5089557759728236,-0.06709337733509527,-0.07625103281513695,2.6,3.5,0.0,0.0
1,69,3,2.9656016267874095,3.4536204673349995,0.49198103464501175,0.19218288729204927,3.5,3.5,0.0,0.0
1,70,0,3.0091391935778056,2.91666262121859,0.24077173679600383,0.49381360326505996,3.0,3.7,0.0,0.0
1,70,1,2.7953892172860613,3.0092727132759496,0.4939709470855468,-0.048743257851438716,3.5,3.0,0.0,0.0
1,70,2,2.594625018849989,3.5066682449883695,-0.05265439320248058,-0.06732977806431238,2.6,3.5,0.0,0.0
1,70,3,2.9803610578267596,3.459385953953761,0.4913365534047279,0.18154488140123973,3.5,3.5,0.0,0.0
1,71,0,3.0163623456816855,2.9314770293165417,0.34135203882556364,0.49521813522160163,3.0,3.7,0.0,0.0
1,71,1,2.8102083456986278,3.0078104155404066,0.5031360881386508,-0.052283798248869175,3.5,3.0,0.0,0.0
1,71,2,2.5930453870539143,3.50464835164644,-0.03970069770632609,-0.058715538701260506,2.6,3.5,0.0,0.0
1,71,3,2.9951011544289017,3.4648323003957984,0.49079612155368635,0.16908503208464384,3.5,3.5,0.0,0.0
1,72,0,3.0266029068464526,2.94633357337319,0.3948398326636733,0.4949280993082329,3.0,3.7,0.0,0.0
1,72,1,2.825302428342787,3.0062419015929405,0.4963756667535747,-0.04390042380342247,3.5,3.0,0.0,0.0
1,72,2,2.5918543661227247,3.502886885485402,-0.02821551052048267,-0.05050905876172031,2.6,3.5,0.0,0.0
1,72,3,3.0098250380755123,3.4699048513583377,0.490377885748535,0.15587416684285732,3.5,3.5,0.0,0.0
1,73,0,3.0384481018263627,2.961181416352437,0.428807919368017,0.4962854599802351,3.0,3.7,0.0,0.0
1,73,1,2.8401936983453946,3.0049248888788376,0.4909241092302542,-0.03854662436868007,3.5,3.0,0.0,0.0
1,73,2,2.59100790080711,3.5013716137225503,-0.018158077104728276,-0.0427951430366284,2.6,3.5,0.0,0.0
1,73,3,3.0245363746479685,3.4745810763636236,0.49010801803263726,0.1432922754014656,3.5,3.5,0.0,0.0
1,74,0,3.0513123394074033,2.976069980151844,0.4508638958919906,0.5080764126019123,3.0,3.7,0.0,0.0
1,74,1,2.854921421622302,3.003768490147777,0.49004353583017835,-0.03469912415109581,3.5,3.0,0.0,0.0
1,74,2,2.5904631584939684,3.5000877594314517,-0.009473622381732785,-0.035624226487205424,2.6,3.5,0.0,0.0
1,74,3,3.0392396151889476,3.4788798446256677,0.4895314700293919,0.13013220581277127,3.5,3.5,0.0,0.0
1,75,0,3.064838256284163,2.9913122725299015,0.41852081476214564,0.49924474072622715,3.0,3.7,0.0,0.0
1,75,1,2.8696227276972075,3.0027275164232443,0.49124139462808336,-0.0330536903129453,3.5,3.0,0.0,0.0
1,75,2,2.5901789498225165,3.4990190326368356,-0.002086364494100948,-0.029034619960030386,2.6,3.5,0.0,0.0
1,75,3,3.0539255592898296,3.4827838108000506,0.48900336686192725,0.1170067053303771,3.5,3.5,0.0,0.0
1,76,0,3.0773938807270276,3.0062896147516884,0.3726093305026782,0.49440136614807295,3.0,3.7,0.0,0.0
1,76,1,2.88435996953605,3.001735905713856,0.49254705645872165,-0.03142080566241579,3.5,3.0,0.0,0.0
1,76,2,2.5901163588876934,3.4981479940380344,0.004091455819519058,-0.023045938435876864,2.6,3.5,0.0,0.0
1,76,3,3.068595660295687,3.486294011959962,0.4885014969851854,0.10429724812528626,3.5,3.5,0.0,0.0
1,77,0,3.0885721606421077,3.0211216557361307,0.3614267960737033,0.49478235970769824,3.0,3.7,0.0,0.0
1,77,1,2.8991363812298117,3.0007932815439835,0.4931036891862052,-0.02948744922999543,3.5,3.0,0.0,0.0
1,77,2,2.590239102562279,3.4974566158849583,0.009157110897313261,-0.017662109940700887,2.6,3.5,0.0,0.0
1,77,3,3.0832507052052427,3.4894229294037205,0.48797758293682203,0.09214658671311396,3.5,3.5,0.0,0.0
1,78,0,3.099414964524319,3.0359651265273615,0.34918867973035195,0.496368998437108,3.0,3.7,0.0,0.0
1,78,1,2.9139294919053977,2.9999086580670835,0.49312855021692137,-0.027082912612369336,3.5,3.0,0.0,0.0
1,78,2,2.5905138158891985,3.496926752586737,0.013208785178850047,-0.01287528312538222,2.6,3.5,0.0,0.0
1,78,3,3.097890032693347,3.492187327005114,0.4874286814126694,0.08052161271156816,3.5,3.5,0.0,0.0
1,79,0,3.1098906249162295,3.0508561964804746,0.35183607236667314,0.49736966358770285,3.0,3.7,0.0,0.0
1,79,1,2.9287233484119053,2.9990961706887123,0.49292091429000084,-0.024427876374718688,3.5,3.0,0.0,0.0
1,79,2,2.590910079444564,3.496540494092976,0.016347017996790267,-0.00866916727881982,2.6,3.5,0.0,0.0
1,79,3,3.1125128931357273,3.494602975386461,0.4869821372407316,0.06966258414971832,3.5,3.5,0.0,0.0
1,80,0,3.12044570708723,3.065777286388106,0.3369704509008804,0.5000538355299048,3.0,3.7,0.0,0.0
1,80,1,2.9435109758406055,2.9983633343974705,0.49262172464046816,-0.021517477827895273,3.5,3.0,0.0,0.0
1,80,2,2.5914004899844674,3.496280419074611,0.01866961931165502,-0.005017641469352352,2.6,3.5,0.0,0.0
1,80,3,3.1271223572529494,3.4966928529109524,0.48636740767553777,0.059503069276320736,3.5,3.5,0.0,0.0
1,81,0,3.130554820614256,3.080778901454003,0.29537669701754454,0.4994291633667509,3.0,3.7,0.0,0.0
1,81,1,2.9582896275798194,2.9977178100626336,0.49229616817244926,-0.01746329688585585,3.5,3.0,0.0,0.0
1,81,2,2.591960578563817,3.4961298898305304,0.020257817975847636,-0.0019670805999307678,2.6,3.5,0.0,0.0
1,81,3,3.1417133794832157,3.4984779449892422,0.48560845412286124,0.05011201490819506,3.5,3.5,0.0,0.0
1,82,0,3.1394161215247824,3.0957617763550056,0.22121447319461923,0.49848197848119424,3.0,3.7,0.0,0.0
1,82,1,2.9730585126249927,2.997193911156058,0.49186692424733036,-0.013125110967788109,3.5,3.0,0.0,0.0
1,82,2,2.5925683131030928,3.4960708774125324,0.021239352463032143,0.0006327817872983921,2.6,3.5,0.0,0.0
1,82,3,3.1562816331069015,3.499981305436488,0.48489123109993504,0.04124047894536445,3.5,3.5,0.0,0.0
1,83,0,3.146052555720621,3.1107162357094413,0.10876032318153864,0.49227506931866283,3.0,3.7,0.0,0.0
1,83,1,2.9878145203524125,2.9968001578270242,0.4913803735178105,-0.013748386260554676,3.5,3.0,0.0,0.0
1,83,2,2.593205493676984,3.4960898608661513,0.02169164164427617,0.002800630791180758,2.6,3.5,0.0,0.0
1,83,3,3.1708283700398994,3.501218519804849,0.4841880187898845,0.03343544568638063,3.5,3.5,0.0,0.0
1,84,0,3.1493153654160673,3.1254844877890013,0.012437644243124268,0.49245865130686983,3.0,3.7,0.0,0.0
1,84,1,3.002555931557947,2.9963877062392075,0.4909839608100739,-0.011291224886417997,3.5,3.0,0.0,0.0
1,84,2,2.593856242926312,3.4961738797898865,0.021692188507842353,0.004566156334054966,2.6,3.5,0.0,0.0
1,84,3,3.185354010603596,3.5022215831754404,0.4834761090598997,0.026351492788689757,3.5,3.5,0.0,0.0
1,85,0,3.149688494743361,3.1402582473282075,-0.06441047957477486,0.49307113179764184,3.0,3.7,0.0,0.0
1,85,1,3.017285450382249,2.996048969492615,0.4905054602036919,-0.00843549271244888,3.5,3.0,0.0,0.0
1,85,2,2.5945070085815476,3.496310864479908,0.021314238991404902,0.005961461393852813,2.6,3.5,0.0,0.0
1,85,3,3.1998582938753932,3.503012127959101,0.48264717736750795,0.020020698277258095,3.5,3.5,0.0,0.0
1,86,0,3.147756180356118,3.1550503812821367,-0.1248832888490724,0.4930893265144035,3.0,3.7,0.0,0.0
1,86,1,3.0320006141883598,2.9957959047112417,0.4899747287496906,-0.005630785712097824,3.5,3.0,0.0,0.0
1,86,2,2.59514643575129,3.4964897083217235,0.020626362470344453,0.007021090282541109,2.6,3.5,0.0,0.0
1,86,3,3.2143377091964185,3.5036127489074187,0.4817116451037673,0.014466186506696108,3.5,3.5,0.0,0.0
1,87,0,3.1440096816906458,3.169843061077569,-0.17375923207348817,0.4922397579575687,3.0,3.7,0.0,0.0
1,87,1,3.0466998560508505,2.995626981139879,0.4894481717884246,-0.002276562112112468,3.5,3.0,0.0,0.0
1,87,2,2.5957652266254003,3.4967003410301998,0.019654329961806077,0.007736400501891311,2.6,3.5,0.0,0.0
1,87,3,3.2287890585495314,3.5040467345026194,0.48067815078251663,0.009579442672568397,3.5,3.5,0.0,0.0
1,88,0,3.138796904728441,3.184610253816296,-0.21290892410834442,0.4915018403812056,3.0,3.7,0.0,0.0
1,88,1,3.0613833012045033,2.9955586842765154,0.48894379703458135,7.540975703851371e-05,3.5,3.0,0.0,0.0
1,88,2,2.5963548565242545,3.4969324330452567,0.018534697450207957,0.008224729390325383,2.6,3.5,0.0,0.0
1,88,3,3.2432094030730068,3.5043341177827965,0.4795558583387963,0.00542393169981277,3.5,3.5,0.0,0.0
1,89,0,3.132409637005191,3.1993553090277325,-0.24293708134288208,0.4912833823953786,3.0,3.7,0.0,0.0
1,89,1,3.076051615115541,2.9955609465692263,0.4884161121295755,0.0016495194011737907,3.5,3.0,0.0,0.0
1,89,2,2.596910897447761,3.4971791749269663,0.017279199916571994,0.008489445538883117,2.6,3.5,0.0,0.0
1,89,3,3.2575960788231706,3.5044968357337907,0.4782689743757311,0.0018079942408658484,3.5,3.5,0.0,0.0
1,90,0,3.1251215245649044,3.2140938104995938,-0.26883575364573,0.4903634389863253,3.0,3.7,0.0,0.0
1,90,1,3.0907040984794283,2.9956104321512615,0.4878355861560999,0.0035926856660947054,3.5,3.0,0.0,0.0
1,90,2,2.597429273445258,3.4974338582931326,0.015930315943500334,0.008562906764077186,2.6,3.5,0.0,0.0
1,90,3,3.2719441480544424,3.5045510755610167,0.4768495978161412,-0.0011759563340636991,3.5,3.5,0.0,0.0
1,91,0,3.1170564519555324,3.2288047136691835,-0.28832197614735555,0.4898478022980993,3.0,3.7,0.0,0.0
1,91,1,3.105339166064111,2.9957182127212443,0.48717145173868615,0.004911522728964349,3.5,3.0,0.0,0.0
1,91,2,2.597907182923563,3.497690745496055,0.014524138688244023,0.008474963795500376,2.6,3.5,0.0,0.0
1,91,3,3.2862496359889266,3.504515796870995,0.4752106782211871,-0.003640862711379672,3.5,3.5,0.0,0.0
1,92,0,3.108406792671112,3.2435001477381267,-0.30015314646059166,0.48972780333378496,3.0,3.7,0.0,0.0
1,92,1,3.1199543096162716,2.9958655584031133,0.4865755064269971,0.005928084996404112,3.5,3.0,0.0,0.0
1,92,2,2.5983429070842106,3.49794499440992,0.01309663657315338,0.008253805596169325,2.6,3.5,0.0,0.0
1,92,3,3.300505956335562,3.5044065709896537,0.47304820891458366,-0.005514814602829182,3.5,3.5,0.0,0.0
1,93,0,3.099402198277294,3.25819198183814,-0.30528660162609966,0.48933642073849415,3.0,3.7,0.0,0.0
1,93,1,3.1345515748090818,2.9960434009530053,0.48594668114583894,0.006901066505864889,3.5,3.0,0.0,0.0
1,93,2,2.598735806181405,3.498192608577805,0.011676461403351837,0.007925334816437854,2.6,3.5,0.0,0.0
1,93,3,3.3146974026029996,3.5042411265515687,0.4706626012743852,-0.00702911223649659,3.5,3.5,0.0,0.0
1,94,0,3.090243600228511,3.272872074460295,-0.30573104181120614,0.48822101132522533,3.0,3.7,0.0,0.0
1,94,1,3.149129975243457,2.996250432948181,0.4852747341767104,0.007619329271999931,3.5,3.0,0.0,0.0
1,94,2,2.5990861000235057,3.498430368622298,0.01028746910243572,0.007513137550924878,2.6,3.5,0.0,0.0
1,94,3,3.328817280641231,3.504030253184474,0.46765813782120047,-0.008177240750563544,3.5,3.5,0.0,0.0
1,95,0,3.081071668974175,3.2875187048000516,-0.3001399471458829,0.4880760372825005,3.0,3.7,0.0,0.0
1,95,1,3.163688217268758,2.996479012826341,0.4845617592543522,0.008097371991676025,3.5,3.0,0.0,0.0
1,95,2,2.599394724096579,3.4986557627488257,0.008947386580830871,0.0070382466846048986,2.6,3.5,0.0,0.0
1,95,3,3.342847024775867,3.5037849359619573,0.46343806627279605,-0.009041795619909088,3.5,3.5,0.0,0.0
1,96,0,3.0720674705597983,3.3021609859185266,-0.2895603082181698,0.4875653706543033,3.0,3.7,0.0,0.0
1,96,1,3.1782250700463885,2.9967219339860915,0.4837991424964737,0.008413041115093847,3.5,3.0,0.0,0.0
1,96,2,2.599663145694004,3.498866910149364,0.007672812651518424,0.006519490326517843,2.6,3.5,0.0,0.0
1,96,3,3.356750166764051,3.50351368209336,0.4572735888166577,-0.009587011613202023,3.5,3.5,0.0,0.0
1,97,0,3.063380661313253,3.3167879470381556,-0.27549294352161324,0.48684567527628775,3.0,3.7,0.0,0.0
1,97,1,3.1927390443212826,2.9969743252195444,0.48305035235408744,0.008538141942940447,3.5,3.0,0.0,0.0
1,97,2,2.5998933300735496,3.4990624948591593,0.006476829716156207,0.0059904540861894645,2.6,3.5,0.0,0.0
1,97,3,3.3704683744285506,3.503226071744964,0.4477201421744482,-0.00985123521964959,3.5,3.5,0.0,0.0
1,98,0,3.0551158730076047,3.331393317296444,-0.25932744860035906,0.48613330483350126,3.0,3.7,0.0,0.0
1,98,1,3.2072305548919053,2.9972304694778327,0.4821780959997706,0.008549747571488062,3.5,3.0,0.0,0.0
1,98,2,2.600087634965034,3.499242208481745,0.005362695614664112,0.005441587797129305,2.6,3.5,0.0,0.0
1,98,3,3.3838999786937842,3.5029305346883746,0.43364681590178245,-0.00988322867709962,3.5,3.5,0.0,0.0
1,99,0,3.047336049549594,3.345977316441449,-0.24220893801489288,0.48549158513584756,3.0,3.7,0.0,0.0
1,99,1,3.2216958977718986,2.9974869619049773,0.4811884920917453,0.008372410933831231,3.5,3.0,0.0,0.0
1,99,2,2.6002485158334743,3.499405456115659,0.004340754211346776,0.00489065477597278,2.6,3.5,0.0,0.0
1,99,3,3.3969093831708377,3.5026340378280616,0.4152474883338386,-0.009751959435353896,3.5,3.5,0.0,0.0
1,100,0,3.040069781409147,3.3605420639955246,-0.2239378175163648,0.48469315074632835,3.0,3.7,0.0,0.0
1,100,1,3.236131552534651,2.9977381342329923,0.48012879555266275,0.008194307416145408,3.5,3.0,0.0,0.0
1,100,2,2.6003787384598147,3.499552175758938,0.0034112993195085373,0.004344831899749463,2.6,3.5,0.0,0.0
1,100,3,3.4093668078208528,3.502341479045001,0.3935261365185492,-0.00943516568245191,3.5,3.5,0.0,0.0
1,101,0,3.033351646883656,3.3750828585179145,-0.20487716307403278,0.48396222789546217,3.0,3.7,0.0,0.0
1,101,1,3.2505354164012306,2.997983963455477,0.4789174037494378,0.007871633574076067,3.5,3.0,0.0,0.0
1,101,2,2.6004810774394,3.4996825207159303,0.0025751424653105426,0.0038130039203615185,2.6,3.5,0.0,0.0
1,101,3,3.421172591916409,3.5020584240745274,0.3695082458070229,-0.008992570262314828,3.5,3.5,0.0,0.0
1,102,0,3.027205331991435,3.3896017253547783,-0.18538187427277572,0.4831928520901536,3.0,3.7,0.0,0.0
1,102,1,3.2649029385137136,2.998220112462699,0.4775658456614278,0.007479148644821729,3.5,3.0,0.0,0.0
1,102,2,2.6005583317133594,3.4997969108335414,0.0018314514006328442,0.0033025473282573686,2.6,3.5,0.0,0.0
1,102,3,3.43225783929062,3.501788646966658,0.3440258083478499,-0.008506139496782056,3.5,3.5,0.0,0.0
1,103,0,3.0216438757632518,3.404097510917483,-0.16662836255538585,0.482342111152653,3.0,3.7,0.0,0.0
1,103,1,3.2792299138835563,2.9984444869220437,0.47605359601919905,0.007060946446536265,3.5,3.0,0.0,0.0
1,103,2,2.6006132752553786,3.4998959872533892,0.0011779731910053076,0.0028191182622281236,2.6,3.5,0.0,0.0
1,103,3,3.4425786135410554,3.5015334627817545,0.3177713952283936,-0.0076996883026920065,3.5,3.5,0.0,0.0
1,104,0,3.01664502488659,3.418567774252063,-0.1480585094260588,0.48141875051262617,3.0,3.7,0.0,0.0
1,104,1,3.2935115217641324,2.99865631531544,0.474260417992974,0.006618597226666509,3.5,3.0,0.0,0.0
1,104,2,2.6006486144511087,3.499980560801256,0.0006112651106864042,0.002366768566991251,2.6,3.5,0.0,0.0
1,104,3,3.4521117553979073,3.5013024721326738,0.290606145806469,-0.007050913757650129,3.5,3.5,0.0,0.0
1,105,0,3.0122032696038086,3.4330103367674414,-0.1301181814129506,0.480351148581579,3.0,3.7,0.0,0.0
1,105,1,3.3077393343039216,2.99885487323224,0.47195522548249047,0.006173820884149334,3.5,3.0,0.0,0.0
1,105,2,2.6006669524044295,3.500051563858266,0.00012288755998335343,0.001916693994880203,2.6,3.5,0.0,0.0
1,105,3,3.4608299397721014,3.501090944719944,0.2635298918110628,-0.006374979370921144,3.5,3.5,0.0,0.0
1,106,0,3.00829972416142,3.447420871224889,-0.11302607137828305,0.47919628357582844,3.0,3.7,0.0,0.0
1,106,1,3.3218979910683966,2.9990400878587646,0.4691988042449263,0.005738550640327217,3.5,3.0,0.0,0.0
1,106,2,2.600670639031229,3.5001090646781123,-0.0002871633111003885,0.001527080293562466,2.6,3.5,0.0,0.0
1,106,3,3.468735836526433,3.5008996953388163,0.23662957253045538,-0.005859691601557276,3.5,3.5,0.0,0.0
1,107,0,3.0049089420200716,3.4617967597321635,-0.09682342023801832,0.4778513630610488,3.0,3.7,0.0,0.0
1,107,1,3.3359739551957444,2.9992122443779743,0.4657818426070116,0.0052444960088405684,3.5,3.0,0.0,0.0
1,107,2,2.600662024131896,3.5001548770869193,-0.0006225572587085504,0.0011774738681739477,2.6,3.5,0.0,0.0
1,107,3,3.475834723702347,3.5007239045907697,0.2103837605027668,-0.0052123213420207926,3.5,3.5,0.0,0.0
1,108,0,3.002004239412931,3.476132300623995,-0.081624832684461,0.47636450683813747,3.0,3.7,0.0,0.0
1,108,1,3.3499474104739546,2.9993695792582393,0.4606554445527479,0.0047315803573082515,3.5,3.0,0.0,0.0
1,108,2,2.6006433474141346,3.5001902013029644,-0.0008897084012727124,0.000866351361817827,2.6,3.5,0.0,0.0
1,108,3,3.48214623651743,3.500567534950509,0.18500608884189051,-0.004491666619962559,3.5,3.5,0.0,0.0
1,109,0,2.999555494432397,3.4904232358291387,-0.06752360997700527,0.47467361678729136,3.0,3.7,0.0,0.0
1,109,1,3.363767073810537,2.9995115266689587,0.4529587012162962,0.004224522049247559,3.5,3.0,0.0,0.0
1,109,2,2.6006166561620963,3.500216191843819,-0.0010955893866661376,0.0005919423289768716,2.6,3.5,0.0,0.0
1,109,3,3.4876964191826865,3.50043278495191,0.1606978694347358,-0.003925793027083388,3.5,3.5,0.0,0.0
1,110,0,2.997529786133087,3.5046634443327576,-0.054632778920854774,0.47262178069156924,3.0,3.7,0.0,0.0
1,110,1,3.377355834847026,2.999638262330436,0.4411571795806797,0.0037419553897038577,3.5,3.0,0.0,0.0
1,110,2,2.6005837884804963,3.5002339501136883,-0.001247089080078631,0.0003527285324762125,2.6,3.5,0.0,0.0
1,110,3,3.4925173552657287,3.5003150111610974,0.13775491136673473,-0.0031782110316888462,3.5,3.5,0.0,0.0
1,111,0,2.9958908027654614,3.5188420977535046,-0.043000385863586565,0.4700333536742407,3.0,3.7,0.0,0.0
1,111,1,3.3905905502344464,2.9997505209921274,0.4247788447099333,0.003261182257395523,3.5,3.0,0.0,0.0
1,111,2,2.600546375808094,3.5002445319696625,-0.0013511104313472244,0.000144800957389557,2.6,3.5,0.0,0.0
1,111,3,3.4966500026067306,3.500219664830147,0.11610789106924817,-0.002672517504306471,3.5,3.5,0.0,0.0
1,112,0,2.9946007911895536,3.5329430983637318,-0.032612927435199446,0.466858209842695,3.0,3.7,0.0,0.0
1,112,1,3.4033339155757445,2.9998483564598493,0.4045632926904966,0.0028609943226033524,3.5,3.0,0.0,0.0
1,112,2,2.6005058424951537,3.500248875998384,-0.0014211155308037626,-3.068372103773309e-05,2.6,3.5,0.0,0.0
1,112,3,3.5001332393388083,3.5001394893050177,0.09623577853390917,-0.0022388832705510786,3.5,3.5,0.0,0.0
1,113,0,2.9936224033664978,3.5469488446590125,-0.023286441787719117,0.4620813858909807,3.0,3.7,0.0,0.0
1,113,1,3.4154708143564596,2.9999341862895275,0.3815460728728115,0.0024584534009953335,3.5,3.0,0.0,0.0
1,113,2,2.6004632090292294,3.500247955486753,-0.0014547302424090525,-0.00017629336664358453,2.6,3.5,0.0,0.0
1,113,3,3.5030203126948254,3.500072322806901,0.07812118765977091,-0.001867131253340662,3.5,3.5,0.0,0.0
1,114,0,2.9929238101128663,3.560811286235742,-0.015165453916362287,0.45486121113721933,3.0,3.7,0.0,0.0
1,114,1,3.426917196542644,3.000007939891557,0.3566242550736676,0.0020781562223725625,3.5,3.0,0.0,0.0
1,114,2,2.600419567121957,3.500242666685754,-0.0014561906564904276,-0.0002938447007726497,2.6,3.5,0.0,0.0
1,114,3,3.5053639483246184,3.500016308869301,0.061647590095925825,-0.0015641485518172876,3.5,3.5,0.0,0.0
1,115,0,2.9924688464953753,3.5744571225698585,-0.008093729031580343,0.443962309543815,3.0,3.7,0.0,0.0
1,115,1,3.437615924194854,3.000070284578228,0.3305778995520814,0.0018215093652894226,3.5,3.0,0.0,0.0
1,115,2,2.6003758814022624,3.5002338513447304,-0.001431488139977094,-0.00038569329871644686,2.6,3.5,0.0,0.0
1,115,3,3.5072133760274964,3.499969384412746,0.04696709546778467,-0.001264276840453521,3.5,3.5,0.0,0.0
1,116,0,2.992226034624428,3.587775991856173,-0.0019417844363686793,0.4286158626209705,3.0,3.7,0.0,0.0
1,116,1,3.4475332611814165,3.000124929859187,0.3040843629105178,0.001585470056215843,3.5,3.0,0.0,0.0
1,116,2,2.600332936758063,3.500222280545769,-0.001385937281308633,-0.0004549172202255869,2.6,3.5,0.0,0.0
1,116,3,3.50862238889153,3.4999314561075328,0.03393623930766167,-0.0009887473341209235,3.5,3.5,0.0,0.0
1,117,0,2.9921677810913367,3.600634467734802,0.0030039322568154864,0.40917141713766647,3.0,3.7,0.0,0.0
1,117,1,3.456655792068732,3.0001724939608736,0.2770558206231477,0.0012810068919936607,3.5,3.0,0.0,0.0
1,117,2,2.6002913586396237,3.500208633029162,-0.0013239604670274296,-0.0005044828872117352,2.6,3.5,0.0,0.0
1,117,3,3.50964047607076,3.499901793687509,0.02250312864189072,-0.000739888045840062,3.5,3.5,0.0,0.0
1,118,0,2.9922578990590414,3.612909610248932,0.007007030701809941,0.38666736100484644,3.0,3.7,0.0,0.0
1,118,1,3.4649674666874266,3.0002109241676336,0.2500317763705071,0.0010190285284018552,3.5,3.0,0.0,0.0
1,118,2,2.600251639825613,3.500193498542546,-0.001249377499657256,-0.0005369697441623272,2.6,3.5,0.0,0.0
1,118,3,3.5103155699300164,3.499879597046134,0.012599809258389535,-0.0005231165045570391,3.5,3.5,0.0,0.0
1,119,0,2.992468109980096,3.624509631079077,0.010464973673584774,0.3621566560326809,3.0,3.7,0.0,0.0
1,119,1,3.472468419978542,3.0002414950234857,0.22341652388649985,0.0007855639865298747,3.5,3.0,0.0,0.0
1,119,2,2.600214158500623,3.500177389450221,-0.0011655573333817643,-0.0005546771102351022,2.6,3.5,0.0,0.0
1,119,3,3.510693564207768,3.499863903550997,0.004143850541769162,-0.00033737466805858207,3.5,3.5,0.0,0.0
1,120,0,2.9927820591903034,3.6353743307600577,0.012897398940466986,0.3365618730586124,3.0,3.7,0.0,0.0
1,120,1,3.479170915695137,3.0002650619430815,0.19748845854141756,0.0005732016239900356,3.5,3.0,0.0,0.0
1,120,2,2.600179191780622,3.500160749136914,-0.0010754621707112222,-0.0005597244830181092,2.6,3.5,0.0,0.0
1,120,3,3.510817879724021,3.4998537823109555,-0.0029579241824840286,-0.00018140103364649995,3.5,3.5,0.0,0.0
1,121,0,2.9931689811585174,3.645471186951816,0.014778659461016419,0.30997448578575004,3.0,3.7,0.0,0.0
1,121,1,3.4850955694513797,3.000282257991801,0.17251104795296718,0.0003866837101305365,3.5,3.0,0.0,0.0
1,121,2,2.6001469279155005,3.5001439574024236,-0.000981673779889794,-0.0005540992023478075,2.6,3.5,0.0,0.0
1,121,3,3.5107291419985467,3.499848340279946,-0.008807572806716485,-5.2197574932827395e-05,3.5,3.5,0.0,0.0
1,122,0,2.993612340942348,3.6547704215253884,0.016049854805255837,0.2830733276780112,3.0,3.7,0.0,0.0
1,122,1,3.4902709008899686,3.000293858503105,0.1488700323506426,0.00037633856697545653,3.5,3.0,0.0,0.0
1,122,2,2.6001174777021037,3.5001273344263533,-0.0008864179562805968,-0.0005396598187585172,2.6,3.5,0.0,0.0
1,122,3,3.510464914814345,3.499846774352698,-0.013513147453802152,5.2485890407488744e-05,3.5,3.5,0.0,0.0
1,123,0,2.9940938365865057,3.6632626213557287,0.01682525566860793,0.25606425705713953,3.0,3.7,0.0,0.0
1,123,1,3.494737001860488,3.0003051486601144,0.1265736150277856,0.0002493075927863242,3.5,3.0,0.0,0.0
1,123,2,2.6000908851634152,3.5001111446317905,-0.0007915867309086222,-0.000518129263524264,2.6,3.5,0.0,0.0
1,123,3,3.510059520390731,3.4998483489294103,-0.017128321903449456,0.0001150288348943096,3.5,3.5,0.0,0.0
1,124,0,2.994598594256564,3.670944549067443,0.01719379228396191,0.22940276633771375,3.0,3.7,0.0,0.0
1,124,1,3.4985342103113215,3.000312627887898,0.10589804683877006,3.94585887834864e-06,3.5,3.0,0.0,0.0
1,124,2,2.600067137561488,3.500095600753885,-0.000698758892189677,-0.0004910782845007899,2.6,3.5,0.0,0.0
1,124,3,3.5095456707336274,3.4998517997944574,-0.01985616325640774,0.00018287769086076933,3.5,3.5,0.0,0.0
1,125,0,2.9951144080250827,3.6778266320575743,0.017121796153393043,0.20324770252055432,3.0,3.7,0.0,0.0
1,125,1,3.5017111517164845,3.0003127462636647,0.08687017813325765,-0.00012061581698712132,3.5,3.0,0.0,0.0
1,125,2,2.6000461747947226,3.50008086840535,-0.000609221884896094,-0.000459917144799149,2.6,3.5,0.0,0.0
1,125,3,3.5089499858359354,3.499857286125183,-0.021792600125168343,0.00023839462702801573,3.5,3.5,0.0,0.0
1,126,0,2.9956280619096844,3.683924063133191,0.01683403066196268,0.17816371841417686,3.0,3.7,0.0,0.0
1,126,1,3.504317257060482,3.000309127789155,0.06956843932965874,-0.00023352366079068543,3.5,3.0,0.0,0.0
1,126,2,2.6000278981381757,3.500067070891006,-0.0005239936782811816,-0.00042589243249402386,2.6,3.5,0.0,0.0
1,126,3,3.5082962078321804,3.499864437963994,-0.023022990158434675,0.00025153878742233127,3.5,3.5,0.0,0.0
1,127,0,2.996133082829543,3.689268974685616,0.016298723864538386,0.15422205182030765,3.0,3.7,0.0,0.0
1,127,1,3.506404310240372,3.000302122079331,0.0539355447581923,0.0001778186380866631,3.5,3.0,0.0,0.0
1,127,2,2.600012178327827,3.5000542941180313,-0.00044384713262217435,-0.00039008712003349433,2.6,3.5,0.0,0.0
1,127,3,3.5076055181274275,3.499871984127617,-0.023641330107477057,0.0002860360442933779,3.5,3.5,0.0,0.0
1,128,0,2.996622044545479,3.6938956362402253,0.01555907582345449,0.13164071559808307,3.0,3.7,0.0,0.0
1,128,1,3.5080223765831176,3.0003074566384735,0.040090199769819646,-2.0453141929485663e-05,3.5,3.0,0.0,0.0
1,128,2,2.5999988629138486,3.5000425915044304,-0.00036933557416281293,-0.00035343092187609115,2.6,3.5,0.0,0.0
1,128,3,3.506896278224203,3.4998805652089455,-0.023761671922576166,0.0003116262331255004,3.5,3.5,0.0,0.0
1,129,0,2.997088816820183,3.697844857708168,0.014666811980932004,0.11057773890513825,3.0,3.7,0.0,0.0
1,129,1,3.5092250825762124,3.0003068430442155,0.027868235055691234,-0.00021258961791900677,3.5,3.0,0.0,0.0
1,129,2,2.5999877828466236,3.500031988576774,-0.00030700245397699555,-0.00034044859362218627,2.6,3.5,0.0,0.0
1,129,3,3.506183428066526,3.4998899139959394,-0.02344566922663828,0.00032634295343277053,3.5,3.5,0.0,0.0
1,130,0,2.997528821179611,3.701162189875322,0.013661142167105997,0.09114703401568838,3.0,3.7,0.0,0.0
1,130,1,3.510061129627883,3.0003004653556777,0.017214853673204675,-0.00036263739788336413,3.5,3.0,0.0,0.0
1,130,2,2.5999785727730043,3.5000217751189653,-0.0002408791098466173,-0.0003013767368800768,2.6,3.5,0.0,0.0
1,130,3,3.5054800579897267,3.4998997042845423,-0.022765516271611302,0.0003146265973586193,3.5,3.5,0.0,0.0
1,131,0,2.9979386554446243,3.703896600895793,0.012581163717091295,0.07341313593468099,3.0,3.7,0.0,0.0
1,131,1,3.510577575238079,3.000289586233741,0.008052733805406234,-0.0004663966776467521,3.5,3.0,0.0,0.0
1,131,2,2.599971346399709,3.5000127338168587,-0.00018023592650599773,-0.00026270242854890824,2.6,3.5,0.0,0.0
1,131,3,3.5047970925015783,3.499909143082463,-0.02179946612546202,0.00029753059142895166,3.5,3.5,0.0,0.0
1,132,0,2.998316090356137,3.7060989949738334,0.01146037031307745,0.057396352674248224,3.0,3.7,0.0,0.0
1,132,1,3.510819157252241,3.0002755943334116,0.0002927326361373689,-0.0005303591183477285,3.5,3.0,0.0,0.0
1,132,2,2.5999659393219137,3.500004852744002,-0.00012737642460512733,-0.00022581848205670274,2.6,3.5,0.0,0.0
1,132,3,3.5041431085178143,3.4999180690002056,-0.020612876007475744,0.00027841290052081635,3.5,3.5,0.0,0.0
1,133,0,2.9986599014655297,3.707820885554061,0.010326270745357108,0.04308203360878979,3.0,3.7,0.0,0.0
1,133,1,3.510827939231325,3.0002596835598614,-0.006163161682863627,-0.0005673803351359807,3.5,3.0,0.0,0.0
1,133,2,2.5999621180291754,3.4999980781895403,-8.131928434496061e-05,-0.00019166093558511954,2.6,3.5,0.0,0.0
1,133,3,3.50352472223759,3.4999264213872214,-0.019263659445829112,0.00025841899880028885,3.5,3.5,0.0,0.0
1,134,0,2.9989696895878906,3.709113346562325,0.009199741506670883,0.030430434074238094,3.0,3.7,0.0,0.0
1,134,1,3.510643044380839,3.0002426621498075,-0.011420093434151513,-0.0005893922463764273,3.5,3.0,0.0,0.0
1,134,2,2.599959678450645,3.499992328361473,-4.161153373014037e-05,-0.00016040315381768422,2.6,3.5,0.0,0.0
1,134,3,3.502946812454215,3.4999341739571856,-0.017802514927567625,0.00023781036212967843,3.5,3.5,0.0,0.0
1,135,0,2.9992456818330906,3.710026259584552,0.008100466849422172,0.01937870428503946,3.0,3.7,0.0,0.0
1,135,1,3.5103004415778143,3.0002249803824164,-0.015520098973895613,-0.0006227901498866706,3.5,3.0,0.0,0.0
1,135,2,2.5999584301046332,3.4999875162668586,-7.68168128671698e-06,-0.00013188471058370177,2.6,3.5,0.0,0.0
1,135,3,3.502412737006388,3.4999413082680495,-0.0162733460592297,0.000216609288489919,3.5,3.5,0.0,0.0
1,136,0,2.9994886958385734,3.710607620713103,0.007042685244951677,0.009848858714723935,3.0,3.7,0.0,0.0
1,136,1,3.5098348386085974,3.00020629667792,-0.018675880925398194,-0.0006458976444529002,3.5,3.0,0.0,0.0
1,136,2,2.5999581996541945,3.499983559725541,2.108538195937093e-05,-0.00010591370524036525,2.6,3.5,0.0,0.0
1,136,3,3.5019245366246112,3.4999478065467042,-0.014713786408374799,0.00019491757768051732,3.5,3.5,0.0,0.0
1,137,0,2.999699976395922,3.710903086474545,0.006038181033810014,0.001750967625460259,3.0,3.7,0.0,0.0
1,137,1,3.509274562180835,3.0001869197485864,-0.02099581985449661,-0.000640025449222606,3.5,3.0,0.0,0.0
1,137,2,2.5999588322156533,3.4999803823143836,4.528111458833306e-05,-8.238378586715445e-05,2.6,3.5,0.0,0.0
1,137,3,3.50148312303236,3.4999536540740346,-0.013155726116695812,0.00017300961749379395,3.5,3.5,0.0,0.0
1,138,0,2.9998811218269363,3.7109556155033085,0.005095526902769362,-0.005013944430377754,3.0,3.7,0.0,0.0
1,138,1,3.5086446875852,3.00016771898511,-0.022577574967691652,-0.0006255735331599926,3.5,3.0,0.0,0.0
1,138,2,2.599960190649091,3.4999779108008076,6.544371999138432e-05,-6.128111234471323e-05,2.6,3.5,0.0,0.0
1,138,3,3.5010884512488594,3.4999588443625593,-0.011625796872458322,0.00015128990887167126,3.5,3.5,0.0,0.0
1,139,0,3.0000339876340196,3.710805197170397,0.00422104470290717,-0.010550883458547641,3.0,3.7,0.0,0.0
1,139,1,3.5079673603361696,3.0001489517791153,-0.023484892641532917,-0.000617676041176532,3.5,3.0,0.0,0.0
1,139,2,2.599962153960691,3.499976072367437,8.198045824778233e-05,-4.2631117337751934e-05,2.6,3.5,0.0,0.0
1,139,3,3.5007396773426858,3.4999633830598254,-0.010145813296126918,0.00013019975353141533,3.5,3.5,0.0,0.0
1,140,0,3.000160618975107,3.7104886706666407,0.003418404690604074,-0.01496965763721235,3.0,3.7,0.0,0.0
1,140,1,3.5072628135569235,3.00013042149788,-0.023843507330249175,-0.0005876971373186546,3.5,3.0,0.0,0.0
1,140,2,2.5999646133744383,3.499974793433917,9.505967834311235e-05,-2.6423472250555746e-05,2.6,3.5,0.0,0.0
1,140,3,3.500435302943802,3.499967289052431,-0.008734343355715199,0.00012674933705393576,3.5,3.5,0.0,0.0
1,141,0,3.000263171115825,3.7100395809375244,0.0027030934689271924,-0.018345896748489035,3.0,3.7,0.0,0.0
1,141,1,3.506547508337016,3.0001127905837603,-0.023724133061463787,-0.0005551582773112851,3.5,3.0,0.0,0.0
1,141,2,2.5999674651647884,3.4999740007297495,0.00010472302669546629,-1.257187241041069e-05,2.6,3.5,0.0,0.0
1,141,3,3.5001732726431305,3.499971091532543,-0.007402967634211263,0.0001221827165430317,3.5,3.5,0.0,0.0
1,142,0,3.0003442639198927,3.7094892040350698,0.0020603725758474023,-0.020839210899175523,3.0,3.7,0.0,0.0
1,142,1,3.505835784345172,3.000096135835441,-0.023203293930443555,-0.0005356664009807111,3.5,3.0,0.0,0.0
1,142,2,2.5999706068555892,3.499973623573577,0.00011116820739831557,-9.541516181738041e-07,2.6,3.5,0.0,0.0
1,142,3,3.499951183614104,3.499974757014039,-0.006161649335760855,0.0001152681920023324,3.5,3.5,0.0,0.0
1,143,0,3.000406075097168,3.7088640277080946,0.0014864506944641254,-0.022560982515605205,3.0,3.7,0.0,0.0
1,143,1,3.5051396855272587,3.0000800658434117,-0.02236311573646889,-0.0005111504425440866,3.5,3.0,0.0,0.0
1,143,2,2.599973941901811,3.4999735949490285,0.00011471350942580949,8.530098863382407e-06,2.6,3.5,0.0,0.0
1,143,3,3.4997663341340313,3.499978215059799,-0.005017184860405366,0.00010660496670818198,3.5,3.5,0.0,0.0
1,144,0,3.0004506686180017,3.7081871982326264,0.0009696519241208512,-0.02360518430823967,3.0,3.7,0.0,0.0
1,144,1,3.5044687920551647,3.000064731330135,-0.02127226055828109,-0.0004810517386603652,3.5,3.0,0.0,0.0
1,144,2,2.599977383307094,3.4999738508519944,0.00011565135361515932,1.5927698057763284e-05,2.6,3.5,0.0,0.0
1,144,3,3.499615818588219,3.4999814132088,-0.0039735766658014066,9.718839568911841e-05,3.5,3.5,0.0,0.0
1,145,0,3.000479758175725,3.7074790427033792,0.0005315029211426098,-0.02406864459190171,3.0,3.7,0.0,0.0
1,145,1,3.5038306242384163,3.000050299777975,-0.01999177703634293,-0.0004467028818198465,3.5,3.0,0.0,0.0
1,145,2,2.5999808528477026,3.4999743286829363,0.00011396454293394198,2.1187289020688227e-05,2.6,3.5,0.0,0.0
1,145,3,3.499496611288245,3.4999843288606707,-0.003032393017569829,8.784158258733077e-05,3.5,3.5,0.0,0.0
1,146,0,3.0004957032633595,3.706756983365622,0.00015661219206478116,-0.024035152781331698,3.0,3.7,0.0,0.0
1,146,1,3.503230870927326,3.0000368986915205,-0.018575441164116233,-0.0004098778359595684,3.5,3.0,0.0,0.0
1,146,2,2.5999842717839905,3.499974964301607,0.00010834536812372175,2.4271135981801528e-05,2.6,3.5,0.0,0.0
1,146,3,3.4994056394977178,3.4999869641081482,-0.002193135449447395,7.903151789560858e-05,3.5,3.5,0.0,0.0
1,147,0,3.0005004016291212,3.7060359287821822,-0.00015891484422794755,-0.023586687550384552,3.0,3.7,0.0,0.0
1,147,1,3.5026736076924028,3.000024602356442,-0.017070205411458955,-0.0003721554036524022,3.5,3.0,0.0,0.0
1,147,2,2.5999875221450344,3.499975692435686,9.72837778045188e-05,2.6231102475141044e-05,2.6,3.5,0.0,0.0
1,147,3,3.499339845434234,3.499989335053685,-0.0014535968278221734,7.089992306860693e-05,3.5,3.5,0.0,0.0
1,148,0,3.0004956341837943,3.705328328155671,-0.0004195575653928446,-0.022799771188402762,3.0,3.7,0.0,0.0
1,148,1,3.502161501530059,3.0000134376943324,-0.015516688109295393,-0.0003346813194985976,3.5,3.0,0.0,0.0
1,148,2,2.5999904406583685,3.4999764793687604,8.963200372594238e-05,2.7483527586663614e-05,2.6,3.5,0.0,0.0
1,148,3,3.4992962375293994,3.4999914620513772,-0.0007875562485119836,3.826064879618174e-05,3.5,3.5,0.0,0.0
1,149,0,3.0004830474568327,3.704644335020019,-0.0006303253837284528,-0.021751186522086838,3.0,3.7,0.0,0.0
1,149,1,3.50169600088678,3.0000033972547473,-0.013949638272302833,-0.00029816875897745176,3.5,3.0,0.0,0.0
1,149,2,2.5999931296184804,3.499977303874588,8.030478948603537e-05,2.8316214459728206e-05,2.6,3.5,0.0,0.0
1,149,3,3.499272610841944,3.499992609870841,-0.00022806851264947636,3.329587944182755e-05,3.5,3.5,0.0,0.0
1,150,0,3.000464137695321,3.7039917994243563,-0.0007954116607898631,-0.020497245286007687,3.0,3.7,0.0,0.0
1,150,1,3.501277511738611,2.999994452191978,-0.012398361697116389,-0.0002630158470783711,3.5,3.0,0.0,0.0
1,150,2,2.599995538762165,3.4999781533610217,6.900305950520436e-05,2.8447876682505258e-05,2.6,3.5,0.0,0.0
1,150,3,3.4992657687865645,3.4999936087472245,0.00023988315625855794,2.9970906065449054e-05,3.5,3.5,0.0,0.0
1,151,0,3.0004402753454973,3.703376882065776,-0.0009194779517412294,-0.019093293463823935,3.0,3.7,0.0,0.0
1,151,1,3.5009055608876976,2.999986561716566,-0.010887121784839998,-0.0002294449571273588,3.5,3.0,0.0,0.0
1,151,2,2.59999760885395,3.499979006797322,6.310614998819575e-05,2.7965371742336154e-05,2.6,3.5,0.0,0.0
1,151,3,3.499272965281252,3.4999945078744066,0.0006244634084972417,2.658785857435897e-05,3.5,3.5,0.0,0.0
1,152,0,3.000412691006945,3.7028040832618614,-0.0010071415060986938,-0.017588773060657995,3.0,3.7,0.0,0.0
1,152,1,3.5005789472341524,2.9999796783678523,-0.009435534512036076,-0.00019760763739597176,3.5,3.0,0.0,0.0
1,152,2,2.59999950203845,3.499979845758474,5.587055690345344e-05,2.799100992585679e-05,2.6,3.5,0.0,0.0
1,152,3,3.499291699183507,3.499995305510164,0.000933421424670941,2.0138251150075837e-05,3.5,3.5,0.0,0.0
1,153,0,3.0003824767617617,3.7022764200700418,-0.001062898538786619,-0.016026665830149833,3.0,3.7,0.0,0.0
1,153,1,3.500295881198791,2.9999737501387305,-0.008058971425759773,-0.00016764101619867744,3.5,3.0,0.0,0.0
1,153,2,2.600001178155157,3.499980685488772,5.069170042125426e-05,2.698373637843865e-05,2.6,3.5,0.0,0.0
1,153,3,3.499319701826247,3.4999959096576987,0.0011749395631287796,1.4090542326761213e-05,3.5,3.5,0.0,0.0
1,154,0,3.000350589805598,3.701795620095137,-0.0010908156012874315,-0.014435702850907839,3.0,3.7,0.0,0.0
1,154,1,3.5000541120560182,2.9999687209082446,-0.006769619816798161,-0.0001232294880994106,3.5,3.0,0.0,0.0
1,154,2,2.6000026989061698,3.499981495000863,4.77651771795401e-05,2.664305861485583e-05,2.6,3.5,0.0,0.0
1,154,3,3.499354950013141,3.4999963323739687,0.0013561490693339284,9.13048240153147e-06,3.5,3.5,0.0,0.0
1,155,0,3.0003178653375597,3.70136254900961,-0.0010952358258775052,-0.012855493740110385,3.0,3.7,0.0,0.0
1,155,1,3.499851023461514,2.9999650240236018,-0.005574432038277274,-8.334550760126513e-05,3.5,3.0,0.0,0.0
1,155,2,2.600004131861485,3.4999822942926215,4.1626384775630965e-05,2.5467617422753053e-05,2.6,3.5,0.0,0.0
1,155,3,3.499395634485221,3.4999966062884407,0.0014840870987747057,6.83209586581357e-06,3.5,3.5,0.0,0.0
1,156,0,3.000285008262783,3.7009768841974067,-0.0010799843407628268,-0.011312591416077336,3.0,3.7,0.0,0.0
1,156,1,3.4996837905003657,2.9999625236583736,-0.0044787127071119065,-4.948949571659256e-05,3.5,3.0,0.0,0.0
1,156,2,2.600005380653028,3.499983058321144,3.857031639803443e-05,2.414899028599371e-05,2.6,3.5,0.0,0.0
1,156,3,3.499440157098184,3.4999968112513167,0.001571784700487855,3.755579866565606e-06,3.5,3.5,0.0,0.0
1,157,0,3.0002526087325605,3.700637506454924,-0.0010485600063740996,-0.009827492808378108,3.0,3.7,0.0,0.0
1,157,1,3.4995494291191522,2.999961038973502,-0.0034851517633566614,-2.121195785056984e-05,3.5,3.0,0.0,0.0
1,157,2,2.60000653776252,3.499983782790853,3.095390949459098e-05,2.2950737170096547e-05,2.6,3.5,0.0,0.0
1,157,3,3.4994873106391986,3.4999969239187125,0.0016114246522577619,-4.566671551603507e-06,3.5,3.5,0.0,0.0
1,158,0,3.000221151932369,3.700342681670673,-0.0010041548191654787,-0.008416100041865895,3.0,3.7,0.0,0.0
1,158,1,3.4994448745662514,2.9999604026147666,-0.0025942253692406575,2.446444033549211e-06,3.5,3.0,0.0,0.0
1,158,2,2.6000074663798047,3.499984471312968,2.7891122805032142e-05,2.1163192347170567e-05,2.6,3.5,0.0,0.0
1,158,3,3.4995356533787665,3.499996786918566,0.001610989552201833,-1.0546982844278352e-05,3.5,3.5,0.0,0.0
1,159,0,3.0001910272877943,3.700090198669417,-0.0009496593404424852,-0.007090442568911073,3.0,3.7,0.0,0.0
1,159,1,3.4993670478051744,2.999960476008088,-0.0018045366254553358,2.236548852986575e-05,3.5,3.0,0.0,0.0
1,159,2,2.600008303113489,3.499985106208739,2.1956249599899835e-05,2.040323738905503e-05,2.6,3.5,0.0,0.0
1,159,3,3.4995839830653326,3.499996470509081,0.0015834898267316627,-1.4027663304896909e-05,3.5,3.5,0.0,0.0
1,160,0,3.000162537507581,3.6998774853923493,-0.0008876669194757131,-0.005859212513616763,3.0,3.7,0.0,0.0
1,160,1,3.4993129117064106,2.9999611469727436,-0.0011131463445354095,3.913731845144042e-05,3.5,3.0,0.0,0.0
1,160,2,2.600008961800977,3.4999857183058607,1.9712013835396225e-05,1.920777435607257e-05,2.6,3.5,0.0,0.0
1,160,3,3.4996314877601344,3.499996049679182,0.0015404917224962483,-1.680060797554228e-05,3.5,3.5,0.0,0.0
1,161,0,3.0001359074999967,3.699701709016941,-0.000820478731823171,-0.004728173468586977,3.0,3.7,0.0,0.0
1,161,1,3.4992795173160745,2.999962321092297,-0.0004946861878420417,2.7773112282331036e-05,3.5,3.0,0.0,0.0
1,161,2,2.600009553161392,3.499986294539091,1.4455381419323232e-05,1.848710235301254e-05,2.6,3.5,0.0,0.0
1,161,3,3.4996777025118093,3.499995545660943,0.0014677920508460035,-6.622562131922138e-06,3.5,3.5,0.0,0.0
1,162,0,3.000111293138042,3.6995598638128833,-0.0007501110604999084,-0.0037005026690665466,3.0,3.7,0.0,0.0
1,162,1,3.4992646767304394,2.9999631542856657,2.0199523269856523e-05,4.1116909159533144e-05,3.5,3.0,0.0,0.0
1,162,2,2.6000099868228346,3.4999868491521617,1.226534895931719e-05,1.7272221813011135e-05,2.6,3.5,0.0,0.0
1,162,3,3.499721736273335,3.499995346984079,0.0013810016396778868,5.836858048613447e-06,3.5,3.5,0.0,0.0
1,163,0,3.000088789806227,3.6994488487328114,-0.0006783056208432836,-0.002777108525150604,3.0,3.7,0.0,0.0
1,163,1,3.4992652827161375,2.9999643877929407,0.00044678155767022276,5.3195645951464865e-05,3.5,3.0,0.0,0.0
1,163,2,2.6000103547833033,3.499987367318816,8.119607158837971e-06,1.6339160078523984e-05,2.6,3.5,0.0,0.0
1,163,3,3.4997631663225253,3.4999955220898205,0.0012984860641569868,7.3712479207177495e-06,3.5,3.5,0.0,0.0
1,164,0,3.0000684406376017,3.6993655354770567,-0.0006065432029591783,-0.001956946589402736,3.0,3.7,0.0,0.0
1,164,1,3.4992786861628677,2.999965983662319,0.0007933609351649107,6.242695876244875e-05,3.5,3.0,0.0,0.0
1,164,2,2.6000105983715183,3.4999878574936187,6.062633390077621e-06,1.5102452889756424e-05,2.6,3.5,0.0,0.0
1,164,3,3.49980212090445,3.499995743227258,0.0011941753985612452,1.3567225396526883e-05,3.5,3.5,0.0,0.0
1,165,0,3.000050244341513,3.6993068270793747,-0.0005342123977501306,-0.0012284800723020017,3.0,3.7,0.0,0.0
1,165,1,3.499302486990923,2.999967856471082,0.001067732712131217,6.602673523151137e-05,3.5,3.0,0.0,0.0
1,165,2,2.60001078025052,3.4999883105672054,3.029480715219246e-06,1.4048586990916823e-05,2.6,3.5,0.0,0.0
1,165,3,3.499837946166407,3.49999615024402,0.0010849416254441746,2.0069432997704695e-05,3.5,3.5,0.0,0.0
1,166,0,3.0000342179695805,3.6992699726772056,-0.0004568145296557774,-0.0005992900264157747,3.0,3.7,0.0,0.0
1,166,1,3.4993345189722866,2.999969837273139,0.0012781588026949675,6.780267950869112e-05,3.5,3.0,0.0,0.0
1,166,2,2.6000108711349412,3.499988732024815,1.2633344768780974e-06,1.2857979115737939e-05,2.6,3.5,0.0,0.0
1,166,3,3.49987049441517,3.4999967523270104,0.0009749464714768619,2.4935598300204753e-05,3.5,3.5,0.0,0.0
1,167,0,3.000020513533691,3.699251993976413,-0.00038281521231577076,-6.496625386505361e-05,3.0,3.7,0.0,0.0
1,167,1,3.4993728637363675,2.9999718713535244,0.0014316733608037285,6.893257449051837e-05,3.5,3.0,0.0,0.0
1,167,2,2.6000109090349754,3.4999891177641884,-8.242647298734029e-07,1.1783555823249858e-05,2.6,3.5,0.0,0.0
1,167,3,3.4998997428093146,3.4999975003949593,0.0009736950356895868,0.0002263324437494496,3.5,3.5,0.0,0.0
1,168,0,3.0000090290773214,3.6992500449887973,-0.0003130668575500456,0.00035526264308279043,3.0,3.7,0.0,0.0
1,168,1,3.4994158139371914,2.999973939330759,0.001535363230993264,7.217395973690977e-05,3.5,3.0,0.0,0.0
1,168,2,2.6000108843070335,3.499989471270863,-2.18364233564583e-06,1.0671352944358059e-05,2.6,3.5,0.0,0.0
1,168,3,3.4999289536603855,3.5000042903682718,0.0008502376994914407,0.00018000103098883558,3.5,3.5,0.0,0.0
1,169,0,2.999999637071595,3.6992607028680897,-0.0002516412068084978,0.0006983216667442727,3.0,3.7,0.0,0.0
1,169,1,3.4994618748341213,2.9999761045495514,0.0015947839302278,6.551535686921683e-05,3.5,3.0,0.0,0.0
1,169,2,2.6000108187977635,3.4999897914114513,-3.5247970068402745e-06,9.633008594772674e-06,2.6,3.5,0.0,0.0
1,169,3,3.49995446079137,3.5000096903992013,0.0007301918720729744,0.0001233050748895015,3.5,3.5,0.0,0.0
1,170,0,2.9999920878353907,3.699281652518092,-0.00020526029646111832,0.000989234147740145,3.0,3.7,0.0,0.0
1,170,1,3.4995097183520283,2.9999780700102576,0.0016159099486290907,5.8257008136400334e-05,3.5,3.0,0.0,0.0
1,170,2,2.6000107130538535,3.4999900804017092,-4.437889248212756e-06,8.607069003713219e-06,2.6,3.5,0.0,0.0
1,170,3,3.4999763665475325,3.500013389551448,0.0006158420149024874,7.642725713445653e-05,3.5,3.5,0.0,0.0
1,171,0,2.999985930026497,3.699311329542524,-0.00016218854220251266,0.0012127959925136572,3.0,3.7,0.0,0.0
1,171,1,3.4995581956504873,2.9999798177205017,0.001601641562422984,5.20359389010322e-05,3.5,3.0,0.0,0.0
1,171,2,2.600010579917176,3.499990338613779,-5.206106510224906e-06,7.637630543122498e-06,2.6,3.5,0.0,0.0
1,171,3,3.49999484180798,3.500015682369162,0.0005128214092514766,4.354218429600265e-05,3.5,3.5,0.0,0.0
1,172,0,2.999981064370231,3.6993477134222994,-0.00012267966926751694,0.00137712446356468,3.0,3.7,0.0,0.0
1,172,1,3.49960624489736,2.999981378798669,0.0015641427142383674,4.677583746284797e-05,3.5,3.0,0.0,0.0
1,172,2,2.600010423733981,3.4999905677426955,-5.7024984238401855e-06,6.70539742833598e-06,2.6,3.5,0.0,0.0
1,172,3,3.5000102264502573,3.500016988634691,0.0004208701861663222,2.22900608737725e-05,3.5,3.5,0.0,0.0
1,173,0,2.999977383980153,3.699389027156206,-8.421034619883472e-05,0.0014866827573221802,3.0,3.7,0.0,0.0
1,173,1,3.4996531691787873,2.999982782073793,0.0015051522693321912,4.1966925477407435e-05,3.5,3.0,0.0,0.0
1,173,2,2.600010252659028,3.499990768904618,-6.037231448249858e-06,5.828395722648483e-06,2.6,3.5,0.0,0.0
1,173,3,3.5000228525558423,3.5000176573365174,0.0003388320222374869,8.055045980448483e-06,3.5,3.5,0.0,0.0
1,174,0,2.999974857669767,3.6994336276389257,-5.318807741816478e-05,0.001554310154444502,3.0,3.7,0.0,0.0
1,174,1,3.4996983237468675,2.9999840410815573,0.0014294711182023523,3.736499837156404e-05,3.5,3.0,0.0,0.0
1,174,2,2.6000100715420844,3.49999094375649,-6.187457446057976e-06,5.0030170247183925e-06,2.6,3.5,0.0,0.0
1,174,3,3.5000330175165093,3.5000178989878967,0.00026526528762009505,-3.2751466906011384e-06,3.5,3.5,0.0,0.0
