episode,step,obstacle_id,center_x,center_y,length_x,length_y,theta,v0_x,v0_y,v1_x,v1_y,v2_x,v2_y,v3_x,v3_y,type
1,0,0,1.5,1.5,0.2999999999999998,0.2999999999999998,3.141592653589793,1.65,1.65,1.35,1.65,1.35,1.35,1.65,1.35,static
1,0,1,1.5,2.5,0.2999999999999998,0.2999999999999998,3.141592653589793,1.65,2.65,1.35,2.65,1.35,2.35,1.65,2.35,static
1,0,2,2.5,1.5,0.2999999999999998,0.2999999999999998,3.141592653589793,2.65,1.65,2.35,1.65,2.35,1.35,2.65,1.35,static
1,0,3,2.5,2.5,0.2999999999999998,0.2999999999999998,3.141592653589793,2.65,2.65,2.35,2.65,2.35,2.35,2.65,2.35,static
1,1,0,1.5,1.5,0.2999999999999998,0.2999999999999998,3.141592653589793,1.65,1.65,1.35,1.65,1.35,1.35,1.65,1.35,static
1,1,1,1.5,2.5,0.2999999999999998,0.2999999999999998,3.141592653589793,1.65,2.65,1.35,2.65,1.35,2.35,1.65,2.35,static
1,1,2,2.5,1.5,0.2999999999999998,0.2999999999999998,3.141592653589793,2.65,1.65,2.35,1.65,2.35,1.35,2.65,1.35,static
1,1,3,2.5,2.5,0.2999999999999998,0.2999999999999998,3.141592653589793,2.65,2.65,2.35,2.65,2.35,2.35,2.65,2.35,static
1,2,0,1.5,1.5,0.2999999999999998,0.2999999999999998,3.141592653589793,1.65,1.65,1.35,1.65,1.35,1.35,1.65,1.35,static
1,2,1,1.5,2.5,0.2999999999999998,0.2999999999999998,3.141592653589793,1.65,2.65,1.35,2.65,1.35,2.35,1.65,2.35,static
1,2,2,2.5,1.5,0.2999999999999998,0.2999999999999998,3.141592653589793,2.65,1.65,2.35,1.65,2.35,1.35,2.65,1.35,static
1,2,3,2.5,2.5,0.2999999999999998,0.2999999999999998,3.141592653589793,2.65,2.65,2.35,2.65,2.35,2.35,2.65,2.35,static
1,3,0,1.5,1.5,0.2999999999999998,0.2999999999999998,3.141592653589793,1.65,1.65,1.35,1.65,1.35,1.35,1.65,1.35,static
1,3,1,1.5,2.5,0.2999999999999998,0.2999999999999998,3.141592653589793,1.65,2.65,1.35,2.65,1.35,2.35,1.65,2.35,static
1,3,2,2.5,1.5,0.2999999999999998,0.2999999999999998,3.141592653589793,2.65,1.65,2.35,1.65,2.35,1.35,2.65,1.35,static
1,3,3,2.5,2.5,0.2999999999999998,0.2999999999999998,3.141592653589793,2.65,2.65,2.35,2.65,2.35,2.35,2.65,2.35,static
1,4,0,1.5,1.5,0.2999999999999998,0.2999999999999998,3.141592653589793,1.65,1.65,1.35,1.65,1.35,1.35,1.65,1.35,static
1,4,1,1.5,2.5,0.2999999999999998,0.2999999999999998,3.141592653589793,1.65,2.65,1.35,2.65,1.35,2.35,1.65,2.35,static
1,4,2,2.5,1.5,0.2999999999999998,0.2999999999999998,3.141592653589793,2.65,1.65,2.35,1.65,2.35,1.35,2.65,1.35,static
1,4,3,2.5,2.5,0.2999999999999998,0.2999999999999998,3.141592653589793,2.65,2.65,2.35,2.65,2.35,2.35,2.65,2.35,static
1,5,0,1.5,1.5,0.2999999999999998,0.2999999999999998,3.141592653589793,1.65,1.65,1.35,1.65,1.35,1.35,1.65,1.35,static
1,5,1,1.5,2.5,0.2999999999999998,0.2999999999999998,3.141592653589793,1.65,2.65,1.35,2.65,1.35,2.35,1.65,2.35,static
1,5,2,2.5,1.5,0.2999999999999998,0.2999999999999998,3.141592653589793,2.65,1.65,2.35,1.65,2.35,1.35,2.65,1.35,static
1,5,3,2.5,2.5,0.2999999999999998,0.2999999999999998,3.141592653589793,2.65,2.65,2.35,2.65,2.35,2.35,2.65,2.35,static
1,6,0,1.5,1.5,0.2999999999999998,0.2999999999999998,3.141592653589793,1.65,1.65,1.35,1.65,1.35,1.35,1.65,1.35,static
1,6,1,1.5,2.5,0.2999999999999998,0.2999999999999998,3.141592653589793,1.65,2.65,1.35,2.65,1.35,2.35,1.65,2.35,static
1,6,2,2.5,1.5,0.2999999999999998,0.2999999999999998,3.141592653589793,2.65,1.65,2.35,1.65,2.35,1.35,2.65,1.35,static
1,6,3,2.5,2.5,0.2999999999999998,0.2999999999999998,3.141592653589793,2.65,2.65,2.35,2.65,2.35,2.35,2.65,2.35,static
1,7,0,1.5,1.5,0.2999999999999998,0.2999999999999998,3.141592653589793,1.65,1.65,1.35,1.65,1.35,1.35,1.65,1.35,static
1,7,1,1.5,2.5,0.2999999999999998,0.2999999999999998,3.141592653589793,1.65,2.65,1.35,2.65,1.35,2.35,1.65,2.35,static
1,7,2,2.5,1.5,0.2999999999999998,0.2999999999999998,3.141592653589793,2.65,1.65,2.35,1.65,2.35,1.35,2.65,1.35,static
1,7,3,2.5,2.5,0.2999999999999998,0.2999999999999998,3.141592653589793,2.65,2.65,2.35,2.65,2.35,2.35,2.65,2.35,static
1,8,0,1.5,1.5,0.2999999999999998,0.2999999999999998,3.141592653589793,1.65,1.65,1.35,1.65,1.35,1.35,1.65,1.35,static
1,8,1,1.5,2.5,0.2999999999999998,0.2999999999999998,3.141592653589793,1.65,2.65,1.35,2.65,1.35,2.35,1.65,2.35,static
1,8,2,2.5,1.5,0.2999999999999998,0.2999999999999998,3.141592653589793,2.65,1.65,2.35,1.65,2.35,1.35,2.65,1.35,static
1,8,3,2.5,2.5,0.2999999999999998,0.2999999999999998,3.141592653589793,2.65,2.65,2.35,2.65,2.35,2.35,2.65,2.35,static
1,9,0,1.5,1.5,0.2999999999999998,0.2999999999999998,3.141592653589793,1.65,1.65,1.35,1.65,1.35,1.35,1.65,1.35,static
1,9,1,1.5,2.5,0.2999999999999998,0.2999999999999998,3.141592653589793,1.65,2.65,1.35,2.65,1.35,2.35,1.65,2.35,static
1,9,2,2.5,1.5,0.2999999999999998,0.2999999999999998,3.141592653589793,2.65,1.65,2.35,1.65,2.35,1.35,2.65,1.35,static
1,9,3,2.5,2.5,0.2999999999999998,0.2999999999999998,3.141592653589793,2.65,2.65,2.35,2.65,2.35,2.35,2.65,2.35,static
1,10,0,1.5,1.5,0.2999999999999998,0.2999999999999998,3.141592653589793,1.65,1.65,1.35,1.65,1.35,1.35,1.65,1.35,static
1,10,1,1.5,2.5,0.2999999999999998,0.2999999999999998,3.141592653589793,1.65,2.65,1.35,2.65,1.35,2.35,1.65,2.35,static
1,10,2,2.5,1.5,0.2999999999999998,0.2999999999999998,3.141592653589793,2.65,1.65,2.35,1.65,2.35,1.35,2.65,1.35,static
1,10,3,2.5,2.5,0.2999999999999998,0.2999999999999998,3.141592653589793,2.65,2.65,2.35,2.65,2.35,2.35,2.65,2.35,static
1,11,0,1.5,1.5,0.2999999999999998,0.2999999999999998,3.141592653589793,1.65,1.65,1.35,1.65,1.35,1.35,1.65,1.35,static
1,11,1,1.5,2.5,0.2999999999999998,0.2999999999999998,3.141592653589793,1.65,2.65,1.35,2.65,1.35,2.35,1.65,2.35,static
1,11,2,2.5,1.5,0.2999999999999998,0.2999999999999998,3.141592653589793,2.65,1.65,2.35,1.65,2.35,1.35,2.65,1.35,static
1,11,3,2.5,2.5,0.2999999999999998,0.2999999999999998,3.141592653589793,2.65,2.65,2.35,2.65,2.35,2.35,2.65,2.35,static
1,12,0,1.5,1.5,0.2999999999999998,0.2999999999999998,3.141592653589793,1.65,1.65,1.35,1.65,1.35,1.35,1.65,1.35,static
1,12,1,1.5,2.5,0.2999999999999998,0.2999999999999998,3.141592653589793,1.65,2.65,1.35,2.65,1.35,2.35,1.65,2.35,static
1,12,2,2.5,1.5,0.2999999999999998,0.2999999999999998,3.141592653589793,2.65,1.65,2.35,1.65,2.35,1.35,2.65,1.35,static
1,12,3,2.5,2.5,0.2999999999999998,0.2999999999999998,3.141592653589793,2.65,2.65,2.35,2.65,2.35,2.35,2.65,2.35,static
1,13,0,1.5,1.5,0.2999999999999998,0.2999999999999998,3.141592653589793,1.65,1.65,1.35,1.65,1.35,1.35,1.65,1.35,static
1,13,1,1.5,2.5,0.2999999999999998,0.2999999999999998,3.141592653589793,1.65,2.65,1.35,2.65,1.35,2.35,1.65,2.35,static
1,13,2,2.5,1.5,0.2999999999999998,0.2999999999999998,3.141592653589793,2.65,1.65,2.35,1.65,2.35,1.35,2.65,1.35,static
1,13,3,2.5,2.5,0.2999999999999998,0.2999999999999998,3.141592653589793,2.65,2.65,2.35,2.65,2.35,2.35,2.65,2.35,static
1,14,0,1.5,1.5,0.2999999999999998,0.2999999999999998,3.141592653589793,1.65,1.65,1.35,1.65,1.35,1.35,1.65,1.35,static
1,14,1,1.5,2.5,0.2999999999999998,0.2999999999999998,3.141592653589793,1.65,2.65,1.35,2.65,1.35,2.35,1.65,2.35,static
1,14,2,2.5,1.5,0.2999999999999998,0.2999999999999998,3.141592653589793,2.65,1.65,2.35,1.65,2.35,1.35,2.65,1.35,static
1,14,3,2.5,2.5,0.2999999999999998,0.2999999999999998,3.141592653589793,2.65,2.65,2.35,2.65,2.35,2.35,2.65,2.35,static
1,15,0,1.5,1.5,0.2999999999999998,0.2999999999999998,3.141592653589793,1.65,1.65,1.35,1.65,1.35,1.35,1.65,1.35,static
1,15,1,1.5,2.5,0.2999999999999998,0.2999999999999998,3.141592653589793,1.65,2.65,1.35,2.65,1.35,2.35,1.65,2.35,static
1,15,2,2.5,1.5,0.2999999999999998,0.2999999999999998,3.141592653589793,2.65,1.65,2.35,1.65,2.35,1.35,2.65,1.35,static
1,15,3,2.5,2.5,0.2999999999999998,0.2999999999999998,3.141592653589793,2.65,2.65,2.35,2.65,2.35,2.35,2.65,2.35,static
1,16,0,1.5,1.5,0.2999999999999998,0.2999999999999998,3.141592653589793,1.65,1.65,1.35,1.65,1.35,1.35,1.65,1.35,static
1,16,1,1.5,2.5,0.2999999999999998,0.2999999999999998,3.141592653589793,1.65,2.65,1.35,2.65,1.35,2.35,1.65,2.35,static
1,16,2,2.5,1.5,0.2999999999999998,0.2999999999999998,3.141592653589793,2.65,1.65,2.35,1.65,2.35,1.35,2.65,1.35,static
1,16,3,2.5,2.5,0.2999999999999998,0.2999999999999998,3.141592653589793,2.65,2.65,2.35,2.65,2.35,2.35,2.65,2.35,static
1,17,0,1.5,1.5,0.2999999999999998,0.2999999999999998,3.141592653589793,1.65,1.65,1.35,1.65,1.35,1.35,1.65,1.35,static
1,17,1,1.5,2.5,0.2999999999999998,0.2999999999999998,3.141592653589793,1.65,2.65,1.35,2.65,1.35,2.35,1.65,2.35,static
1,17,2,2.5,1.5,0.2999999999999998,0.2999999999999998,3.141592653589793,2.65,1.65,2.35,1.65,2.35,1.35,2.65,1.35,static
1,17,3,2.5,2.5,0.2999999999999998,0.2999999999999998,3.141592653589793,2.65,2.65,2.35,2.65,2.35,2.35,2.65,2.35,static
1,18,0,1.5,1.5,0.2999999999999998,0.2999999999999998,3.141592653589793,1.65,1.65,1.35,1.65,1.35,1.35,1.65,1.35,static
1,18,1,1.5,2.5,0.2999999999999998,0.2999999999999998,3.141592653589793,1.65,2.65,1.35,2.65,1.35,2.35,1.65,2.35,static
1,18,2,2.5,1.5,0.2999999999999998,0.2999999999999998,3.141592653589793,2.65,1.65,2.35,1.65,2.35,1.35,2.65,1.35,static
1,18,3,2.5,2.5,0.2999999999999998,0.2999999999999998,3.141592653589793,2.65,2.65,2.35,2.65,2.35,2.35,2.65,2.35,static
1,19,0,1.5,1.5,0.2999999999999998,0.2999999999999998,3.141592653589793,1.65,1.65,1.35,1.65,1.35,1.35,1.65,1.35,static
1,19,1,1.5,2.5,0.2999999999999998,0.2999999999999998,3.141592653589793,1.65,2.65,1.35,2.65,1.35,2.35,1.65,2.35,static
1,19,2,2.5,1.5,0.2999999999999998,0.2999999999999998,3.141592653589793,2.65,1.65,2.35,1.65,2.35,1.35,2.65,1.35,static
1,19,3,2.5,2.5,0.2999999999999998,0.2999999999999998,3.141592653589793,2.65,2.65,2.35,2.65,2.35,2.35,2.65,2.35,static
1,20,0,1.5,1.5,0.2999999999999998,0.2999999999999998,3.141592653589793,1.65,1.65,1.35,1.65,1.35,1.35,1.65,1.35,static
1,20,1,1.5,2.5,0.2999999999999998,0.2999999999999998,3.141592653589793,1.65,2.65,1.35,2.65,1.35,2.35,1.65,2.35,static
1,20,2,2.5,1.5,0.2999999999999998,0.2999999999999998,3.141592653589793,2.65,1.65,2.35,1.65,2.35,1.35,2.65,1.35,static
1,20,3,2.5,2.5,0.2999999999999998,0.2999999999999998,3.141592653589793,2.65,2.65,2.35,2.65,2.35,2.35,2.65,2.35,static
1,21,0,1.5,1.5,0.2999999999999998,0.2999999999999998,3.141592653589793,1.65,1.65,1.35,1.65,1.35,1.35,1.65,1.35,static
1,21,1,1.5,2.5,0.2999999999999998,0.2999999999999998,3.141592653589793,1.65,2.65,1.35,2.65,1.35,2.35,1.65,2.35,static
1,21,2,2.5,1.5,0.2999999999999998,0.2999999999999998,3.141592653589793,2.65,1.65,2.35,1.65,2.35,1.35,2.65,1.35,static
1,21,3,2.5,2.5,0.2999999999999998,0.2999999999999998,3.141592653589793,2.65,2.65,2.35,2.65,2.35,2.35,2.65,2.35,static
1,22,0,1.5,1.5,0.2999999999999998,0.2999999999999998,3.141592653589793,1.65,1.65,1.35,1.65,1.35,1.35,1.65,1.35,static
1,22,1,1.5,2.5,0.2999999999999998,0.2999999999999998,3.141592653589793,1.65,2.65,1.35,2.65,1.35,2.35,1.65,2.35,static
1,22,2,2.5,1.5,0.2999999999999998,0.2999999999999998,3.141592653589793,2.65,1.65,2.35,1.65,2.35,1.35,2.65,1.35,static
1,22,3,2.5,2.5,0.2999999999999998,0.2999999999999998,3.141592653589793,2.65,2.65,2.35,2.65,2.35,2.35,2.65,2.35,static
1,23,0,1.5,1.5,0.2999999999999998,0.2999999999999998,3.141592653589793,1.65,1.65,1.35,1.65,1.35,1.35,1.65,1.35,static
1,23,1,1.5,2.5,0.2999999999999998,0.2999999999999998,3.141592653589793,1.65,2.65,1.35,2.65,1.35,2.35,1.65,2.35,static
1,23,2,2.5,1.5,0.2999999999999998,0.2999999999999998,3.141592653589793,2.65,1.65,2.35,1.65,2.35,1.35,2.65,1.35,static
1,23,3,2.5,2.5,0.2999999999999998,0.2999999999999998,3.141592653589793,2.65,2.65,2.35,2.65,2.35,2.35,2.65,2.35,static
1,24,0,1.5,1.5,0.2999999999999998,0.2999999999999998,3.141592653589793,1.65,1.65,1.35,1.65,1.35,1.35,1.65,1.35,static
1,24,1,1.5,2.5,0.2999999999999998,0.2999999999999998,3.141592653589793,1.65,2.65,1.35,2.65,1.35,2.35,1.65,2.35,static
1,24,2,2.5,1.5,0.2999999999999998,0.2999999999999998,3.141592653589793,2.65,1.65,2.35,1.65,2.35,1.35,2.65,1.35,static
1,24,3,2.5,2.5,0.2999999999999998,0.2999999999999998,3.141592653589793,2.65,2.65,2.35,2.65,2.35,2.35,2.65,2.35,static
1,25,0,1.5,1.5,0.2999999999999998,0.2999999999999998,3.141592653589793,1.65,1.65,1.35,1.65,1.35,1.35,1.65,1.35,static
1,25,1,1.5,2.5,0.2999999999999998,0.2999999999999998,3.141592653589793,1.65,2.65,1.35,2.65,1.35,2.35,1.65,2.35,static
1,25,2,2.5,1.5,0.2999999999999998,0.2999999999999998,3.141592653589793,2.65,1.65,2.35,1.65,2.35,1.35,2.65,1.35,static
1,25,3,2.5,2.5,0.2999999999999998,0.2999999999999998,3.141592653589793,2.65,2.65,2.35,2.65,2.35,2.35,2.65,2.35,static
1,26,0,1.5,1.5,0.2999999999999998,0.2999999999999998,3.141592653589793,1.65,1.65,1.35,1.65,1.35,1.35,1.65,1.35,static
1,26,1,1.5,2.5,0.2999999999999998,0.2999999999999998,3.141592653589793,1.65,2.65,1.35,2.65,1.35,2.35,1.65,2.35,static
1,26,2,2.5,1.5,0.2999999999999998,0.2999999999999998,3.141592653589793,2.65,1.65,2.35,1.65,2.35,1.35,2.65,1.35,static
1,26,3,2.5,2.5,0.2999999999999998,0.2999999999999998,3.141592653589793,2.65,2.65,2.35,2.65,2.35,2.35,2.65,2.35,static
1,27,0,1.5,1.5,0.2999999999999998,0.2999999999999998,3.141592653589793,1.65,1.65,1.35,1.65,1.35,1.35,1.65,1.35,static
1,27,1,1.5,2.5,0.2999999999999998,0.2999999999999998,3.141592653589793,1.65,2.65,1.35,2.65,1.35,2.35,1.65,2.35,static
1,27,2,2.5,1.5,0.2999999999999998,0.2999999999999998,3.141592653589793,2.65,1.65,2.35,1.65,2.35,1.35,2.65,1.35,static
1,27,3,2.5,2.5,0.2999999999999998,0.2999999999999998,3.141592653589793,2.65,2.65,2.35,2.65,2.35,2.35,2.65,2.35,static
1,28,0,1.5,1.5,0.2999999999999998,0.2999999999999998,3.141592653589793,1.65,1.65,1.35,1.65,1.35,1.35,1.65,1.35,static
1,28,1,1.5,2.5,0.2999999999999998,0.2999999999999998,3.141592653589793,1.65,2.65,1.35,2.65,1.35,2.35,1.65,2.35,static
1,28,2,2.5,1.5,0.2999999999999998,0.2999999999999998,3.141592653589793,2.65,1.65,2.35,1.65,2.35,1.35,2.65,1.35,static
1,28,3,2.5,2.5,0.2999999999999998,0.2999999999999998,3.141592653589793,2.65,2.65,2.35,2.65,2.35,2.35,2.65,2.35,static
1,29,0,1.5,1.5,0.2999999999999998,0.2999999999999998,3.141592653589793,1.65,1.65,1.35,1.65,1.35,1.35,1.65,1.35,static
1,29,1,1.5,2.5,0.2999999999999998,0.2999999999999998,3.141592653589793,1.65,2.65,1.35,2.65,1.35,2.35,1.65,2.35,static
1,29,2,2.5,1.5,0.2999999999999998,0.2999999999999998,3.141592653589793,2.65,1.65,2.35,1.65,2.35,1.35,2.65,1.35,static
1,29,3,2.5,2.5,0.2999999999999998,0.2999999999999998,3.141592653589793,2.65,2.65,2.35,2.65,2.35,2.35,2.65,2.35,static
1,30,0,1.5,1.5,0.2999999999999998,0.2999999999999998,3.141592653589793,1.65,1.65,1.35,1.65,1.35,1.35,1.65,1.35,static
1,30,1,1.5,2.5,0.2999999999999998,0.2999999999999998,3.141592653589793,1.65,2.65,1.35,2.65,1.35,2.35,1.65,2.35,static
1,30,2,2.5,1.5,0.2999999999999998,0.2999999999999998,3.141592653589793,2.65,1.65,2.35,1.65,2.35,1.35,2.65,1.35,static
1,30,3,2.5,2.5,0.2999999999999998,0.2999999999999998,3.141592653589793,2.65,2.65,2.35,2.65,2.35,2.35,2.65,2.35,static
1,31,0,1.5,1.5,0.2999999999999998,0.2999999999999998,3.141592653589793,1.65,1.65,1.35,1.65,1.35,1.35,1.65,1.35,static
1,31,1,1.5,2.5,0.2999999999999998,0.2999999999999998,3.141592653589793,1.65,2.65,1.35,2.65,1.35,2.35,1.65,2.35,static
1,31,2,2.5,1.5,0.2999999999999998,0.2999999999999998,3.141592653589793,2.65,1.65,2.35,1.65,2.35,1.35,2.65,1.35,static
1,31,3,2.5,2.5,0.2999999999999998,0.2999999999999998,3.141592653589793,2.65,2.65,2.35,2.65,2.35,2.35,2.65,2.35,static
1,32,0,1.5,1.5,0.2999999999999998,0.2999999999999998,3.141592653589793,1.65,1.65,1.35,1.65,1.35,1.35,1.65,1.35,static
1,32,1,1.5,2.5,0.2999999999999998,0.2999999999999998,3.141592653589793,1.65,2.65,1.35,2.65,1.35,2.35,1.65,2.35,static
1,32,2,2.5,1.5,0.2999999999999998,0.2999999999999998,3.141592653589793,2.65,1.65,2.35,1.65,2.35,1.35,2.65,1.35,static
1,32,3,2.5,2.5,0.2999999999999998,0.2999999999999998,3.141592653589793,2.65,2.65,2.35,2.65,2.35,2.35,2.65,2.35,static
1,33,0,1.5,1.5,0.2999999999999998,0.2999999999999998,3.141592653589793,1.65,1.65,1.35,1.65,1.35,1.35,1.65,1.35,static
1,33,1,1.5,2.5,0.2999999999999998,0.2999999999999998,3.141592653589793,1.65,2.65,1.35,2.65,1.35,2.35,1.65,2.35,static
1,33,2,2.5,1.5,0.2999999999999998,0.2999999999999998,3.141592653589793,2.65,1.65,2.35,1.65,2.35,1.35,2.65,1.35,static
1,33,3,2.5,2.5,0.2999999999999998,0.2999999999999998,3.141592653589793,2.65,2.65,2.35,2.65,2.35,2.35,2.65,2.35,static
1,34,0,1.5,1.5,0.2999999999999998,0.2999999999999998,3.141592653589793,1.65,1.65,1.35,1.65,1.35,1.35,1.65,1.35,static
1,34,1,1.5,2.5,0.2999999999999998,0.2999999999999998,3.141592653589793,1.65,2.65,1.35,2.65,1.35,2.35,1.65,2.35,static
1,34,2,2.5,1.5,0.2999999999999998,0.2999999999999998,3.141592653589793,2.65,1.65,2.35,1.65,2.35,1.35,2.65,1.35,static
1,34,3,2.5,2.5,0.2999999999999998,0.2999999999999998,3.141592653589793,2.65,2.65,2.35,2.65,2.35,2.35,2.65,2.35,static
1,35,0,1.5,1.5,0.2999999999999998,0.2999999999999998,3.141592653589793,1.65,1.65,1.35,1.65,1.35,1.35,1.65,1.35,static
1,35,1,1.5,2.5,0.2999999999999998,0.2999999999999998,3.141592653589793,1.65,2.65,1.35,2.65,1.35,2.35,1.65,2.35,static
1,35,2,2.5,1.5,0.2999999999999998,0.2999999999999998,3.141592653589793,2.65,1.65,2.35,1.65,2.35,1.35,2.65,1.35,static
1,35,3,2.5,2.5,0.2999999999999998,0.2999999999999998,3.141592653589793,2.65,2.65,2.35,2.65,2.35,2.35,2.65,2.35,static
1,36,0,1.5,1.5,0.2999999999999998,0.2999999999999998,3.141592653589793,1.65,1.65,1.35,1.65,1.35,1.35,1.65,1.35,static
1,36,1,1.5,2.5,0.2999999999999998,0.2999999999999998,3.141592653589793,1.65,2.65,1.35,2.65,1.35,2.35,1.65,2.35,static
1,36,2,2.5,1.5,0.2999999999999998,0.2999999999999998,3.141592653589793,2.65,1.65,2.35,1.65,2.35,1.35,2.65,1.35,static
1,36,3,2.5,2.5,0.2999999999999998,0.2999999999999998,3.141592653589793,2.65,2.65,2.35,2.65,2.35,2.35,2.65,2.35,static
1,37,0,1.5,1.5,0.2999999999999998,0.2999999999999998,3.141592653589793,1.65,1.65,1.35,1.65,1.35,1.35,1.65,1.35,static
1,37,1,1.5,2.5,0.2999999999999998,0.2999999999999998,3.141592653589793,1.65,2.65,1.35,2.65,1.35,2.35,1.65,2.35,static
1,37,2,2.5,1.5,0.2999999999999998,0.2999999999999998,3.141592653589793,2.65,1.65,2.35,1.65,2.35,1.35,2.65,1.35,static
1,37,3,2.5,2.5,0.2999999999999998,0.2999999999999998,3.141592653589793,2.65,2.65,2.35,2.65,2.35,2.35,2.65,2.35,static
1,38,0,1.5,1.5,0.2999999999999998,0.2999999999999998,3.141592653589793,1.65,1.65,1.35,1.65,1.35,1.35,1.65,1.35,static
1,38,1,1.5,2.5,0.2999999999999998,0.2999999999999998,3.141592653589793,1.65,2.65,1.35,2.65,1.35,2.35,1.65,2.35,static
1,38,2,2.5,1.5,0.2999999999999998,0.2999999999999998,3.141592653589793,2.65,1.65,2.35,1.65,2.35,1.35,2.65,1.35,static
1,38,3,2.5,2.5,0.2999999999999998,0.2999999999999998,3.141592653589793,2.65,2.65,2.35,2.65,2.35,2.35,2.65,2.35,static
1,39,0,1.5,1.5,0.2999999999999998,0.2999999999999998,3.141592653589793,1.65,1.65,1.35,1.65,1.35,1.35,1.65,1.35,static
1,39,1,1.5,2.5,0.2999999999999998,0.2999999999999998,3.141592653589793,1.65,2.65,1.35,2.65,1.35,2.35,1.65,2.35,static
1,39,2,2.5,1.5,0.2999999999999998,0.2999999999999998,3.141592653589793,2.65,1.65,2.35,1.65,2.35,1.35,2.65,1.35,static
1,39,3,2.5,2.5,0.2999999999999998,0.2999999999999998,3.141592653589793,2.65,2.65,2.35,2.65,2.35,2.35,2.65,2.35,static
1,40,0,1.5,1.5,0.2999999999999998,0.2999999999999998,3.141592653589793,1.65,1.65,1.35,1.65,1.35,1.35,1.65,1.35,static
1,40,1,1.5,2.5,0.2999999999999998,0.2999999999999998,3.141592653589793,1.65,2.65,1.35,2.65,1.35,2.35,1.65,2.35,static
1,40,2,2.5,1.5,0.2999999999999998,0.2999999999999998,3.141592653589793,2.65,1.65,2.35,1.65,2.35,1.35,2.65,1.35,static
1,40,3,2.5,2.5,0.2999999999999998,0.2999999999999998,3.141592653589793,2.65,2.65,2.35,2.65,2.35,2.35,2.65,2.35,static
1,41,0,1.5,1.5,0.2999999999999998,0.2999999999999998,3.141592653589793,1.65,1.65,1.35,1.65,1.35,1.35,1.65,1.35,static
1,41,1,1.5,2.5,0.2999999999999998,0.2999999999999998,3.141592653589793,1.65,2.65,1.35,2.65,1.35,2.35,1.65,2.35,static
1,41,2,2.5,1.5,0.2999999999999998,0.2999999999999998,3.141592653589793,2.65,1.65,2.35,1.65,2.35,1.35,2.65,1.35,static
1,41,3,2.5,2.5,0.2999999999999998,0.2999999999999998,3.141592653589793,2.65,2.65,2.35,2.65,2.35,2.35,2.65,2.35,static
1,42,0,1.5,1.5,0.2999999999999998,0.2999999999999998,3.141592653589793,1.65,1.65,1.35,1.65,1.35,1.35,1.65,1.35,static
1,42,1,1.5,2.5,0.2999999999999998,0.2999999999999998,3.141592653589793,1.65,2.65,1.35,2.65,1.35,2.35,1.65,2.35,static
1,42,2,2.5,1.5,0.2999999999999998,0.2999999999999998,3.141592653589793,2.65,1.65,2.35,1.65,2.35,1.35,2.65,1.35,static
1,42,3,2.5,2.5,0.2999999999999998,0.2999999999999998,3.141592653589793,2.65,2.65,2.35,2.65,2.35,2.35,2.65,2.35,static
1,43,0,1.5,1.5,0.2999999999999998,0.2999999999999998,3.141592653589793,1.65,1.65,1.35,1.65,1.35,1.35,1.65,1.35,static
1,43,1,1.5,2.5,0.2999999999999998,0.2999999999999998,3.141592653589793,1.65,2.65,1.35,2.65,1.35,2.35,1.65,2.35,static
1,43,2,2.5,1.5,0.2999999999999998,0.2999999999999998,3.141592653589793,2.65,1.65,2.35,1.65,2.35,1.35,2.65,1.35,static
1,43,3,2.5,2.5,0.2999999999999998,0.2999999999999998,3.141592653589793,2.65,2.65,2.35,2.65,2.35,2.35,2.65,2.35,static
1,44,0,1.5,1.5,0.2999999999999998,0.2999999999999998,3.141592653589793,1.65,1.65,1.35,1.65,1.35,1.35,1.65,1.35,static
1,44,1,1.5,2.5,0.2999999999999998,0.2999999999999998,3.141592653589793,1.65,2.65,1.35,2.65,1.35,2.35,1.65,2.35,static
1,44,2,2.5,1.5,0.2999999999999998,0.2999999999999998,3.141592653589793,2.65,1.65,2.35,1.65,2.35,1.35,2.65,1.35,static
1,44,3,2.5,2.5,0.2999999999999998,0.2999999999999998,3.141592653589793,2.65,2.65,2.35,2.65,2.35,2.35,2.65,2.35,static
1,45,0,1.5,1.5,0.2999999999999998,0.2999999999999998,3.141592653589793,1.65,1.65,1.35,1.65,1.35,1.35,1.65,1.35,static
1,45,1,1.5,2.5,0.2999999999999998,0.2999999999999998,3.141592653589793,1.65,2.65,1.35,2.65,1.35,2.35,1.65,2.35,static
1,45,2,2.5,1.5,0.2999999999999998,0.2999999999999998,3.141592653589793,2.65,1.65,2.35,1.65,2.35,1.35,2.65,1.35,static
1,45,3,2.5,2.5,0.2999999999999998,0.2999999999999998,3.141592653589793,2.65,2.65,2.35,2.65,2.35,2.35,2.65,2.35,static
1,46,0,1.5,1.5,0.2999999999999998,0.2999999999999998,3.141592653589793,1.65,1.65,1.35,1.65,1.35,1.35,1.65,1.35,static
1,46,1,1.5,2.5,0.2999999999999998,0.2999999999999998,3.141592653589793,1.65,2.65,1.35,2.65,1.35,2.35,1.65,2.35,static
1,46,2,2.5,1.5,0.2999999999999998,0.2999999999999998,3.141592653589793,2.65,1.65,2.35,1.65,2.35,1.35,2.65,1.35,static
1,46,3,2.5,2.5,0.2999999999999998,0.2999999999999998,3.141592653589793,2.65,2.65,2.35,2.65,2.35,2.35,2.65,2.35,static
1,47,0,1.5,1.5,0.2999999999999998,0.2999999999999998,3.141592653589793,1.65,1.65,1.35,1.65,1.35,1.35,1.65,1.35,static
1,47,1,1.5,2.5,0.2999999999999998,0.2999999999999998,3.141592653589793,1.65,2.65,1.35,2.65,1.35,2.35,1.65,2.35,static
1,47,2,2.5,1.5,0.2999999999999998,0.2999999999999998,3.141592653589793,2.65,1.65,2.35,1.65,2.35,1.35,2.65,1.35,static
1,47,3,2.5,2.5,0.2999999999999998,0.2999999999999998,3.141592653589793,2.65,2.65,2.35,2.65,2.35,2.35,2.65,2.35,static
1,48,0,1.5,1.5,0.2999999999999998,0.2999999999999998,3.141592653589793,1.65,1.65,1.35,1.65,1.35,1.35,1.65,1.35,static
1,48,1,1.5,2.5,0.2999999999999998,0.2999999999999998,3.141592653589793,1.65,2.65,1.35,2.65,1.35,2.35,1.65,2.35,static
1,48,2,2.5,1.5,0.2999999999999998,0.2999999999999998,3.141592653589793,2.65,1.65,2.35,1.65,2.35,1.35,2.65,1.35,static
1,48,3,2.5,2.5,0.2999999999999998,0.2999999999999998,3.141592653589793,2.65,2.65,2.35,2.65,2.35,2.35,2.65,2.35,static
1,49,0,1.5,1.5,0.2999999999999998,0.2999999999999998,3.141592653589793,1.65,1.65,1.35,1.65,1.35,1.35,1.65,1.35,static
1,49,1,1.5,2.5,0.2999999999999998,0.2999999999999998,3.141592653589793,1.65,2.65,1.35,2.65,1.35,2.35,1.65,2.35,static
1,49,2,2.5,1.5,0.2999999999999998,0.2999999999999998,3.141592653589793,2.65,1.65,2.35,1.65,2.35,1.35,2.65,1.35,static
1,49,3,2.5,2.5,0.2999999999999998,0.2999999999999998,3.141592653589793,2.65,2.65,2.35,2.65,2.35,2.35,2.65,2.35,static
1,50,0,1.5,1.5,0.2999999999999998,0.2999999999999998,3.141592653589793,1.65,1.65,1.35,1.65,1.35,1.35,1.65,1.35,static
1,50,1,1.5,2.5,0.2999999999999998,0.2999999999999998,3.141592653589793,1.65,2.65,1.35,2.65,1.35,2.35,1.65,2.35,static
1,50,2,2.5,1.5,0.2999999999999998,0.2999999999999998,3.141592653589793,2.65,1.65,2.35,1.65,2.35,1.35,2.65,1.35,static
1,50,3,2.5,2.5,0.2999999999999998,0.2999999999999998,3.141592653589793,2.65,2.65,2.35,2.65,2.35,2.35,2.65,2.35,static
1,51,0,1.5,1.5,0.2999999999999998,0.2999999999999998,3.141592653589793,1.65,1.65,1.35,1.65,1.35,1.35,1.65,1.35,static
1,51,1,1.5,2.5,0.2999999999999998,0.2999999999999998,3.141592653589793,1.65,2.65,1.35,2.65,1.35,2.35,1.65,2.35,static
1,51,2,2.5,1.5,0.2999999999999998,0.2999999999999998,3.141592653589793,2.65,1.65,2.35,1.65,2.35,1.35,2.65,1.35,static
1,51,3,2.5,2.5,0.2999999999999998,0.2999999999999998,3.141592653589793,2.65,2.65,2.35,2.65,2.35,2.35,2.65,2.35,static
1,52,0,1.5,1.5,0.2999999999999998,0.2999999999999998,3.141592653589793,1.65,1.65,1.35,1.65,1.35,1.35,1.65,1.35,static
1,52,1,1.5,2.5,0.2999999999999998,0.2999999999999998,3.141592653589793,1.65,2.65,1.35,2.65,1.35,2.35,1.65,2.35,static
1,52,2,2.5,1.5,0.2999999999999998,0.2999999999999998,3.141592653589793,2.65,1.65,2.35,1.65,2.35,1.35,2.65,1.35,static
1,52,3,2.5,2.5,0.2999999999999998,0.2999999999999998,3.141592653589793,2.65,2.65,2.35,2.65,2.35,2.35,2.65,2.35,static
1,53,0,1.5,1.5,0.2999999999999998,0.2999999999999998,3.141592653589793,1.65,1.65,1.35,1.65,1.35,1.35,1.65,1.35,static
1,53,1,1.5,2.5,0.2999999999999998,0.2999999999999998,3.141592653589793,1.65,2.65,1.35,2.65,1.35,2.35,1.65,2.35,static
1,53,2,2.5,1.5,0.2999999999999998,0.2999999999999998,3.141592653589793,2.65,1.65,2.35,1.65,2.35,1.35,2.65,1.35,static
1,53,3,2.5,2.5,0.2999999999999998,0.2999999999999998,3.141592653589793,2.65,2.65,2.35,2.65,2.35,2.35,2.65,2.35,static
1,54,0,1.5,1.5,0.2999999999999998,0.2999999999999998,3.141592653589793,1.65,1.65,1.35,1.65,1.35,1.35,1.65,1.35,static
1,54,1,1.5,2.5,0.2999999999999998,0.2999999999999998,3.141592653589793,1.65,2.65,1.35,2.65,1.35,2.35,1.65,2.35,static
1,54,2,2.5,1.5,0.2999999999999998,0.2999999999999998,3.141592653589793,2.65,1.65,2.35,1.65,2.35,1.35,2.65,1.35,static
1,54,3,2.5,2.5,0.2999999999999998,0.2999999999999998,3.141592653589793,2.65,2.65,2.35,2.65,2.35,2.35,2.65,2.35,static
1,55,0,1.5,1.5,0.2999999999999998,0.2999999999999998,3.141592653589793,1.65,1.65,1.35,1.65,1.35,1.35,1.65,1.35,static
1,55,1,1.5,2.5,0.2999999999999998,0.2999999999999998,3.141592653589793,1.65,2.65,1.35,2.65,1.35,2.35,1.65,2.35,static
1,55,2,2.5,1.5,0.2999999999999998,0.2999999999999998,3.141592653589793,2.65,1.65,2.35,1.65,2.35,1.35,2.65,1.35,static
1,55,3,2.5,2.5,0.2999999999999998,0.2999999999999998,3.141592653589793,2.65,2.65,2.35,2.65,2.35,2.35,2.65,2.35,static
1,56,0,1.5,1.5,0.2999999999999998,0.2999999999999998,3.141592653589793,1.65,1.65,1.35,1.65,1.35,1.35,1.65,1.35,static
1,56,1,1.5,2.5,0.2999999999999998,0.2999999999999998,3.141592653589793,1.65,2.65,1.35,2.65,1.35,2.35,1.65,2.35,static
1,56,2,2.5,1.5,0.2999999999999998,0.2999999999999998,3.141592653589793,2.65,1.65,2.35,1.65,2.35,1.35,2.65,1.35,static
1,56,3,2.5,2.5,0.2999999999999998,0.2999999999999998,3.141592653589793,2.65,2.65,2.35,2.65,2.35,2.35,2.65,2.35,static
1,57,0,1.5,1.5,0.2999999999999998,0.2999999999999998,3.141592653589793,1.65,1.65,1.35,1.65,1.35,1.35,1.65,1.35,static
1,57,1,1.5,2.5,0.2999999999999998,0.2999999999999998,3.141592653589793,1.65,2.65,1.35,2.65,1.35,2.35,1.65,2.35,static
1,57,2,2.5,1.5,0.2999999999999998,0.2999999999999998,3.141592653589793,2.65,1.65,2.35,1.65,2.35,1.35,2.65,1.35,static
1,57,3,2.5,2.5,0.2999999999999998,0.2999999999999998,3.141592653589793,2.65,2.65,2.35,2.65,2.35,2.35,2.65,2.35,static
1,58,0,1.5,1.5,0.2999999999999998,0.2999999999999998,3.141592653589793,1.65,1.65,1.35,1.65,1.35,1.35,1.65,1.35,static
1,58,1,1.5,2.5,0.2999999999999998,0.2999999999999998,3.141592653589793,1.65,2.65,1.35,2.65,1.35,2.35,1.65,2.35,static
1,58,2,2.5,1.5,0.2999999999999998,0.2999999999999998,3.141592653589793,2.65,1.65,2.35,1.65,2.35,1.35,2.65,1.35,static
1,58,3,2.5,2.5,0.2999999999999998,0.2999999999999998,3.141592653589793,2.65,2.65,2.35,2.65,2.35,2.35,2.65,2.35,static
1,59,0,1.5,1.5,0.2999999999999998,0.2999999999999998,3.141592653589793,1.65,1.65,1.35,1.65,1.35,1.35,1.65,1.35,static
1,59,1,1.5,2.5,0.2999999999999998,0.2999999999999998,3.141592653589793,1.65,2.65,1.35,2.65,1.35,2.35,1.65,2.35,static
1,59,2,2.5,1.5,0.2999999999999998,0.2999999999999998,3.141592653589793,2.65,1.65,2.35,1.65,2.35,1.35,2.65,1.35,static
1,59,3,2.5,2.5,0.2999999999999998,0.2999999999999998,3.141592653589793,2.65,2.65,2.35,2.65,2.35,2.35,2.65,2.35,static
1,60,0,1.5,1.5,0.2999999999999998,0.2999999999999998,3.141592653589793,1.65,1.65,1.35,1.65,1.35,1.35,1.65,1.35,static
1,60,1,1.5,2.5,0.2999999999999998,0.2999999999999998,3.141592653589793,1.65,2.65,1.35,2.65,1.35,2.35,1.65,2.35,static
1,60,2,2.5,1.5,0.2999999999999998,0.2999999999999998,3.141592653589793,2.65,1.65,2.35,1.65,2.35,1.35,2.65,1.35,static
1,60,3,2.5,2.5,0.2999999999999998,0.2999999999999998,3.141592653589793,2.65,2.65,2.35,2.65,2.35,2.35,2.65,2.35,static
1,61,0,1.5,1.5,0.2999999999999998,0.2999999999999998,3.141592653589793,1.65,1.65,1.35,1.65,1.35,1.35,1.65,1.35,static
1,61,1,1.5,2.5,0.2999999999999998,0.2999999999999998,3.141592653589793,1.65,2.65,1.35,2.65,1.35,2.35,1.65,2.35,static
1,61,2,2.5,1.5,0.2999999999999998,0.2999999999999998,3.141592653589793,2.65,1.65,2.35,1.65,2.35,1.35,2.65,1.35,static
1,61,3,2.5,2.5,0.2999999999999998,0.2999999999999998,3.141592653589793,2.65,2.65,2.35,2.65,2.35,2.35,2.65,2.35,static
1,62,0,1.5,1.5,0.2999999999999998,0.2999999999999998,3.141592653589793,1.65,1.65,1.35,1.65,1.35,1.35,1.65,1.35,static
1,62,1,1.5,2.5,0.2999999999999998,0.2999999999999998,3.141592653589793,1.65,2.65,1.35,2.65,1.35,2.35,1.65,2.35,static
1,62,2,2.5,1.5,0.2999999999999998,0.2999999999999998,3.141592653589793,2.65,1.65,2.35,1.65,2.35,1.35,2.65,1.35,static
1,62,3,2.5,2.5,0.2999999999999998,0.2999999999999998,3.141592653589793,2.65,2.65,2.35,2.65,2.35,2.35,2.65,2.35,static
1,63,0,1.5,1.5,0.2999999999999998,0.2999999999999998,3.141592653589793,1.65,1.65,1.35,1.65,1.35,1.35,1.65,1.35,static
1,63,1,1.5,2.5,0.2999999999999998,0.2999999999999998,3.141592653589793,1.65,2.65,1.35,2.65,1.35,2.35,1.65,2.35,static
1,63,2,2.5,1.5,0.2999999999999998,0.2999999999999998,3.141592653589793,2.65,1.65,2.35,1.65,2.35,1.35,2.65,1.35,static
1,63,3,2.5,2.5,0.2999999999999998,0.2999999999999998,3.141592653589793,2.65,2.65,2.35,2.65,2.35,2.35,2.65,2.35,static
1,64,0,1.5,1.5,0.2999999999999998,0.2999999999999998,3.141592653589793,1.65,1.65,1.35,1.65,1.35,1.35,1.65,1.35,static
1,64,1,1.5,2.5,0.2999999999999998,0.2999999999999998,3.141592653589793,1.65,2.65,1.35,2.65,1.35,2.35,1.65,2.35,static
1,64,2,2.5,1.5,0.2999999999999998,0.2999999999999998,3.141592653589793,2.65,1.65,2.35,1.65,2.35,1.35,2.65,1.35,static
1,64,3,2.5,2.5,0.2999999999999998,0.2999999999999998,3.141592653589793,2.65,2.65,2.35,2.65,2.35,2.35,2.65,2.35,static
1,65,0,1.5,1.5,0.2999999999999998,0.2999999999999998,3.141592653589793,1.65,1.65,1.35,1.65,1.35,1.35,1.65,1.35,static
1,65,1,1.5,2.5,0.2999999999999998,0.2999999999999998,3.141592653589793,1.65,2.65,1.35,2.65,1.35,2.35,1.65,2.35,static
1,65,2,2.5,1.5,0.2999999999999998,0.2999999999999998,3.141592653589793,2.65,1.65,2.35,1.65,2.35,1.35,2.65,1.35,static
1,65,3,2.5,2.5,0.2999999999999998,0.2999999999999998,3.141592653589793,2.65,2.65,2.35,2.65,2.35,2.35,2.65,2.35,static
1,66,0,1.5,1.5,0.2999999999999998,0.2999999999999998,3.141592653589793,1.65,1.65,1.35,1.65,1.35,1.35,1.65,1.35,static
1,66,1,1.5,2.5,0.2999999999999998,0.2999999999999998,3.141592653589793,1.65,2.65,1.35,2.65,1.35,2.35,1.65,2.35,static
1,66,2,2.5,1.5,0.2999999999999998,0.2999999999999998,3.141592653589793,2.65,1.65,2.35,1.65,2.35,1.35,2.65,1.35,static
1,66,3,2.5,2.5,0.2999999999999998,0.2999999999999998,3.141592653589793,2.65,2.65,2.35,2.65,2.35,2.35,2.65,2.35,static
1,67,0,1.5,1.5,0.2999999999999998,0.2999999999999998,3.141592653589793,1.65,1.65,1.35,1.65,1.35,1.35,1.65,1.35,static
1,67,1,1.5,2.5,0.2999999999999998,0.2999999999999998,3.141592653589793,1.65,2.65,1.35,2.65,1.35,2.35,1.65,2.35,static
1,67,2,2.5,1.5,0.2999999999999998,0.2999999999999998,3.141592653589793,2.65,1.65,2.35,1.65,2.35,1.35,2.65,1.35,static
1,67,3,2.5,2.5,0.2999999999999998,0.2999999999999998,3.141592653589793,2.65,2.65,2.35,2.65,2.35,2.35,2.65,2.35,static
1,68,0,1.5,1.5,0.2999999999999998,0.2999999999999998,3.141592653589793,1.65,1.65,1.35,1.65,1.35,1.35,1.65,1.35,static
1,68,1,1.5,2.5,0.2999999999999998,0.2999999999999998,3.141592653589793,1.65,2.65,1.35,2.65,1.35,2.35,1.65,2.35,static
1,68,2,2.5,1.5,0.2999999999999998,0.2999999999999998,3.141592653589793,2.65,1.65,2.35,1.65,2.35,1.35,2.65,1.35,static
1,68,3,2.5,2.5,0.2999999999999998,0.2999999999999998,3.141592653589793,2.65,2.65,2.35,2.65,2.35,2.35,2.65,2.35,static
1,69,0,1.5,1.5,0.2999999999999998,0.2999999999999998,3.141592653589793,1.65,1.65,1.35,1.65,1.35,1.35,1.65,1.35,static
1,69,1,1.5,2.5,0.2999999999999998,0.2999999999999998,3.141592653589793,1.65,2.65,1.35,2.65,1.35,2.35,1.65,2.35,static
1,69,2,2.5,1.5,0.2999999999999998,0.2999999999999998,3.141592653589793,2.65,1.65,2.35,1.65,2.35,1.35,2.65,1.35,static
1,69,3,2.5,2.5,0.2999999999999998,0.2999999999999998,3.141592653589793,2.65,2.65,2.35,2.65,2.35,2.35,2.65,2.35,static
1,70,0,1.5,1.5,0.2999999999999998,0.2999999999999998,3.141592653589793,1.65,1.65,1.35,1.65,1.35,1.35,1.65,1.35,static
1,70,1,1.5,2.5,0.2999999999999998,0.2999999999999998,3.141592653589793,1.65,2.65,1.35,2.65,1.35,2.35,1.65,2.35,static
1,70,2,2.5,1.5,0.2999999999999998,0.2999999999999998,3.141592653589793,2.65,1.65,2.35,1.65,2.35,1.35,2.65,1.35,static
1,70,3,2.5,2.5,0.2999999999999998,0.2999999999999998,3.141592653589793,2.65,2.65,2.35,2.65,2.35,2.35,2.65,2.35,static
1,71,0,1.5,1.5,0.2999999999999998,0.2999999999999998,3.141592653589793,1.65,1.65,1.35,1.65,1.35,1.35,1.65,1.35,static
1,71,1,1.5,2.5,0.2999999999999998,0.2999999999999998,3.141592653589793,1.65,2.65,1.35,2.65,1.35,2.35,1.65,2.35,static
1,71,2,2.5,1.5,0.2999999999999998,0.2999999999999998,3.141592653589793,2.65,1.65,2.35,1.65,2.35,1.35,2.65,1.35,static
1,71,3,2.5,2.5,0.2999999999999998,0.2999999999999998,3.141592653589793,2.65,2.65,2.35,2.65,2.35,2.35,2.65,2.35,static
1,72,0,1.5,1.5,0.2999999999999998,0.2999999999999998,3.141592653589793,1.65,1.65,1.35,1.65,1.35,1.35,1.65,1.35,static
1,72,1,1.5,2.5,0.2999999999999998,0.2999999999999998,3.141592653589793,1.65,2.65,1.35,2.65,1.35,2.35,1.65,2.35,static
1,72,2,2.5,1.5,0.2999999999999998,0.2999999999999998,3.141592653589793,2.65,1.65,2.35,1.65,2.35,1.35,2.65,1.35,static
1,72,3,2.5,2.5,0.2999999999999998,0.2999999999999998,3.141592653589793,2.65,2.65,2.35,2.65,2.35,2.35,2.65,2.35,static
1,73,0,1.5,1.5,0.2999999999999998,0.2999999999999998,3.141592653589793,1.65,1.65,1.35,1.65,1.35,1.35,1.65,1.35,static
1,73,1,1.5,2.5,0.2999999999999998,0.2999999999999998,3.141592653589793,1.65,2.65,1.35,2.65,1.35,2.35,1.65,2.35,static
1,73,2,2.5,1.5,0.2999999999999998,0.2999999999999998,3.141592653589793,2.65,1.65,2.35,1.65,2.35,1.35,2.65,1.35,static
1,73,3,2.5,2.5,0.2999999999999998,0.2999999999999998,3.141592653589793,2.65,2.65,2.35,2.65,2.35,2.35,2.65,2.35,static
1,74,0,1.5,1.5,0.2999999999999998,0.2999999999999998,3.141592653589793,1.65,1.65,1.35,1.65,1.35,1.35,1.65,1.35,static
1,74,1,1.5,2.5,0.2999999999999998,0.2999999999999998,3.141592653589793,1.65,2.65,1.35,2.65,1.35,2.35,1.65,2.35,static
1,74,2,2.5,1.5,0.2999999999999998,0.2999999999999998,3.141592653589793,2.65,1.65,2.35,1.65,2.35,1.35,2.65,1.35,static
1,74,3,2.5,2.5,0.2999999999999998,0.2999999999999998,3.141592653589793,2.65,2.65,2.35,2.65,2.35,2.35,2.65,2.35,static
1,75,0,1.5,1.5,0.2999999999999998,0.2999999999999998,3.141592653589793,1.65,1.65,1.35,1.65,1.35,1.35,1.65,1.35,static
1,75,1,1.5,2.5,0.2999999999999998,0.2999999999999998,3.141592653589793,1.65,2.65,1.35,2.65,1.35,2.35,1.65,2.35,static
1,75,2,2.5,1.5,0.2999999999999998,0.2999999999999998,3.141592653589793,2.65,1.65,2.35,1.65,2.35,1.35,2.65,1.35,static
1,75,3,2.5,2.5,0.2999999999999998,0.2999999999999998,3.141592653589793,2.65,2.65,2.35,2.65,2.35,2.35,2.65,2.35,static
1,76,0,1.5,1.5,0.2999999999999998,0.2999999999999998,3.141592653589793,1.65,1.65,1.35,1.65,1.35,1.35,1.65,1.35,static
1,76,1,1.5,2.5,0.2999999999999998,0.2999999999999998,3.141592653589793,1.65,2.65,1.35,2.65,1.35,2.35,1.65,2.35,static
1,76,2,2.5,1.5,0.2999999999999998,0.2999999999999998,3.141592653589793,2.65,1.65,2.35,1.65,2.35,1.35,2.65,1.35,static
1,76,3,2.5,2.5,0.2999999999999998,0.2999999999999998,3.141592653589793,2.65,2.65,2.35,2.65,2.35,2.35,2.65,2.35,static
1,77,0,1.5,1.5,0.2999999999999998,0.2999999999999998,3.141592653589793,1.65,1.65,1.35,1.65,1.35,1.35,1.65,1.35,static
1,77,1,1.5,2.5,0.2999999999999998,0.2999999999999998,3.141592653589793,1.65,2.65,1.35,2.65,1.35,2.35,1.65,2.35,static
1,77,2,2.5,1.5,0.2999999999999998,0.2999999999999998,3.141592653589793,2.65,1.65,2.35,1.65,2.35,1.35,2.65,1.35,static
1,77,3,2.5,2.5,0.2999999999999998,0.2999999999999998,3.141592653589793,2.65,2.65,2.35,2.65,2.35,2.35,2.65,2.35,static
1,78,0,1.5,1.5,0.2999999999999998,0.2999999999999998,3.141592653589793,1.65,1.65,1.35,1.65,1.35,1.35,1.65,1.35,static
1,78,1,1.5,2.5,0.2999999999999998,0.2999999999999998,3.141592653589793,1.65,2.65,1.35,2.65,1.35,2.35,1.65,2.35,static
1,78,2,2.5,1.5,0.2999999999999998,0.2999999999999998,3.141592653589793,2.65,1.65,2.35,1.65,2.35,1.35,2.65,1.35,static
1,78,3,2.5,2.5,0.2999999999999998,0.2999999999999998,3.141592653589793,2.65,2.65,2.35,2.65,2.35,2.35,2.65,2.35,static
1,79,0,1.5,1.5,0.2999999999999998,0.2999999999999998,3.141592653589793,1.65,1.65,1.35,1.65,1.35,1.35,1.65,1.35,static
1,79,1,1.5,2.5,0.2999999999999998,0.2999999999999998,3.141592653589793,1.65,2.65,1.35,2.65,1.35,2.35,1.65,2.35,static
1,79,2,2.5,1.5,0.2999999999999998,0.2999999999999998,3.141592653589793,2.65,1.65,2.35,1.65,2.35,1.35,2.65,1.35,static
1,79,3,2.5,2.5,0.2999999999999998,0.2999999999999998,3.141592653589793,2.65,2.65,2.35,2.65,2.35,2.35,2.65,2.35,static
1,80,0,1.5,1.5,0.2999999999999998,0.2999999999999998,3.141592653589793,1.65,1.65,1.35,1.65,1.35,1.35,1.65,1.35,static
1,80,1,1.5,2.5,0.2999999999999998,0.2999999999999998,3.141592653589793,1.65,2.65,1.35,2.65,1.35,2.35,1.65,2.35,static
1,80,2,2.5,1.5,0.2999999999999998,0.2999999999999998,3.141592653589793,2.65,1.65,2.35,1.65,2.35,1.35,2.65,1.35,static
1,80,3,2.5,2.5,0.2999999999999998,0.2999999999999998,3.141592653589793,2.65,2.65,2.35,2.65,2.35,2.35,2.65,2.35,static
1,81,0,1.5,1.5,0.2999999999999998,0.2999999999999998,3.141592653589793,1.65,1.65,1.35,1.65,1.35,1.35,1.65,1.35,static
1,81,1,1.5,2.5,0.2999999999999998,0.2999999999999998,3.141592653589793,1.65,2.65,1.35,2.65,1.35,2.35,1.65,2.35,static
1,81,2,2.5,1.5,0.2999999999999998,0.2999999999999998,3.141592653589793,2.65,1.65,2.35,1.65,2.35,1.35,2.65,1.35,static
1,81,3,2.5,2.5,0.2999999999999998,0.2999999999999998,3.141592653589793,2.65,2.65,2.35,2.65,2.35,2.35,2.65,2.35,static
1,82,0,1.5,1.5,0.2999999999999998,0.2999999999999998,3.141592653589793,1.65,1.65,1.35,1.65,1.35,1.35,1.65,1.35,static
1,82,1,1.5,2.5,0.2999999999999998,0.2999999999999998,3.141592653589793,1.65,2.65,1.35,2.65,1.35,2.35,1.65,2.35,static
1,82,2,2.5,1.5,0.2999999999999998,0.2999999999999998,3.141592653589793,2.65,1.65,2.35,1.65,2.35,1.35,2.65,1.35,static
1,82,3,2.5,2.5,0.2999999999999998,0.2999999999999998,3.141592653589793,2.65,2.65,2.35,2.65,2.35,2.35,2.65,2.35,static
1,83,0,1.5,1.5,0.2999999999999998,0.2999999999999998,3.141592653589793,1.65,1.65,1.35,1.65,1.35,1.35,1.65,1.35,static
1,83,1,1.5,2.5,0.2999999999999998,0.2999999999999998,3.141592653589793,1.65,2.65,1.35,2.65,1.35,2.35,1.65,2.35,static
1,83,2,2.5,1.5,0.2999999999999998,0.2999999999999998,3.141592653589793,2.65,1.65,2.35,1.65,2.35,1.35,2.65,1.35,static
1,83,3,2.5,2.5,0.2999999999999998,0.2999999999999998,3.141592653589793,2.65,2.65,2.35,2.65,2.35,2.35,2.65,2.35,static
1,84,0,1.5,1.5,0.2999999999999998,0.2999999999999998,3.141592653589793,1.65,1.65,1.35,1.65,1.35,1.35,1.65,1.35,static
1,84,1,1.5,2.5,0.2999999999999998,0.2999999999999998,3.141592653589793,1.65,2.65,1.35,2.65,1.35,2.35,1.65,2.35,static
1,84,2,2.5,1.5,0.2999999999999998,0.2999999999999998,3.141592653589793,2.65,1.65,2.35,1.65,2.35,1.35,2.65,1.35,static
1,84,3,2.5,2.5,0.2999999999999998,0.2999999999999998,3.141592653589793,2.65,2.65,2.35,2.65,2.35,2.35,2.65,2.35,static
1,85,0,1.5,1.5,0.2999999999999998,0.2999999999999998,3.141592653589793,1.65,1.65,1.35,1.65,1.35,1.35,1.65,1.35,static
1,85,1,1.5,2.5,0.2999999999999998,0.2999999999999998,3.141592653589793,1.65,2.65,1.35,2.65,1.35,2.35,1.65,2.35,static
1,85,2,2.5,1.5,0.2999999999999998,0.2999999999999998,3.141592653589793,2.65,1.65,2.35,1.65,2.35,1.35,2.65,1.35,static
1,85,3,2.5,2.5,0.2999999999999998,0.2999999999999998,3.141592653589793,2.65,2.65,2.35,2.65,2.35,2.35,2.65,2.35,static
1,86,0,1.5,1.5,0.2999999999999998,0.2999999999999998,3.141592653589793,1.65,1.65,1.35,1.65,1.35,1.35,1.65,1.35,static
1,86,1,1.5,2.5,0.2999999999999998,0.2999999999999998,3.141592653589793,1.65,2.65,1.35,2.65,1.35,2.35,1.65,2.35,static
1,86,2,2.5,1.5,0.2999999999999998,0.2999999999999998,3.141592653589793,2.65,1.65,2.35,1.65,2.35,1.35,2.65,1.35,static
1,86,3,2.5,2.5,0.2999999999999998,0.2999999999999998,3.141592653589793,2.65,2.65,2.35,2.65,2.35,2.35,2.65,2.35,static
1,87,0,1.5,1.5,0.2999999999999998,0.2999999999999998,3.141592653589793,1.65,1.65,1.35,1.65,1.35,1.35,1.65,1.35,static
1,87,1,1.5,2.5,0.2999999999999998,0.2999999999999998,3.141592653589793,1.65,2.65,1.35,2.65,1.35,2.35,1.65,2.35,static
1,87,2,2.5,1.5,0.2999999999999998,0.2999999999999998,3.141592653589793,2.65,1.65,2.35,1.65,2.35,1.35,2.65,1.35,static
1,87,3,2.5,2.5,0.2999999999999998,0.2999999999999998,3.141592653589793,2.65,2.65,2.35,2.65,2.35,2.35,2.65,2.35,static
1,88,0,1.5,1.5,0.2999999999999998,0.2999999999999998,3.141592653589793,1.65,1.65,1.35,1.65,1.35,1.35,1.65,1.35,static
1,88,1,1.5,2.5,0.2999999999999998,0.2999999999999998,3.141592653589793,1.65,2.65,1.35,2.65,1.35,2.35,1.65,2.35,static
1,88,2,2.5,1.5,0.2999999999999998,0.2999999999999998,3.141592653589793,2.65,1.65,2.35,1.65,2.35,1.35,2.65,1.35,static
1,88,3,2.5,2.5,0.2999999999999998,0.2999999999999998,3.141592653589793,2.65,2.65,2.35,2.65,2.35,2.35,2.65,2.35,static
1,89,0,1.5,1.5,0.2999999999999998,0.2999999999999998,3.141592653589793,1.65,1.65,1.35,1.65,1.35,1.35,1.65,1.35,static
1,89,1,1.5,2.5,0.2999999999999998,0.2999999999999998,3.141592653589793,1.65,2.65,1.35,2.65,1.35,2.35,1.65,2.35,static
1,89,2,2.5,1.5,0.2999999999999998,0.2999999999999998,3.141592653589793,2.65,1.65,2.35,1.65,2.35,1.35,2.65,1.35,static
1,89,3,2.5,2.5,0.2999999999999998,0.2999999999999998,3.141592653589793,2.65,2.65,2.35,2.65,2.35,2.35,2.65,2.35,static
1,90,0,1.5,1.5,0.2999999999999998,0.2999999999999998,3.141592653589793,1.65,1.65,1.35,1.65,1.35,1.35,1.65,1.35,static
1,90,1,1.5,2.5,0.2999999999999998,0.2999999999999998,3.141592653589793,1.65,2.65,1.35,2.65,1.35,2.35,1.65,2.35,static
1,90,2,2.5,1.5,0.2999999999999998,0.2999999999999998,3.141592653589793,2.65,1.65,2.35,1.65,2.35,1.35,2.65,1.35,static
1,90,3,2.5,2.5,0.2999999999999998,0.2999999999999998,3.141592653589793,2.65,2.65,2.35,2.65,2.35,2.35,2.65,2.35,static
1,91,0,1.5,1.5,0.2999999999999998,0.2999999999999998,3.141592653589793,1.65,1.65,1.35,1.65,1.35,1.35,1.65,1.35,static
1,91,1,1.5,2.5,0.2999999999999998,0.2999999999999998,3.141592653589793,1.65,2.65,1.35,2.65,1.35,2.35,1.65,2.35,static
1,91,2,2.5,1.5,0.2999999999999998,0.2999999999999998,3.141592653589793,2.65,1.65,2.35,1.65,2.35,1.35,2.65,1.35,static
1,91,3,2.5,2.5,0.2999999999999998,0.2999999999999998,3.141592653589793,2.65,2.65,2.35,2.65,2.35,2.35,2.65,2.35,static
1,92,0,1.5,1.5,0.2999999999999998,0.2999999999999998,3.141592653589793,1.65,1.65,1.35,1.65,1.35,1.35,1.65,1.35,static
1,92,1,1.5,2.5,0.2999999999999998,0.2999999999999998,3.141592653589793,1.65,2.65,1.35,2.65,1.35,2.35,1.65,2.35,static
1,92,2,2.5,1.5,0.2999999999999998,0.2999999999999998,3.141592653589793,2.65,1.65,2.35,1.65,2.35,1.35,2.65,1.35,static
1,92,3,2.5,2.5,0.2999999999999998,0.2999999999999998,3.141592653589793,2.65,2.65,2.35,2.65,2.35,2.35,2.65,2.35,static
1,93,0,1.5,1.5,0.2999999999999998,0.2999999999999998,3.141592653589793,1.65,1.65,1.35,1.65,1.35,1.35,1.65,1.35,static
1,93,1,1.5,2.5,0.2999999999999998,0.2999999999999998,3.141592653589793,1.65,2.65,1.35,2.65,1.35,2.35,1.65,2.35,static
1,93,2,2.5,1.5,0.2999999999999998,0.2999999999999998,3.141592653589793,2.65,1.65,2.35,1.65,2.35,1.35,2.65,1.35,static
1,93,3,2.5,2.5,0.2999999999999998,0.2999999999999998,3.141592653589793,2.65,2.65,2.35,2.65,2.35,2.35,2.65,2.35,static
1,94,0,1.5,1.5,0.2999999999999998,0.2999999999999998,3.141592653589793,1.65,1.65,1.35,1.65,1.35,1.35,1.65,1.35,static
1,94,1,1.5,2.5,0.2999999999999998,0.2999999999999998,3.141592653589793,1.65,2.65,1.35,2.65,1.35,2.35,1.65,2.35,static
1,94,2,2.5,1.5,0.2999999999999998,0.2999999999999998,3.141592653589793,2.65,1.65,2.35,1.65,2.35,1.35,2.65,1.35,static
1,94,3,2.5,2.5,0.2999999999999998,0.2999999999999998,3.141592653589793,2.65,2.65,2.35,2.65,2.35,2.35,2.65,2.35,static
1,95,0,1.5,1.5,0.2999999999999998,0.2999999999999998,3.141592653589793,1.65,1.65,1.35,1.65,1.35,1.35,1.65,1.35,static
1,95,1,1.5,2.5,0.2999999999999998,0.2999999999999998,3.141592653589793,1.65,2.65,1.35,2.65,1.35,2.35,1.65,2.35,static
1,95,2,2.5,1.5,0.2999999999999998,0.2999999999999998,3.141592653589793,2.65,1.65,2.35,1.65,2.35,1.35,2.65,1.35,static
1,95,3,2.5,2.5,0.2999999999999998,0.2999999999999998,3.141592653589793,2.65,2.65,2.35,2.65,2.35,2.35,2.65,2.35,static
1,96,0,1.5,1.5,0.2999999999999998,0.2999999999999998,3.141592653589793,1.65,1.65,1.35,1.65,1.35,1.35,1.65,1.35,static
1,96,1,1.5,2.5,0.2999999999999998,0.2999999999999998,3.141592653589793,1.65,2.65,1.35,2.65,1.35,2.35,1.65,2.35,static
1,96,2,2.5,1.5,0.2999999999999998,0.2999999999999998,3.141592653589793,2.65,1.65,2.35,1.65,2.35,1.35,2.65,1.35,static
1,96,3,2.5,2.5,0.2999999999999998,0.2999999999999998,3.141592653589793,2.65,2.65,2.35,2.65,2.35,2.35,2.65,2.35,static
1,97,0,1.5,1.5,0.2999999999999998,0.2999999999999998,3.141592653589793,1.65,1.65,1.35,1.65,1.35,1.35,1.65,1.35,static
1,97,1,1.5,2.5,0.2999999999999998,0.2999999999999998,3.141592653589793,1.65,2.65,1.35,2.65,1.35,2.35,1.65,2.35,static
1,97,2,2.5,1.5,0.2999999999999998,0.2999999999999998,3.141592653589793,2.65,1.65,2.35,1.65,2.35,1.35,2.65,1.35,static
1,97,3,2.5,2.5,0.2999999999999998,0.2999999999999998,3.141592653589793,2.65,2.65,2.35,2.65,2.35,2.35,2.65,2.35,static
1,98,0,1.5,1.5,0.2999999999999998,0.2999999999999998,3.141592653589793,1.65,1.65,1.35,1.65,1.35,1.35,1.65,1.35,static
1,98,1,1.5,2.5,0.2999999999999998,0.2999999999999998,3.141592653589793,1.65,2.65,1.35,2.65,1.35,2.35,1.65,2.35,static
1,98,2,2.5,1.5,0.2999999999999998,0.2999999999999998,3.141592653589793,2.65,1.65,2.35,1.65,2.35,1.35,2.65,1.35,static
1,98,3,2.5,2.5,0.2999999999999998,0.2999999999999998,3.141592653589793,2.65,2.65,2.35,2.65,2.35,2.35,2.65,2.35,static
1,99,0,1.5,1.5,0.2999999999999998,0.2999999999999998,3.141592653589793,1.65,1.65,1.35,1.65,1.35,1.35,1.65,1.35,static
1,99,1,1.5,2.5,0.2999999999999998,0.2999999999999998,3.141592653589793,1.65,2.65,1.35,2.65,1.35,2.35,1.65,2.35,static
1,99,2,2.5,1.5,0.2999999999999998,0.2999999999999998,3.141592653589793,2.65,1.65,2.35,1.65,2.35,1.35,2.65,1.35,static
1,99,3,2.5,2.5,0.2999999999999998,0.2999999999999998,3.141592653589793,2.65,2.65,2.35,2.65,2.35,2.35,2.65,2.35,static
1,100,0,1.5,1.5,0.2999999999999998,0.2999999999999998,3.141592653589793,1.65,1.65,1.35,1.65,1.35,1.35,1.65,1.35,static
1,100,1,1.5,2.5,0.2999999999999998,0.2999999999999998,3.141592653589793,1.65,2.65,1.35,2.65,1.35,2.35,1.65,2.35,static
1,100,2,2.5,1.5,0.2999999999999998,0.2999999999999998,3.141592653589793,2.65,1.65,2.35,1.65,2.35,1.35,2.65,1.35,static
1,100,3,2.5,2.5,0.2999999999999998,0.2999999999999998,3.141592653589793,2.65,2.65,2.35,2.65,2.35,2.35,2.65,2.35,static
1,101,0,1.5,1.5,0.2999999999999998,0.2999999999999998,3.141592653589793,1.65,1.65,1.35,1.65,1.35,1.35,1.65,1.35,static
1,101,1,1.5,2.5,0.2999999999999998,0.2999999999999998,3.141592653589793,1.65,2.65,1.35,2.65,1.35,2.35,1.65,2.35,static
1,101,2,2.5,1.5,0.2999999999999998,0.2999999999999998,3.141592653589793,2.65,1.65,2.35,1.65,2.35,1.35,2.65,1.35,static
1,101,3,2.5,2.5,0.2999999999999998,0.2999999999999998,3.141592653589793,2.65,2.65,2.35,2.65,2.35,2.35,2.65,2.35,static
1,102,0,1.5,1.5,0.2999999999999998,0.2999999999999998,3.141592653589793,1.65,1.65,1.35,1.65,1.35,1.35,1.65,1.35,static
1,102,1,1.5,2.5,0.2999999999999998,0.2999999999999998,3.141592653589793,1.65,2.65,1.35,2.65,1.35,2.35,1.65,2.35,static
1,102,2,2.5,1.5,0.2999999999999998,0.2999999999999998,3.141592653589793,2.65,1.65,2.35,1.65,2.35,1.35,2.65,1.35,static
1,102,3,2.5,2.5,0.2999999999999998,0.2999999999999998,3.141592653589793,2.65,2.65,2.35,2.65,2.35,2.35,2.65,2.35,static
1,103,0,1.5,1.5,0.2999999999999998,0.2999999999999998,3.141592653589793,1.65,1.65,1.35,1.65,1.35,1.35,1.65,1.35,static
1,103,1,1.5,2.5,0.2999999999999998,0.2999999999999998,3.141592653589793,1.65,2.65,1.35,2.65,1.35,2.35,1.65,2.35,static
1,103,2,2.5,1.5,0.2999999999999998,0.2999999999999998,3.141592653589793,2.65,1.65,2.35,1.65,2.35,1.35,2.65,1.35,static
1,103,3,2.5,2.5,0.2999999999999998,0.2999999999999998,3.141592653589793,2.65,2.65,2.35,2.65,2.35,2.35,2.65,2.35,static
1,104,0,1.5,1.5,0.2999999999999998,0.2999999999999998,3.141592653589793,1.65,1.65,1.35,1.65,1.35,1.35,1.65,1.35,static
1,104,1,1.5,2.5,0.2999999999999998,0.2999999999999998,3.141592653589793,1.65,2.65,1.35,2.65,1.35,2.35,1.65,2.35,static
1,104,2,2.5,1.5,0.2999999999999998,0.2999999999999998,3.141592653589793,2.65,1.65,2.35,1.65,2.35,1.35,2.65,1.35,static
1,104,3,2.5,2.5,0.2999999999999998,0.2999999999999998,3.141592653589793,2.65,2.65,2.35,2.65,2.35,2.35,2.65,2.35,static
1,105,0,1.5,1.5,0.2999999999999998,0.2999999999999998,3.141592653589793,1.65,1.65,1.35,1.65,1.35,1.35,1.65,1.35,static
1,105,1,1.5,2.5,0.2999999999999998,0.2999999999999998,3.141592653589793,1.65,2.65,1.35,2.65,1.35,2.35,1.65,2.35,static
1,105,2,2.5,1.5,0.2999999999999998,0.2999999999999998,3.141592653589793,2.65,1.65,2.35,1.65,2.35,1.35,2.65,1.35,static
1,105,3,2.5,2.5,0.2999999999999998,0.2999999999999998,3.141592653589793,2.65,2.65,2.35,2.65,2.35,2.35,2.65,2.35,static
1,106,0,1.5,1.5,0.2999999999999998,0.2999999999999998,3.141592653589793,1.65,1.65,1.35,1.65,1.35,1.35,1.65,1.35,static
1,106,1,1.5,2.5,0.2999999999999998,0.2999999999999998,3.141592653589793,1.65,2.65,1.35,2.65,1.35,2.35,1.65,2.35,static
1,106,2,2.5,1.5,0.2999999999999998,0.2999999999999998,3.141592653589793,2.65,1.65,2.35,1.65,2.35,1.35,2.65,1.35,static
1,106,3,2.5,2.5,0.2999999999999998,0.2999999999999998,3.141592653589793,2.65,2.65,2.35,2.65,2.35,2.35,2.65,2.35,static
1,107,0,1.5,1.5,0.2999999999999998,0.2999999999999998,3.141592653589793,1.65,1.65,1.35,1.65,1.35,1.35,1.65,1.35,static
1,107,1,1.5,2.5,0.2999999999999998,0.2999999999999998,3.141592653589793,1.65,2.65,1.35,2.65,1.35,2.35,1.65,2.35,static
1,107,2,2.5,1.5,0.2999999999999998,0.2999999999999998,3.141592653589793,2.65,1.65,2.35,1.65,2.35,1.35,2.65,1.35,static
1,107,3,2.5,2.5,0.2999999999999998,0.2999999999999998,3.141592653589793,2.65,2.65,2.35,2.65,2.35,2.35,2.65,2.35,static
1,108,0,1.5,1.5,0.2999999999999998,0.2999999999999998,3.141592653589793,1.65,1.65,1.35,1.65,1.35,1.35,1.65,1.35,static
1,108,1,1.5,2.5,0.2999999999999998,0.2999999999999998,3.141592653589793,1.65,2.65,1.35,2.65,1.35,2.35,1.65,2.35,static
1,108,2,2.5,1.5,0.2999999999999998,0.2999999999999998,3.141592653589793,2.65,1.65,2.35,1.65,2.35,1.35,2.65,1.35,static
1,108,3,2.5,2.5,0.2999999999999998,0.2999999999999998,3.141592653589793,2.65,2.65,2.35,2.65,2.35,2.35,2.65,2.35,static
1,109,0,1.5,1.5,0.2999999999999998,0.2999999999999998,3.141592653589793,1.65,1.65,1.35,1.65,1.35,1.35,1.65,1.35,static
1,109,1,1.5,2.5,0.2999999999999998,0.2999999999999998,3.141592653589793,1.65,2.65,1.35,2.65,1.35,2.35,1.65,2.35,static
1,109,2,2.5,1.5,0.2999999999999998,0.2999999999999998,3.141592653589793,2.65,1.65,2.35,1.65,2.35,1.35,2.65,1.35,static
1,109,3,2.5,2.5,0.2999999999999998,0.2999999999999998,3.141592653589793,2.65,2.65,2.35,2.65,2.35,2.35,2.65,2.35,static
1,110,0,1.5,1.5,0.2999999999999998,0.2999999999999998,3.141592653589793,1.65,1.65,1.35,1.65,1.35,1.35,1.65,1.35,static
1,110,1,1.5,2.5,0.2999999999999998,0.2999999999999998,3.141592653589793,1.65,2.65,1.35,2.65,1.35,2.35,1.65,2.35,static
1,110,2,2.5,1.5,0.2999999999999998,0.2999999999999998,3.141592653589793,2.65,1.65,2.35,1.65,2.35,1.35,2.65,1.35,static
1,110,3,2.5,2.5,0.2999999999999998,0.2999999999999998,3.141592653589793,2.65,2.65,2.35,2.65,2.35,2.35,2.65,2.35,static
1,111,0,1.5,1.5,0.2999999999999998,0.2999999999999998,3.141592653589793,1.65,1.65,1.35,1.65,1.35,1.35,1.65,1.35,static
1,111,1,1.5,2.5,0.2999999999999998,0.2999999999999998,3.141592653589793,1.65,2.65,1.35,2.65,1.35,2.35,1.65,2.35,static
1,111,2,2.5,1.5,0.2999999999999998,0.2999999999999998,3.141592653589793,2.65,1.65,2.35,1.65,2.35,1.35,2.65,1.35,static
1,111,3,2.5,2.5,0.2999999999999998,0.2999999999999998,3.141592653589793,2.65,2.65,2.35,2.65,2.35,2.35,2.65,2.35,static
1,112,0,1.5,1.5,0.2999999999999998,0.2999999999999998,3.141592653589793,1.65,1.65,1.35,1.65,1.35,1.35,1.65,1.35,static
1,112,1,1.5,2.5,0.2999999999999998,0.2999999999999998,3.141592653589793,1.65,2.65,1.35,2.65,1.35,2.35,1.65,2.35,static
1,112,2,2.5,1.5,0.2999999999999998,0.2999999999999998,3.141592653589793,2.65,1.65,2.35,1.65,2.35,1.35,2.65,1.35,static
1,112,3,2.5,2.5,0.2999999999999998,0.2999999999999998,3.141592653589793,2.65,2.65,2.35,2.65,2.35,2.35,2.65,2.35,static
1,113,0,1.5,1.5,0.2999999999999998,0.2999999999999998,3.141592653589793,1.65,1.65,1.35,1.65,1.35,1.35,1.65,1.35,static
1,113,1,1.5,2.5,0.2999999999999998,0.2999999999999998,3.141592653589793,1.65,2.65,1.35,2.65,1.35,2.35,1.65,2.35,static
1,113,2,2.5,1.5,0.2999999999999998,0.2999999999999998,3.141592653589793,2.65,1.65,2.35,1.65,2.35,1.35,2.65,1.35,static
1,113,3,2.5,2.5,0.2999999999999998,0.2999999999999998,3.141592653589793,2.65,2.65,2.35,2.65,2.35,2.35,2.65,2.35,static
1,114,0,1.5,1.5,0.2999999999999998,0.2999999999999998,3.141592653589793,1.65,1.65,1.35,1.65,1.35,1.35,1.65,1.35,static
1,114,1,1.5,2.5,0.2999999999999998,0.2999999999999998,3.141592653589793,1.65,2.65,1.35,2.65,1.35,2.35,1.65,2.35,static
1,114,2,2.5,1.5,0.2999999999999998,0.2999999999999998,3.141592653589793,2.65,1.65,2.35,1.65,2.35,1.35,2.65,1.35,static
1,114,3,2.5,2.5,0.2999999999999998,0.2999999999999998,3.141592653589793,2.65,2.65,2.35,2.65,2.35,2.35,2.65,2.35,static
1,115,0,1.5,1.5,0.2999999999999998,0.2999999999999998,3.141592653589793,1.65,1.65,1.35,1.65,1.35,1.35,1.65,1.35,static
1,115,1,1.5,2.5,0.2999999999999998,0.2999999999999998,3.141592653589793,1.65,2.65,1.35,2.65,1.35,2.35,1.65,2.35,static
1,115,2,2.5,1.5,0.2999999999999998,0.2999999999999998,3.141592653589793,2.65,1.65,2.35,1.65,2.35,1.35,2.65,1.35,static
1,115,3,2.5,2.5,0.2999999999999998,0.2999999999999998,3.141592653589793,2.65,2.65,2.35,2.65,2.35,2.35,2.65,2.35,static
1,116,0,1.5,1.5,0.2999999999999998,0.2999999999999998,3.141592653589793,1.65,1.65,1.35,1.65,1.35,1.35,1.65,1.35,static
1,116,1,1.5,2.5,0.2999999999999998,0.2999999999999998,3.141592653589793,1.65,2.65,1.35,2.65,1.35,2.35,1.65,2.35,static
1,116,2,2.5,1.5,0.2999999999999998,0.2999999999999998,3.141592653589793,2.65,1.65,2.35,1.65,2.35,1.35,2.65,1.35,static
1,116,3,2.5,2.5,0.2999999999999998,0.2999999999999998,3.141592653589793,2.65,2.65,2.35,2.65,2.35,2.35,2.65,2.35,static
1,117,0,1.5,1.5,0.2999999999999998,0.2999999999999998,3.141592653589793,1.65,1.65,1.35,1.65,1.35,1.35,1.65,1.35,static
1,117,1,1.5,2.5,0.2999999999999998,0.2999999999999998,3.141592653589793,1.65,2.65,1.35,2.65,1.35,2.35,1.65,2.35,static
1,117,2,2.5,1.5,0.2999999999999998,0.2999999999999998,3.141592653589793,2.65,1.65,2.35,1.65,2.35,1.35,2.65,1.35,static
1,117,3,2.5,2.5,0.2999999999999998,0.2999999999999998,3.141592653589793,2.65,2.65,2.35,2.65,2.35,2.35,2.65,2.35,static
1,118,0,1.5,1.5,0.2999999999999998,0.2999999999999998,3.141592653589793,1.65,1.65,1.35,1.65,1.35,1.35,1.65,1.35,static
1,118,1,1.5,2.5,0.2999999999999998,0.2999999999999998,3.141592653589793,1.65,2.65,1.35,2.65,1.35,2.35,1.65,2.35,static
1,118,2,2.5,1.5,0.2999999999999998,0.2999999999999998,3.141592653589793,2.65,1.65,2.35,1.65,2.35,1.35,2.65,1.35,static
1,118,3,2.5,2.5,0.2999999999999998,0.2999999999999998,3.141592653589793,2.65,2.65,2.35,2.65,2.35,2.35,2.65,2.35,static
1,119,0,1.5,1.5,0.2999999999999998,0.2999999999999998,3.141592653589793,1.65,1.65,1.35,1.65,1.35,1.35,1.65,1.35,static
1,119,1,1.5,2.5,0.2999999999999998,0.2999999999999998,3.141592653589793,1.65,2.65,1.35,2.65,1.35,2.35,1.65,2.35,static
1,119,2,2.5,1.5,0.2999999999999998,0.2999999999999998,3.141592653589793,2.65,1.65,2.35,1.65,2.35,1.35,2.65,1.35,static
1,119,3,2.5,2.5,0.2999999999999998,0.2999999999999998,3.141592653589793,2.65,2.65,2.35,2.65,2.35,2.35,2.65,2.35,static
1,120,0,1.5,1.5,0.2999999999999998,0.2999999999999998,3.141592653589793,1.65,1.65,1.35,1.65,1.35,1.35,1.65,1.35,static
1,120,1,1.5,2.5,0.2999999999999998,0.2999999999999998,3.141592653589793,1.65,2.65,1.35,2.65,1.35,2.35,1.65,2.35,static
1,120,2,2.5,1.5,0.2999999999999998,0.2999999999999998,3.141592653589793,2.65,1.65,2.35,1.65,2.35,1.35,2.65,1.35,static
1,120,3,2.5,2.5,0.2999999999999998,0.2999999999999998,3.141592653589793,2.65,2.65,2.35,2.65,2.35,2.35,2.65,2.35,static
1,121,0,1.5,1.5,0.2999999999999998,0.2999999999999998,3.141592653589793,1.65,1.65,1.35,1.65,1.35,1.35,1.65,1.35,static
1,121,1,1.5,2.5,0.2999999999999998,0.2999999999999998,3.141592653589793,1.65,2.65,1.35,2.65,1.35,2.35,1.65,2.35,static
1,121,2,2.5,1.5,0.2999999999999998,0.2999999999999998,3.141592653589793,2.65,1.65,2.35,1.65,2.35,1.35,2.65,1.35,static
1,121,3,2.5,2.5,0.2999999999999998,0.2999999999999998,3.141592653589793,2.65,2.65,2.35,2.65,2.35,2.35,2.65,2.35,static
1,122,0,1.5,1.5,0.2999999999999998,0.2999999999999998,3.141592653589793,1.65,1.65,1.35,1.65,1.35,1.35,1.65,1.35,static
1,122,1,1.5,2.5,0.2999999999999998,0.2999999999999998,3.141592653589793,1.65,2.65,1.35,2.65,1.35,2.35,1.65,2.35,static
1,122,2,2.5,1.5,0.2999999999999998,0.2999999999999998,3.141592653589793,2.65,1.65,2.35,1.65,2.35,1.35,2.65,1.35,static
1,122,3,2.5,2.5,0.2999999999999998,0.2999999999999998,3.141592653589793,2.65,2.65,2.35,2.65,2.35,2.35,2.65,2.35,static
1,123,0,1.5,1.5,0.2999999999999998,0.2999999999999998,3.141592653589793,1.65,1.65,1.35,1.65,1.35,1.35,1.65,1.35,static
1,123,1,1.5,2.5,0.2999999999999998,0.2999999999999998,3.141592653589793,1.65,2.65,1.35,2.65,1.35,2.35,1.65,2.35,static
1,123,2,2.5,1.5,0.2999999999999998,0.2999999999999998,3.141592653589793,2.65,1.65,2.35,1.65,2.35,1.35,2.65,1.35,static
1,123,3,2.5,2.5,0.2999999999999998,0.2999999999999998,3.141592653589793,2.65,2.65,2.35,2.65,2.35,2.35,2.65,2.35,static
1,124,0,1.5,1.5,0.2999999999999998,0.2999999999999998,3.141592653589793,1.65,1.65,1.35,1.65,1.35,1.35,1.65,1.35,static
1,124,1,1.5,2.5,0.2999999999999998,0.2999999999999998,3.141592653589793,1.65,2.65,1.35,2.65,1.35,2.35,1.65,2.35,static
1,124,2,2.5,1.5,0.2999999999999998,0.2999999999999998,3.141592653589793,2.65,1.65,2.35,1.65,2.35,1.35,2.65,1.35,static
1,124,3,2.5,2.5,0.2999999999999998,0.2999999999999998,3.141592653589793,2.65,2.65,2.35,2.65,2.35,2.35,2.65,2.35,static
1,125,0,1.5,1.5,0.2999999999999998,0.2999999999999998,3.141592653589793,1.65,1.65,1.35,1.65,1.35,1.35,1.65,1.35,static
1,125,1,1.5,2.5,0.2999999999999998,0.2999999999999998,3.141592653589793,1.65,2.65,1.35,2.65,1.35,2.35,1.65,2.35,static
1,125,2,2.5,1.5,0.2999999999999998,0.2999999999999998,3.141592653589793,2.65,1.65,2.35,1.65,2.35,1.35,2.65,1.35,static
1,125,3,2.5,2.5,0.2999999999999998,0.2999999999999998,3.141592653589793,2.65,2.65,2.35,2.65,2.35,2.35,2.65,2.35,static
1,126,0,1.5,1.5,0.2999999999999998,0.2999999999999998,3.141592653589793,1.65,1.65,1.35,1.65,1.35,1.35,1.65,1.35,static
1,126,1,1.5,2.5,0.2999999999999998,0.2999999999999998,3.141592653589793,1.65,2.65,1.35,2.65,1.35,2.35,1.65,2.35,static
1,126,2,2.5,1.5,0.2999999999999998,0.2999999999999998,3.141592653589793,2.65,1.65,2.35,1.65,2.35,1.35,2.65,1.35,static
1,126,3,2.5,2.5,0.2999999999999998,0.2999999999999998,3.141592653589793,2.65,2.65,2.35,2.65,2.35,2.35,2.65,2.35,static
1,127,0,1.5,1.5,0.2999999999999998,0.2999999999999998,3.141592653589793,1.65,1.65,1.35,1.65,1.35,1.35,1.65,1.35,static
1,127,1,1.5,2.5,0.2999999999999998,0.2999999999999998,3.141592653589793,1.65,2.65,1.35,2.65,1.35,2.35,1.65,2.35,static
1,127,2,2.5,1.5,0.2999999999999998,0.2999999999999998,3.141592653589793,2.65,1.65,2.35,1.65,2.35,1.35,2.65,1.35,static
1,127,3,2.5,2.5,0.2999999999999998,0.2999999999999998,3.141592653589793,2.65,2.65,2.35,2.65,2.35,2.35,2.65,2.35,static
1,128,0,1.5,1.5,0.2999999999999998,0.2999999999999998,3.141592653589793,1.65,1.65,1.35,1.65,1.35,1.35,1.65,1.35,static
1,128,1,1.5,2.5,0.2999999999999998,0.2999999999999998,3.141592653589793,1.65,2.65,1.35,2.65,1.35,2.35,1.65,2.35,static
1,128,2,2.5,1.5,0.2999999999999998,0.2999999999999998,3.141592653589793,2.65,1.65,2.35,1.65,2.35,1.35,2.65,1.35,static
1,128,3,2.5,2.5,0.2999999999999998,0.2999999999999998,3.141592653589793,2.65,2.65,2.35,2.65,2.35,2.35,2.65,2.35,static
1,129,0,1.5,1.5,0.2999999999999998,0.2999999999999998,3.141592653589793,1.65,1.65,1.35,1.65,1.35,1.35,1.65,1.35,static
1,129,1,1.5,2.5,0.2999999999999998,0.2999999999999998,3.141592653589793,1.65,2.65,1.35,2.65,1.35,2.35,1.65,2.35,static
1,129,2,2.5,1.5,0.2999999999999998,0.2999999999999998,3.141592653589793,2.65,1.65,2.35,1.65,2.35,1.35,2.65,1.35,static
1,129,3,2.5,2.5,0.2999999999999998,0.2999999999999998,3.141592653589793,2.65,2.65,2.35,2.65,2.35,2.35,2.65,2.35,static
1,130,0,1.5,1.5,0.2999999999999998,0.2999999999999998,3.141592653589793,1.65,1.65,1.35,1.65,1.35,1.35,1.65,1.35,static
1,130,1,1.5,2.5,0.2999999999999998,0.2999999999999998,3.141592653589793,1.65,2.65,1.35,2.65,1.35,2.35,1.65,2.35,static
1,130,2,2.5,1.5,0.2999999999999998,0.2999999999999998,3.141592653589793,2.65,1.65,2.35,1.65,2.35,1.35,2.65,1.35,static
1,130,3,2.5,2.5,0.2999999999999998,0.2999999999999998,3.141592653589793,2.65,2.65,2.35,2.65,2.35,2.35,2.65,2.35,static
1,131,0,1.5,1.5,0.2999999999999998,0.2999999999999998,3.141592653589793,1.65,1.65,1.35,1.65,1.35,1.35,1.65,1.35,static
1,131,1,1.5,2.5,0.2999999999999998,0.2999999999999998,3.141592653589793,1.65,2.65,1.35,2.65,1.35,2.35,1.65,2.35,static
1,131,2,2.5,1.5,0.2999999999999998,0.2999999999999998,3.141592653589793,2.65,1.65,2.35,1.65,2.35,1.35,2.65,1.35,static
1,131,3,2.5,2.5,0.2999999999999998,0.2999999999999998,3.141592653589793,2.65,2.65,2.35,2.65,2.35,2.35,2.65,2.35,static
1,132,0,1.5,1.5,0.2999999999999998,0.2999999999999998,3.141592653589793,1.65,1.65,1.35,1.65,1.35,1.35,1.65,1.35,static
1,132,1,1.5,2.5,0.2999999999999998,0.2999999999999998,3.141592653589793,1.65,2.65,1.35,2.65,1.35,2.35,1.65,2.35,static
1,132,2,2.5,1.5,0.2999999999999998,0.2999999999999998,3.141592653589793,2.65,1.65,2.35,1.65,2.35,1.35,2.65,1.35,static
1,132,3,2.5,2.5,0.2999999999999998,0.2999999999999998,3.141592653589793,2.65,2.65,2.35,2.65,2.35,2.35,2.65,2.35,static
1,133,0,1.5,1.5,0.2999999999999998,0.2999999999999998,3.141592653589793,1.65,1.65,1.35,1.65,1.35,1.35,1.65,1.35,static
1,133,1,1.5,2.5,0.2999999999999998,0.2999999999999998,3.141592653589793,1.65,2.65,1.35,2.65,1.35,2.35,1.65,2.35,static
1,133,2,2.5,1.5,0.2999999999999998,0.2999999999999998,3.141592653589793,2.65,1.65,2.35,1.65,2.35,1.35,2.65,1.35,static
1,133,3,2.5,2.5,0.2999999999999998,0.2999999999999998,3.141592653589793,2.65,2.65,2.35,2.65,2.35,2.35,2.65,2.35,static
1,134,0,1.5,1.5,0.2999999999999998,0.2999999999999998,3.141592653589793,1.65,1.65,1.35,1.65,1.35,1.35,1.65,1.35,static
1,134,1,1.5,2.5,0.2999999999999998,0.2999999999999998,3.141592653589793,1.65,2.65,1.35,2.65,1.35,2.35,1.65,2.35,static
1,134,2,2.5,1.5,0.2999999999999998,0.2999999999999998,3.141592653589793,2.65,1.65,2.35,1.65,2.35,1.35,2.65,1.35,static
1,134,3,2.5,2.5,0.2999999999999998,0.2999999999999998,3.141592653589793,2.65,2.65,2.35,2.65,2.35,2.35,2.65,2.35,static
1,135,0,1.5,1.5,0.2999999999999998,0.2999999999999998,3.141592653589793,1.65,1.65,1.35,1.65,1.35,1.35,1.65,1.35,static
1,135,1,1.5,2.5,0.2999999999999998,0.2999999999999998,3.141592653589793,1.65,2.65,1.35,2.65,1.35,2.35,1.65,2.35,static
1,135,2,2.5,1.5,0.2999999999999998,0.2999999999999998,3.141592653589793,2.65,1.65,2.35,1.65,2.35,1.35,2.65,1.35,static
1,135,3,2.5,2.5,0.2999999999999998,0.2999999999999998,3.141592653589793,2.65,2.65,2.35,2.65,2.35,2.35,2.65,2.35,static
1,136,0,1.5,1.5,0.2999999999999998,0.2999999999999998,3.141592653589793,1.65,1.65,1.35,1.65,1.35,1.35,1.65,1.35,static
1,136,1,1.5,2.5,0.2999999999999998,0.2999999999999998,3.141592653589793,1.65,2.65,1.35,2.65,1.35,2.35,1.65,2.35,static
1,136,2,2.5,1.5,0.2999999999999998,0.2999999999999998,3.141592653589793,2.65,1.65,2.35,1.65,2.35,1.35,2.65,1.35,static
1,136,3,2.5,2.5,0.2999999999999998,0.2999999999999998,3.141592653589793,2.65,2.65,2.35,2.65,2.35,2.35,2.65,2.35,static
1,137,0,1.5,1.5,0.2999999999999998,0.2999999999999998,3.141592653589793,1.65,1.65,1.35,1.65,1.35,1.35,1.65,1.35,static
1,137,1,1.5,2.5,0.2999999999999998,0.2999999999999998,3.141592653589793,1.65,2.65,1.35,2.65,1.35,2.35,1.65,2.35,static
1,137,2,2.5,1.5,0.2999999999999998,0.2999999999999998,3.141592653589793,2.65,1.65,2.35,1.65,2.35,1.35,2.65,1.35,static
1,137,3,2.5,2.5,0.2999999999999998,0.2999999999999998,3.141592653589793,2.65,2.65,2.35,2.65,2.35,2.35,2.65,2.35,static
1,138,0,1.5,1.5,0.2999999999999998,0.2999999999999998,3.141592653589793,1.65,1.65,1.35,1.65,1.35,1.35,1.65,1.35,static
1,138,1,1.5,2.5,0.2999999999999998,0.2999999999999998,3.141592653589793,1.65,2.65,1.35,2.65,1.35,2.35,1.65,2.35,static
1,138,2,2.5,1.5,0.2999999999999998,0.2999999999999998,3.141592653589793,2.65,1.65,2.35,1.65,2.35,1.35,2.65,1.35,static
1,138,3,2.5,2.5,0.2999999999999998,0.2999999999999998,3.141592653589793,2.65,2.65,2.35,2.65,2.35,2.35,2.65,2.35,static
1,139,0,1.5,1.5,0.2999999999999998,0.2999999999999998,3.141592653589793,1.65,1.65,1.35,1.65,1.35,1.35,1.65,1.35,static
1,139,1,1.5,2.5,0.2999999999999998,0.2999999999999998,3.141592653589793,1.65,2.65,1.35,2.65,1.35,2.35,1.65,2.35,static
1,139,2,2.5,1.5,0.2999999999999998,0.2999999999999998,3.141592653589793,2.65,1.65,2.35,1.65,2.35,1.35,2.65,1.35,static
1,139,3,2.5,2.5,0.2999999999999998,0.2999999999999998,3.141592653589793,2.65,2.65,2.35,2.65,2.35,2.35,2.65,2.35,static
1,140,0,1.5,1.5,0.2999999999999998,0.2999999999999998,3.141592653589793,1.65,1.65,1.35,1.65,1.35,1.35,1.65,1.35,static
1,140,1,1.5,2.5,0.2999999999999998,0.2999999999999998,3.141592653589793,1.65,2.65,1.35,2.65,1.35,2.35,1.65,2.35,static
1,140,2,2.5,1.5,0.2999999999999998,0.2999999999999998,3.141592653589793,2.65,1.65,2.35,1.65,2.35,1.35,2.65,1.35,static
1,140,3,2.5,2.5,0.2999999999999998,0.2999999999999998,3.141592653589793,2.65,2.65,2.35,2.65,2.35,2.35,2.65,2.35,static
1,141,0,1.5,1.5,0.2999999999999998,0.2999999999999998,3.141592653589793,1.65,1.65,1.35,1.65,1.35,1.35,1.65,1.35,static
1,141,1,1.5,2.5,0.2999999999999998,0.2999999999999998,3.141592653589793,1.65,2.65,1.35,2.65,1.35,2.35,1.65,2.35,static
1,141,2,2.5,1.5,0.2999999999999998,0.2999999999999998,3.141592653589793,2.65,1.65,2.35,1.65,2.35,1.35,2.65,1.35,static
1,141,3,2.5,2.5,0.2999999999999998,0.2999999999999998,3.141592653589793,2.65,2.65,2.35,2.65,2.35,2.35,2.65,2.35,static
1,142,0,1.5,1.5,0.2999999999999998,0.2999999999999998,3.141592653589793,1.65,1.65,1.35,1.65,1.35,1.35,1.65,1.35,static
1,142,1,1.5,2.5,0.2999999999999998,0.2999999999999998,3.141592653589793,1.65,2.65,1.35,2.65,1.35,2.35,1.65,2.35,static
1,142,2,2.5,1.5,0.2999999999999998,0.2999999999999998,3.141592653589793,2.65,1.65,2.35,1.65,2.35,1.35,2.65,1.35,static
1,142,3,2.5,2.5,0.2999999999999998,0.2999999999999998,3.141592653589793,2.65,2.65,2.35,2.65,2.35,2.35,2.65,2.35,static
1,143,0,1.5,1.5,0.2999999999999998,0.2999999999999998,3.141592653589793,1.65,1.65,1.35,1.65,1.35,1.35,1.65,1.35,static
1,143,1,1.5,2.5,0.2999999999999998,0.2999999999999998,3.141592653589793,1.65,2.65,1.35,2.65,1.35,2.35,1.65,2.35,static
1,143,2,2.5,1.5,0.2999999999999998,0.2999999999999998,3.141592653589793,2.65,1.65,2.35,1.65,2.35,1.35,2.65,1.35,static
1,143,3,2.5,2.5,0.2999999999999998,0.2999999999999998,3.141592653589793,2.65,2.65,2.35,2.65,2.35,2.35,2.65,2.35,static
1,144,0,1.5,1.5,0.2999999999999998,0.2999999999999998,3.141592653589793,1.65,1.65,1.35,1.65,1.35,1.35,1.65,1.35,static
1,144,1,1.5,2.5,0.2999999999999998,0.2999999999999998,3.141592653589793,1.65,2.65,1.35,2.65,1.35,2.35,1.65,2.35,static
1,144,2,2.5,1.5,0.2999999999999998,0.2999999999999998,3.141592653589793,2.65,1.65,2.35,1.65,2.35,1.35,2.65,1.35,static
1,144,3,2.5,2.5,0.2999999999999998,0.2999999999999998,3.141592653589793,2.65,2.65,2.35,2.65,2.35,2.35,2.65,2.35,static
1,145,0,1.5,1.5,0.2999999999999998,0.2999999999999998,3.141592653589793,1.65,1.65,1.35,1.65,1.35,1.35,1.65,1.35,static
1,145,1,1.5,2.5,0.2999999999999998,0.2999999999999998,3.141592653589793,1.65,2.65,1.35,2.65,1.35,2.35,1.65,2.35,static
1,145,2,2.5,1.5,0.2999999999999998,0.2999999999999998,3.141592653589793,2.65,1.65,2.35,1.65,2.35,1.35,2.65,1.35,static
1,145,3,2.5,2.5,0.2999999999999998,0.2999999999999998,3.141592653589793,2.65,2.65,2.35,2.65,2.35,2.35,2.65,2.35,static
1,146,0,1.5,1.5,0.2999999999999998,0.2999999999999998,3.141592653589793,1.65,1.65,1.35,1.65,1.35,1.35,1.65,1.35,static
1,146,1,1.5,2.5,0.2999999999999998,0.2999999999999998,3.141592653589793,1.65,2.65,1.35,2.65,1.35,2.35,1.65,2.35,static
1,146,2,2.5,1.5,0.2999999999999998,0.2999999999999998,3.141592653589793,2.65,1.65,2.35,1.65,2.35,1.35,2.65,1.35,static
1,146,3,2.5,2.5,0.2999999999999998,0.2999999999999998,3.141592653589793,2.65,2.65,2.35,2.65,2.35,2.35,2.65,2.35,static
1,147,0,1.5,1.5,0.2999999999999998,0.2999999999999998,3.141592653589793,1.65,1.65,1.35,1.65,1.35,1.35,1.65,1.35,static
1,147,1,1.5,2.5,0.2999999999999998,0.2999999999999998,3.141592653589793,1.65,2.65,1.35,2.65,1.35,2.35,1.65,2.35,static
1,147,2,2.5,1.5,0.2999999999999998,0.2999999999999998,3.141592653589793,2.65,1.65,2.35,1.65,2.35,1.35,2.65,1.35,static
1,147,3,2.5,2.5,0.2999999999999998,0.2999999999999998,3.141592653589793,2.65,2.65,2.35,2.65,2.35,2.35,2.65,2.35,static
1,148,0,1.5,1.5,0.2999999999999998,0.2999999999999998,3.141592653589793,1.65,1.65,1.35,1.65,1.35,1.35,1.65,1.35,static
1,148,1,1.5,2.5,0.2999999999999998,0.2999999999999998,3.141592653589793,1.65,2.65,1.35,2.65,1.35,2.35,1.65,2.35,static
1,148,2,2.5,1.5,0.2999999999999998,0.2999999999999998,3.141592653589793,2.65,1.65,2.35,1.65,2.35,1.35,2.65,1.35,static
1,148,3,2.5,2.5,0.2999999999999998,0.2999999999999998,3.141592653589793,2.65,2.65,2.35,2.65,2.35,2.35,2.65,2.35,static
1,149,0,1.5,1.5,0.2999999999999998,0.2999999999999998,3.141592653589793,1.65,1.65,1.35,1.65,1.35,1.35,1.65,1.35,static
1,149,1,1.5,2.5,0.2999999999999998,0.2999999999999998,3.141592653589793,1.65,2.65,1.35,2.65,1.35,2.35,1.65,2.35,static
1,149,2,2.5,1.5,0.2999999999999998,0.2999999999999998,3.141592653589793,2.65,1.65,2.35,1.65,2.35,1.35,2.65,1.35,static
1,149,3,2.5,2.5,0.2999999999999998,0.2999999999999998,3.141592653589793,2.65,2.65,2.35,2.65,2.35,2.35,2.65,2.35,static
1,150,0,1.5,1.5,0.2999999999999998,0.2999999999999998,3.141592653589793,1.65,1.65,1.35,1.65,1.35,1.35,1.65,1.35,static
1,150,1,1.5,2.5,0.2999999999999998,0.2999999999999998,3.141592653589793,1.65,2.65,1.35,2.65,1.35,2.35,1.65,2.35,static
1,150,2,2.5,1.5,0.2999999999999998,0.2999999999999998,3.141592653589793,2.65,1.65,2.35,1.65,2.35,1.35,2.65,1.35,static
1,150,3,2.5,2.5,0.2999999999999998,0.2999999999999998,3.141592653589793,2.65,2.65,2.35,2.65,2.35,2.35,2.65,2.35,static
1,151,0,1.5,1.5,0.2999999999999998,0.2999999999999998,3.141592653589793,1.65,1.65,1.35,1.65,1.35,1.35,1.65,1.35,static
1,151,1,1.5,2.5,0.2999999999999998,0.2999999999999998,3.141592653589793,1.65,2.65,1.35,2.65,1.35,2.35,1.65,2.35,static
1,151,2,2.5,1.5,0.2999999999999998,0.2999999999999998,3.141592653589793,2.65,1.65,2.35,1.65,2.35,1.35,2.65,1.35,static
1,151,3,2.5,2.5,0.2999999999999998,0.2999999999999998,3.141592653589793,2.65,2.65,2.35,2.65,2.35,2.35,2.65,2.35,static
1,152,0,1.5,1.5,0.2999999999999998,0.2999999999999998,3.141592653589793,1.65,1.65,1.35,1.65,1.35,1.35,1.65,1.35,static
1,152,1,1.5,2.5,0.2999999999999998,0.2999999999999998,3.141592653589793,1.65,2.65,1.35,2.65,1.35,2.35,1.65,2.35,static
1,152,2,2.5,1.5,0.2999999999999998,0.2999999999999998,3.141592653589793,2.65,1.65,2.35,1.65,2.35,1.35,2.65,1.35,static
1,152,3,2.5,2.5,0.2999999999999998,0.2999999999999998,3.141592653589793,2.65,2.65,2.35,2.65,2.35,2.35,2.65,2.35,static
1,153,0,1.5,1.5,0.2999999999999998,0.2999999999999998,3.141592653589793,1.65,1.65,1.35,1.65,1.35,1.35,1.65,1.35,static
1,153,1,1.5,2.5,0.2999999999999998,0.2999999999999998,3.141592653589793,1.65,2.65,1.35,2.65,1.35,2.35,1.65,2.35,static
1,153,2,2.5,1.5,0.2999999999999998,0.2999999999999998,3.141592653589793,2.65,1.65,2.35,1.65,2.35,1.35,2.65,1.35,static
1,153,3,2.5,2.5,0.2999999999999998,0.2999999999999998,3.141592653589793,2.65,2.65,2.35,2.65,2.35,2.35,2.65,2.35,static
1,154,0,1.5,1.5,0.2999999999999998,0.2999999999999998,3.141592653589793,1.65,1.65,1.35,1.65,1.35,1.35,1.65,1.35,static
1,154,1,1.5,2.5,0.2999999999999998,0.2999999999999998,3.141592653589793,1.65,2.65,1.35,2.65,1.35,2.35,1.65,2.35,static
1,154,2,2.5,1.5,0.2999999999999998,0.2999999999999998,3.141592653589793,2.65,1.65,2.35,1.65,2.35,1.35,2.65,1.35,static
1,154,3,2.5,2.5,0.2999999999999998,0.2999999999999998,3.141592653589793,2.65,2.65,2.35,2.65,2.35,2.35,2.65,2.35,static
1,155,0,1.5,1.5,0.2999999999999998,0.2999999999999998,3.141592653589793,1.65,1.65,1.35,1.65,1.35,1.35,1.65,1.35,static
1,155,1,1.5,2.5,0.2999999999999998,0.2999999999999998,3.141592653589793,1.65,2.65,1.35,2.65,1.35,2.35,1.65,2.35,static
1,155,2,2.5,1.5,0.2999999999999998,0.2999999999999998,3.141592653589793,2.65,1.65,2.35,1.65,2.35,1.35,2.65,1.35,static
1,155,3,2.5,2.5,0.2999999999999998,0.2999999999999998,3.141592653589793,2.65,2.65,2.35,2.65,2.35,2.35,2.65,2.35,static
1,156,0,1.5,1.5,0.2999999999999998,0.2999999999999998,3.141592653589793,1.65,1.65,1.35,1.65,1.35,1.35,1.65,1.35,static
1,156,1,1.5,2.5,0.2999999999999998,0.2999999999999998,3.141592653589793,1.65,2.65,1.35,2.65,1.35,2.35,1.65,2.35,static
1,156,2,2.5,1.5,0.2999999999999998,0.2999999999999998,3.141592653589793,2.65,1.65,2.35,1.65,2.35,1.35,2.65,1.35,static
1,156,3,2.5,2.5,0.2999999999999998,0.2999999999999998,3.141592653589793,2.65,2.65,2.35,2.65,2.35,2.35,2.65,2.35,static
1,157,0,1.5,1.5,0.2999999999999998,0.2999999999999998,3.141592653589793,1.65,1.65,1.35,1.65,1.35,1.35,1.65,1.35,static
1,157,1,1.5,2.5,0.2999999999999998,0.2999999999999998,3.141592653589793,1.65,2.65,1.35,2.65,1.35,2.35,1.65,2.35,static
1,157,2,2.5,1.5,0.2999999999999998,0.2999999999999998,3.141592653589793,2.65,1.65,2.35,1.65,2.35,1.35,2.65,1.35,static
1,157,3,2.5,2.5,0.2999999999999998,0.2999999999999998,3.141592653589793,2.65,2.65,2.35,2.65,2.35,2.35,2.65,2.35,static
1,158,0,1.5,1.5,0.2999999999999998,0.2999999999999998,3.141592653589793,1.65,1.65,1.35,1.65,1.35,1.35,1.65,1.35,static
1,158,1,1.5,2.5,0.2999999999999998,0.2999999999999998,3.141592653589793,1.65,2.65,1.35,2.65,1.35,2.35,1.65,2.35,static
1,158,2,2.5,1.5,0.2999999999999998,0.2999999999999998,3.141592653589793,2.65,1.65,2.35,1.65,2.35,1.35,2.65,1.35,static
1,158,3,2.5,2.5,0.2999999999999998,0.2999999999999998,3.141592653589793,2.65,2.65,2.35,2.65,2.35,2.35,2.65,2.35,static
1,159,0,1.5,1.5,0.2999999999999998,0.2999999999999998,3.141592653589793,1.65,1.65,1.35,1.65,1.35,1.35,1.65,1.35,static
1,159,1,1.5,2.5,0.2999999999999998,0.2999999999999998,3.141592653589793,1.65,2.65,1.35,2.65,1.35,2.35,1.65,2.35,static
1,159,2,2.5,1.5,0.2999999999999998,0.2999999999999998,3.141592653589793,2.65,1.65,2.35,1.65,2.35,1.35,2.65,1.35,static
1,159,3,2.5,2.5,0.2999999999999998,0.2999999999999998,3.141592653589793,2.65,2.65,2.35,2.65,2.35,2.35,2.65,2.35,static
1,160,0,1.5,1.5,0.2999999999999998,0.2999999999999998,3.141592653589793,1.65,1.65,1.35,1.65,1.35,1.35,1.65,1.35,static
1,160,1,1.5,2.5,0.2999999999999998,0.2999999999999998,3.141592653589793,1.65,2.65,1.35,2.65,1.35,2.35,1.65,2.35,static
1,160,2,2.5,1.5,0.2999999999999998,0.2999999999999998,3.141592653589793,2.65,1.65,2.35,1.65,2.35,1.35,2.65,1.35,static
1,160,3,2.5,2.5,0.2999999999999998,0.2999999999999998,3.141592653589793,2.65,2.65,2.35,2.65,2.35,2.35,2.65,2.35,static
1,161,0,1.5,1.5,0.2999999999999998,0.2999999999999998,3.141592653589793,1.65,1.65,1.35,1.65,1.35,1.35,1.65,1.35,static
1,161,1,1.5,2.5,0.2999999999999998,0.2999999999999998,3.141592653589793,1.65,2.65,1.35,2.65,1.35,2.35,1.65,2.35,static
1,161,2,2.5,1.5,0.2999999999999998,0.2999999999999998,3.141592653589793,2.65,1.65,2.35,1.65,2.35,1.35,2.65,1.35,static
1,161,3,2.5,2.5,0.2999999999999998,0.2999999999999998,3.141592653589793,2.65,2.65,2.35,2.65,2.35,2.35,2.65,2.35,static
1,162,0,1.5,1.5,0.2999999999999998,0.2999999999999998,3.141592653589793,1.65,1.65,1.35,1.65,1.35,1.35,1.65,1.35,static
1,162,1,1.5,2.5,0.2999999999999998,0.2999999999999998,3.141592653589793,1.65,2.65,1.35,2.65,1.35,2.35,1.65,2.35,static
1,162,2,2.5,1.5,0.2999999999999998,0.2999999999999998,3.141592653589793,2.65,1.65,2.35,1.65,2.35,1.35,2.65,1.35,static
1,162,3,2.5,2.5,0.2999999999999998,0.2999999999999998,3.141592653589793,2.65,2.65,2.35,2.65,2.35,2.35,2.65,2.35,static
1,163,0,1.5,1.5,0.2999999999999998,0.2999999999999998,3.141592653589793,1.65,1.65,1.35,1.65,1.35,1.35,1.65,1.35,static
1,163,1,1.5,2.5,0.2999999999999998,0.2999999999999998,3.141592653589793,1.65,2.65,1.35,2.65,1.35,2.35,1.65,2.35,static
1,163,2,2.5,1.5,0.2999999999999998,0.2999999999999998,3.141592653589793,2.65,1.65,2.35,1.65,2.35,1.35,2.65,1.35,static
1,163,3,2.5,2.5,0.2999999999999998,0.2999999999999998,3.141592653589793,2.65,2.65,2.35,2.65,2.35,2.35,2.65,2.35,static
1,164,0,1.5,1.5,0.2999999999999998,0.2999999999999998,3.141592653589793,1.65,1.65,1.35,1.65,1.35,1.35,1.65,1.35,static
1,164,1,1.5,2.5,0.2999999999999998,0.2999999999999998,3.141592653589793,1.65,2.65,1.35,2.65,1.35,2.35,1.65,2.35,static
1,164,2,2.5,1.5,0.2999999999999998,0.2999999999999998,3.141592653589793,2.65,1.65,2.35,1.65,2.35,1.35,2.65,1.35,static
1,164,3,2.5,2.5,0.2999999999999998,0.2999999999999998,3.141592653589793,2.65,2.65,2.35,2.65,2.35,2.35,2.65,2.35,static
1,165,0,1.5,1.5,0.2999999999999998,0.2999999999999998,3.141592653589793,1.65,1.65,1.35,1.65,1.35,1.35,1.65,1.35,static
1,165,1,1.5,2.5,0.2999999999999998,0.2999999999999998,3.141592653589793,1.65,2.65,1.35,2.65,1.35,2.35,1.65,2.35,static
1,165,2,2.5,1.5,0.2999999999999998,0.2999999999999998,3.141592653589793,2.65,1.65,2.35,1.65,2.35,1.35,2.65,1.35,static
1,165,3,2.5,2.5,0.2999999999999998,0.2999999999999998,3.141592653589793,2.65,2.65,2.35,2.65,2.35,2.35,2.65,2.35,static
1,166,0,1.5,1.5,0.2999999999999998,0.2999999999999998,3.141592653589793,1.65,1.65,1.35,1.65,1.35,1.35,1.65,1.35,static
1,166,1,1.5,2.5,0.2999999999999998,0.2999999999999998,3.141592653589793,1.65,2.65,1.35,2.65,1.35,2.35,1.65,2.35,static
1,166,2,2.5,1.5,0.2999999999999998,0.2999999999999998,3.141592653589793,2.65,1.65,2.35,1.65,2.35,1.35,2.65,1.35,static
1,166,3,2.5,2.5,0.2999999999999998,0.2999999999999998,3.141592653589793,2.65,2.65,2.35,2.65,2.35,2.35,2.65,2.35,static
1,167,0,1.5,1.5,0.2999999999999998,0.2999999999999998,3.141592653589793,1.65,1.65,1.35,1.65,1.35,1.35,1.65,1.35,static
1,167,1,1.5,2.5,0.2999999999999998,0.2999999999999998,3.141592653589793,1.65,2.65,1.35,2.65,1.35,2.35,1.65,2.35,static
1,167,2,2.5,1.5,0.2999999999999998,0.2999999999999998,3.141592653589793,2.65,1.65,2.35,1.65,2.35,1.35,2.65,1.35,static
1,167,3,2.5,2.5,0.2999999999999998,0.2999999999999998,3.141592653589793,2.65,2.65,2.35,2.65,2.35,2.35,2.65,2.35,static
1,168,0,1.5,1.5,0.2999999999999998,0.2999999999999998,3.141592653589793,1.65,1.65,1.35,1.65,1.35,1.35,1.65,1.35,static
1,168,1,1.5,2.5,0.2999999999999998,0.2999999999999998,3.141592653589793,1.65,2.65,1.35,2.65,1.35,2.35,1.65,2.35,static
1,168,2,2.5,1.5,0.2999999999999998,0.2999999999999998,3.141592653589793,2.65,1.65,2.35,1.65,2.35,1.35,2.65,1.35,static
1,168,3,2.5,2.5,0.2999999999999998,0.2999999999999998,3.141592653589793,2.65,2.65,2.35,2.65,2.35,2.35,2.65,2.35,static
1,169,0,1.5,1.5,0.2999999999999998,0.2999999999999998,3.141592653589793,1.65,1.65,1.35,1.65,1.35,1.35,1.65,1.35,static
1,169,1,1.5,2.5,0.2999999999999998,0.2999999999999998,3.141592653589793,1.65,2.65,1.35,2.65,1.35,2.35,1.65,2.35,static
1,169,2,2.5,1.5,0.2999999999999998,0.2999999999999998,3.141592653589793,2.65,1.65,2.35,1.65,2.35,1.35,2.65,1.35,static
1,169,3,2.5,2.5,0.2999999999999998,0.2999999999999998,3.141592653589793,2.65,2.65,2.35,2.65,2.35,2.35,2.65,2.35,static
1,170,0,1.5,1.5,0.2999999999999998,0.2999999999999998,3.141592653589793,1.65,1.65,1.35,1.65,1.35,1.35,1.65,1.35,static
1,170,1,1.5,2.5,0.2999999999999998,0.2999999999999998,3.141592653589793,1.65,2.65,1.35,2.65,1.35,2.35,1.65,2.35,static
1,170,2,2.5,1.5,0.2999999999999998,0.2999999999999998,3.141592653589793,2.65,1.65,2.35,1.65,2.35,1.35,2.65,1.35,static
1,170,3,2.5,2.5,0.2999999999999998,0.2999999999999998,3.141592653589793,2.65,2.65,2.35,2.65,2.35,2.35,2.65,2.35,static
1,171,0,1.5,1.5,0.2999999999999998,0.2999999999999998,3.141592653589793,1.65,1.65,1.35,1.65,1.35,1.35,1.65,1.35,static
1,171,1,1.5,2.5,0.2999999999999998,0.2999999999999998,3.141592653589793,1.65,2.65,1.35,2.65,1.35,2.35,1.65,2.35,static
1,171,2,2.5,1.5,0.2999999999999998,0.2999999999999998,3.141592653589793,2.65,1.65,2.35,1.65,2.35,1.35,2.65,1.35,static
1,171,3,2.5,2.5,0.2999999999999998,0.2999999999999998,3.141592653589793,2.65,2.65,2.35,2.65,2.35,2.35,2.65,2.35,static
1,172,0,1.5,1.5,0.2999999999999998,0.2999999999999998,3.141592653589793,1.65,1.65,1.35,1.65,1.35,1.35,1.65,1.35,static
1,172,1,1.5,2.5,0.2999999999999998,0.2999999999999998,3.141592653589793,1.65,2.65,1.35,2.65,1.35,2.35,1.65,2.35,static
1,172,2,2.5,1.5,0.2999999999999998,0.2999999999999998,3.141592653589793,2.65,1.65,2.35,1.65,2.35,1.35,2.65,1.35,static
1,172,3,2.5,2.5,0.2999999999999998,0.2999999999999998,3.141592653589793,2.65,2.65,2.35,2.65,2.35,2.35,2.65,2.35,static
1,173,0,1.5,1.5,0.2999999999999998,0.2999999999999998,3.141592653589793,1.65,1.65,1.35,1.65,1.35,1.35,1.65,1.35,static
1,173,1,1.5,2.5,0.2999999999999998,0.2999999999999998,3.141592653589793,1.65,2.65,1.35,2.65,1.35,2.35,1.65,2.35,static
1,173,2,2.5,1.5,0.2999999999999998,0.2999999999999998,3.141592653589793,2.65,1.65,2.35,1.65,2.35,1.35,2.65,1.35,static
1,173,3,2.5,2.5,0.2999999999999998,0.2999999999999998,3.141592653589793,2.65,2.65,2.35,2.65,2.35,2.35,2.65,2.35,static
1,174,0,1.5,1.5,0.2999999999999998,0.2999999999999998,3.141592653589793,1.65,1.65,1.35,1.65,1.35,1.35,1.65,1.35,static
1,174,1,1.5,2.5,0.2999999999999998,0.2999999999999998,3.141592653589793,1.65,2.65,1.35,2.65,1.35,2.35,1.65,2.35,static
1,174,2,2.5,1.5,0.2999999999999998,0.2999999999999998,3.141592653589793,2.65,1.65,2.35,1.65,2.35,1.35,2.65,1.35,static
1,174,3,2.5,2.5,0.2999999999999998,0.2999999999999998,3.141592653589793,2.65,2.65,2.35,2.65,2.35,2.35,2.65,2.35,static
